CustomerID,Age,Months as a Customer,Number of Products,Average Balance Feed Index,Personal Debt to Equity Ratio,Has Bad Payment Record,Marital Status,Age Youngest Child,Number of Workers in Household,Income,Payed the Personal Loan
75194349,32,36,3,229,40,0,S,11,6,39498,F
72284570,61,48,2,8,47,0,M,13,13,68600,F
71272069,35,36,0,0,35,0,U,1,9,38791,T
70830077,59,0,0,0,45,0,U,15,7,82831,F
72658495,32,48,0,0,13,0,S,0,7,38097,T
75837519,51,48,2,119,45,0,S,14,10,47127,F
70278834,40,36,0,0,40,0,U,7,10,38218,T
73589493,33,36,0,0,36,0,S,7,4,36741,F
74620569,68,24,0,0,73,0,S,44,12,34458,F
73608781,33,36,2,120,33,0,S,2,12,37474,T
74266667,64,36,0,0,64,0,S,31,14,34560,F
71555049,57,24,2,219,43,0,M,14,12,69490,F
75983017,29,48,0,0,37,0,U,10,16,36830,F
73643759,30,36,4,279,35,0,U,6,14,37672,F
70548089,59,36,3,84,59,0,M,29,10,23494,F
72387385,31,36,2,139,15,0,S,0,7,38882,T
75586515,52,48,0,0,52,0,M,21,11,31873,F
73346515,48,48,2,120,41,0,S,7,4,44750,F
74156092,78,0,0,0,78,0,U,49,7,25259,F
72426106,29,36,0,0,37,0,U,6,14,36951,F
72405819,66,36,13,520,72,0,M,42,13,30741,F
70759546,57,36,5,229,48,0,U,23,12,71966,F
70070946,62,0,0,0,71,0,M,44,14,32245,F
72036324,60,0,0,0,49,0,S,22,10,71831,F
70211953,52,36,4,699,52,0,M,22,8,33489,F
75031735,32,12,0,0,20,0,S,0,7,38319,T
74243578,42,0,0,0,42,0,U,10,10,49045,T
74435453,30,48,2,154,28,0,S,0,10,39618,F
70310484,30,36,0,0,28,0,S,0,14,36763,F
73408123,59,36,0,0,41,0,M,13,7,82231,F
72051047,27,0,0,0,28,0,S,0,18,37440,F
72495651,60,36,0,0,49,0,M,18,14,45868,F
75885600,43,48,3,100,43,0,S,15,9,42356,T
73535098,59,48,0,0,44,0,M,13,7,51527,F
75456268,32,48,0,0,40,0,M,10,8,38551,F
72858388,45,48,0,0,43,0,S,12,10,73024,F
70357239,67,12,0,0,71,0,S,40,10,33928,F
75988381,27,0,0,0,32,0,M,1,8,39083,F
74181912,62,36,4,254,69,0,M,41,4,32581,F
70403133,29,48,4,129,34,0,S,4,14,37896,F
73798066,33,36,0,0,38,0,S,10,11,39656,F
72346620,33,48,1,150,33,0,M,2,12,39238,T
75227571,28,48,4,148,39,0,S,13,11,37638,F
70624359,56,36,2,0,50,0,S,20,14,77648,F
70904731,32,36,3,200,37,0,M,4,8,38730,F
72593238,47,48,4,169,44,0,U,19,13,53877,F
74735305,62,24,0,0,66,0,U,36,20,32696,F
71200847,26,36,2,299,33,0,M,1,10,39231,F
71071400,56,36,0,0,65,0,S,30,8,37103,F
70727970,31,36,0,0,40,0,S,8,9,39125,F
74476290,62,36,2,249,46,0,M,15,11,67116,F
75225140,62,36,0,0,64,0,S,30,8,30789,F
72936496,58,24,0,0,58,0,M,28,9,21304,F
71407813,56,36,0,0,41,0,U,14,8,78620,F
71389236,36,36,0,0,36,0,U,8,13,37152,T
72975296,59,36,4,109,44,0,M,13,8,42888,F
71100587,31,0,0,0,31,0,S,2,14,39436,F
70927691,62,0,2,0,49,0,M,20,7,52447,F
71668996,33,48,0,0,18,0,S,0,4,38119,F
72539337,28,0,0,0,33,0,U,5,13,37418,F
75420039,65,36,2,148,48,0,U,19,12,72487,F
74689063,57,48,2,13,64,0,U,35,9,39429,F
73680196,30,48,0,0,25,0,S,0,16,39521,F
73348189,31,0,0,0,40,0,S,9,22,37586,F
71002567,40,48,0,0,40,0,S,10,11,36925,T
75352570,52,36,0,0,52,0,M,21,14,32818,F
75875350,37,48,0,0,13,0,S,0,16,37438,T
74384865,29,0,0,0,39,0,M,13,7,38340,F
70282391,31,36,0,0,29,0,S,0,10,39396,F
70624608,59,36,0,0,59,0,S,32,11,21082,F
72818718,29,48,0,0,40,0,S,13,11,37762,F
71681494,57,48,2,349,57,0,U,31,8,25128,F
70774317,26,36,0,0,28,0,S,0,13,39755,F
74142665,54,36,4,362,54,0,S,26,8,34001,F
74699024,45,48,4,249,43,0,M,13,10,72055,F
70964611,55,0,0,0,64,0,M,36,14,42939,F
70460872,56,0,0,0,63,0,U,34,11,44333,F
72553228,33,36,3,124,36,0,M,4,15,36772,F
70082653,28,0,0,0,35,0,S,5,7,38786,F
75659921,55,36,0,0,50,0,U,19,12,40300,F
73017665,54,0,0,0,54,0,S,28,16,33916,F
70891890,52,12,0,0,52,0,U,21,9,33499,F
70721893,30,36,7,506,27,0,S,0,15,11663,F
72367741,62,36,0,0,49,0,U,18,9,47206,F
72819292,39,36,1,179,39,0,S,10,14,36559,T
75080949,60,48,6,248,60,0,M,29,14,25570,F
74258618,29,0,1,0,24,0,S,0,7,39255,F
71411773,60,12,0,0,62,0,U,33,11,52907,F
71482015,28,48,0,0,32,0,S,1,16,39367,F
75583712,27,48,0,0,34,0,S,5,9,37922,F
71485085,33,48,0,0,38,0,M,6,9,36947,F
70632052,30,36,0,0,24,0,S,0,4,36405,F
71960098,35,36,0,0,35,0,M,3,14,38970,T
74005648,56,48,4,97,48,0,U,20,11,61276,F
73446095,26,48,0,0,35,0,M,4,9,38849,F
74618819,50,48,0,0,44,0,U,17,6,63441,F
73572081,45,36,0,0,49,0,M,18,11,63162,T
70367636,31,0,0,0,19,0,S,0,14,36531,F
73587732,51,48,0,0,51,0,M,24,11,32078,F
70432853,26,48,0,0,35,0,S,5,9,37479,F
75373044,33,48,0,0,18,0,S,0,4,39928,F
71662981,55,48,0,0,23,0,S,0,10,53906,F
72478466,56,36,0,0,49,0,U,17,14,66367,F
72737614,55,36,0,0,55,0,M,25,8,34703,F
73503106,68,48,4,238,62,0,S,35,10,34060,F
74750086,62,12,2,0,61,0,M,28,12,33598,F
72487776,41,48,0,0,41,0,U,16,8,80113,T
73536098,60,24,4,106,61,0,M,29,14,59812,F
75727437,54,36,2,0,54,0,S,22,11,33864,F
70907685,52,0,0,0,52,0,M,20,8,30020,F
73200570,65,36,0,0,65,0,U,38,13,33376,F
70356749,30,48,0,0,31,0,U,1,13,37486,F
70295413,55,0,0,0,60,0,M,31,13,58481,F
72090597,75,36,0,0,75,0,M,47,9,25982,F
75732458,31,48,0,0,32,0,U,1,13,38866,F
73452409,27,48,2,355,32,0,M,3,10,39593,F
74787858,57,12,2,67,60,0,U,30,12,42810,F
71260181,55,24,14,378,43,0,S,15,9,76769,F
75754293,56,48,3,109,41,0,S,13,7,55885,F
74930618,30,36,2,443,32,0,M,2,11,38930,F
72992163,47,36,4,59,20,0,S,0,7,49881,F
74878562,27,48,0,0,34,0,M,5,10,38033,F
75395844,64,36,0,0,64,0,U,33,11,34589,F
75065840,61,36,2,120,49,0,S,18,16,41130,F
73493929,50,36,1,104,23,0,S,0,15,54215,F
75912017,31,36,4,91,16,0,S,0,7,25231,F
71786255,59,24,0,0,60,0,U,30,10,46625,F
75812233,69,36,6,137,69,0,M,40,12,34123,F
72049695,31,36,2,4,35,0,U,3,9,39855,F
70813142,44,36,0,0,41,0,U,12,13,45653,F
75768626,55,36,0,0,59,0,U,27,12,67017,F
73139689,52,36,2,69,43,0,M,15,9,65380,F
72456550,29,36,0,0,36,0,M,9,15,39672,F
75102668,31,48,3,69,35,0,S,8,9,37894,F
71662447,33,36,0,0,39,0,S,12,7,38680,F
73196374,28,48,0,0,82,0,U,53,10,68915,F
75671972,29,48,0,0,11,0,S,0,7,38336,F
74453679,40,0,1,0,50,0,U,17,6,66329,T
71647881,62,36,3,122,43,0,U,17,10,82004,F
73523641,51,36,0,0,51,0,M,18,14,30153,F
74139056,56,36,2,42,49,0,M,18,10,56579,F
72150725,58,36,5,185,46,0,M,15,7,71467,F
75028531,32,48,0,0,40,0,S,13,11,37240,F
71345881,29,36,4,338,29,0,S,0,4,38882,F
75681364,33,0,0,0,38,0,M,9,7,39352,F
74322886,29,0,0,0,38,0,M,9,14,39684,F
73404327,41,36,2,169,50,0,M,18,17,47192,T
72468893,26,36,0,0,23,0,S,0,10,36554,F
73132687,62,12,4,142,29,0,S,0,7,79103,F
74745778,51,36,0,0,51,0,U,19,7,31090,F
74088629,45,36,0,0,48,0,U,18,9,79665,T
70556686,56,36,0,0,42,0,S,12,10,44774,F
74007328,56,36,2,599,56,0,U,25,22,20465,F
72218926,54,0,0,0,44,0,S,16,9,82013,F
73519798,59,48,3,208,23,0,S,0,14,73485,F
70546679,54,48,0,0,47,0,M,17,16,78686,F
71918539,64,36,5,368,42,0,M,14,12,49248,F
73963724,60,36,0,0,42,0,S,17,12,38295,F
71082847,45,36,0,0,49,0,M,21,8,76856,T
70112859,33,36,0,0,39,0,M,8,9,39660,F
73433563,29,12,0,0,58,0,S,31,11,42991,F
75658360,51,36,0,0,51,0,S,18,16,30491,F
74183626,54,0,0,0,49,0,M,18,14,62962,F
72036546,62,48,0,0,49,0,M,20,7,47448,F
70095146,32,36,0,0,36,0,S,7,13,37711,F
72916692,31,36,0,0,30,0,M,3,7,39513,F
71268563,28,0,1,0,38,0,U,14,9,38812,F
73880571,27,36,2,399,33,0,M,7,8,36986,F
71042321,31,36,0,0,31,0,S,0,14,38873,F
74280975,29,48,0,0,40,0,U,14,11,37026,F
74046468,27,36,0,0,23,0,S,0,6,37142,F
71686428,59,36,0,0,50,0,S,20,17,45600,F
72740951,32,36,0,0,40,0,M,13,9,38387,F
73100945,53,36,0,0,53,0,M,26,12,32174,F
74305774,59,24,2,129,47,0,S,15,12,50958,F
73795775,36,48,0,0,36,0,M,7,6,39283,T
74235533,51,36,2,109,51,0,U,26,12,30512,F
71873972,29,0,1,0,34,0,M,2,9,36433,F
71127130,30,48,2,49,30,0,S,0,4,37468,F
74198076,64,36,0,0,64,0,M,35,9,31231,F
72408548,62,36,0,0,62,0,M,35,11,30430,F
74800336,28,48,0,0,38,0,U,7,10,36638,F
71055066,41,36,0,0,21,0,S,0,15,17784,T
75216004,58,48,3,219,58,0,U,28,9,25077,F
74829602,54,36,3,174,54,0,M,27,13,32724,F
70720148,45,36,0,0,45,0,M,16,12,72530,T
74080568,46,12,0,0,58,0,S,26,12,45906,F
73595627,34,36,0,0,34,0,M,5,6,38752,T
75342909,50,0,0,0,41,0,U,11,13,63609,F
75701905,45,48,3,150,45,0,S,19,16,56069,T
75827698,47,48,1,89,45,0,S,9,8,57689,F
70814453,32,48,4,284,37,0,U,6,14,37630,F
70061759,59,24,0,0,59,0,U,28,14,24340,F
75692362,61,36,1,349,47,0,S,16,14,76585,F
70800591,32,48,0,0,36,0,S,7,13,39397,F
75197208,32,36,4,551,27,0,S,0,7,38011,F
73007281,47,0,0,0,51,0,S,23,7,32145,T
70918270,56,36,3,193,56,0,U,25,9,22177,F
75599968,30,36,0,0,40,0,M,9,15,37422,F
73358292,30,48,0,0,35,0,M,5,5,37160,F
71006129,57,0,1,0,42,0,U,14,11,54875,F
70015516,53,48,0,0,17,0,S,0,16,78988,F
71352532,52,12,0,0,57,0,U,29,10,42949,F
73369274,29,36,2,199,37,0,S,7,4,37325,F
70949342,30,12,0,0,57,0,S,31,14,61260,F
74819107,48,36,0,0,41,0,U,18,6,76971,F
71503037,59,48,0,0,49,0,U,18,3,55932,F
71056709,29,36,0,0,38,0,U,15,7,37063,F
70276290,55,48,0,0,57,0,S,30,8,27330,F
74517051,33,36,4,64,14,0,S,0,15,38209,F
72931951,60,24,0,0,42,0,U,12,8,52154,F
73116135,57,0,8,0,49,0,M,21,16,63884,F
74345441,57,36,0,0,46,0,U,15,7,58046,F
75190954,57,0,0,0,56,0,S,27,6,38212,F
72552753,33,36,0,0,28,0,S,0,15,37157,F
70392858,59,24,0,0,56,0,S,26,8,33597,F
71834724,64,48,0,0,48,0,S,19,17,57051,F
72264432,26,48,0,0,31,0,S,0,14,36986,F
74120980,54,36,4,299,18,0,S,0,14,58174,F
73090723,50,36,0,0,42,0,U,14,15,62982,F
72651197,51,48,0,0,45,0,M,15,15,58269,F
72223494,27,36,0,0,33,0,M,2,8,39052,F
73799589,26,0,0,0,27,0,S,0,7,38374,F
73860226,27,48,0,0,20,0,S,0,7,39018,F
74453162,39,36,0,0,26,0,S,0,7,39656,T
74768286,71,0,0,0,71,0,U,41,10,25340,F
75715429,55,12,1,100,56,0,S,26,8,33597,F
74296564,47,36,2,120,44,0,M,16,5,82978,F
71534053,65,24,1,140,56,0,M,28,7,44461,F
72483652,28,36,1,299,55,0,U,29,11,48428,F
75877536,56,48,3,297,56,0,M,24,10,26010,F
72243531,49,0,0,0,41,0,U,11,15,51929,F
71058117,30,36,4,164,34,0,U,4,9,37558,F
74843155,30,36,0,0,40,0,U,9,13,39210,F
73525010,27,36,2,249,30,0,S,0,7,38669,F
74024975,29,0,3,0,34,0,S,7,13,38058,F
72121750,33,48,0,0,37,0,S,6,8,39107,F
70531624,31,36,2,20,32,0,M,4,9,39572,F
75041860,32,48,0,0,36,0,M,7,8,36997,F
75519473,59,0,0,0,59,0,M,29,10,21782,F
71983366,59,48,0,0,46,0,S,17,10,56119,F
71846174,29,48,1,0,39,0,U,5,19,36683,F
71677959,38,48,3,69,38,0,S,8,10,38841,T
71520272,29,48,1,150,27,0,S,0,15,36461,F
75375915,30,12,0,0,55,0,S,28,13,54213,F
75847857,29,36,2,40,36,0,M,5,6,36468,F
74752100,32,48,0,0,39,0,M,11,15,38451,F
72686101,28,36,1,89,29,0,S,3,18,37068,F
71290800,30,36,0,0,30,0,S,0,7,38714,F
74478204,57,48,0,0,46,0,U,16,7,50004,F
73611740,33,36,0,0,38,0,M,10,6,39801,F
74480315,31,0,0,0,34,0,U,4,10,39448,F
70606370,67,48,2,304,67,0,S,37,9,31841,F
75781800,43,36,2,179,49,0,M,22,9,78183,T
74111026,33,48,0,0,36,0,U,6,9,36970,F
73172260,30,36,4,94,34,0,S,4,7,38108,F
74425627,32,12,0,0,55,0,S,30,8,37103,F
70069779,58,36,0,0,45,0,U,13,12,69317,F
71331338,58,0,0,0,43,0,S,10,7,55414,F
74394688,54,48,0,0,49,0,M,17,12,73619,F
75765569,29,36,0,0,40,0,S,9,14,38811,F
70429903,56,48,0,0,46,0,U,14,6,76505,F
73723259,28,36,0,0,54,0,M,29,13,43808,F
71552521,33,36,0,0,22,0,S,0,14,37350,F
71713809,34,36,0,0,34,0,S,6,11,39160,T
72162744,40,36,0,0,48,0,U,21,12,76410,T
70916077,32,48,0,0,38,0,U,5,12,39509,F
71631601,60,36,4,159,49,0,M,17,10,41073,F
73197405,31,36,0,0,33,0,M,1,13,37251,F
72678927,28,36,0,0,26,0,S,0,15,38321,F
72409492,32,12,0,0,52,0,S,23,14,51342,F
74929801,31,36,2,59,34,0,M,5,18,39257,F
73738421,30,0,0,0,37,0,U,7,10,39176,F
71360839,32,36,0,0,51,0,M,20,7,34495,F
73693996,44,48,55,656,44,0,U,18,12,70514,T
75928358,61,36,1,120,50,0,S,22,15,47187,F
73554474,28,0,0,0,35,0,U,7,10,39517,F
73666916,53,48,0,0,53,0,U,27,10,32346,F
75054304,34,48,2,89,29,0,S,0,4,39940,T
74746340,44,36,0,0,44,0,M,14,12,82519,T
71603903,28,0,0,0,28,0,M,2,9,38796,F
70658326,29,36,0,0,39,0,U,11,13,37128,F
70138088,61,36,0,0,42,0,S,14,15,59531,F
70489959,30,36,0,0,39,0,M,6,12,39482,F
71391995,31,36,3,299,33,0,S,2,14,38800,F
73211503,26,48,4,74,33,0,U,2,9,37158,F
72021046,45,36,3,299,45,0,S,17,15,82680,T
74182306,42,48,0,0,49,0,U,21,6,44782,T
75694383,46,36,0,0,43,0,M,15,15,79315,F
70100996,32,36,5,65,32,0,M,3,11,39784,T
70080787,56,48,0,0,48,0,U,15,7,59492,F
72803618,62,36,2,219,42,0,S,14,12,57108,F
71937637,33,36,0,0,39,0,S,9,14,37682,F
70509200,27,36,0,0,23,0,S,0,10,38824,F
73545959,30,36,0,0,39,0,M,9,7,37513,F
72983061,59,36,0,0,44,0,U,16,5,52010,F
73982540,47,48,0,0,42,0,U,12,8,57162,F
71260957,32,48,2,89,40,0,S,12,10,36570,F
72504481,58,36,0,0,45,0,M,13,10,82993,F
74081025,28,48,7,847,32,0,M,3,11,36673,F
73158445,28,0,1,0,51,0,M,26,7,40437,F
70886363,51,36,0,0,51,0,S,21,13,31357,F
73889866,30,36,3,438,50,0,S,23,11,25785,F
71761245,30,36,4,19,23,0,S,0,9,37650,F
70980513,58,36,2,179,26,0,S,0,7,53410,F
74147220,63,36,0,0,63,0,U,31,8,33797,F
72848972,32,48,6,178,36,0,S,8,6,36803,F
71441829,29,36,0,0,36,0,M,9,13,38239,F
74703201,28,48,0,0,36,0,S,8,9,37270,F
73670448,30,36,0,0,24,0,S,0,7,39986,F
73482480,31,24,2,178,50,0,S,24,18,52999,F
72159466,32,48,0,0,39,0,U,6,11,37887,F
74912739,44,48,0,0,44,0,U,14,6,68215,T
72066506,33,0,1,0,39,0,M,9,7,38695,F
75613138,28,0,0,0,39,0,S,10,11,39633,F
74384209,28,36,0,0,26,0,S,0,10,23221,F
74380316,68,0,0,0,68,0,M,39,8,33085,F
72357880,32,0,0,0,38,0,M,9,18,37678,F
74369295,30,48,0,0,27,0,S,4,20,38445,F
71899096,61,48,0,0,61,0,S,29,12,32671,F
70162795,29,48,0,0,38,0,S,13,11,36849,F
75966511,56,36,0,0,42,0,M,14,12,40683,F
70438903,32,48,3,104,40,0,U,12,13,38325,F
74945891,30,36,0,0,37,0,M,2,11,39041,F
72563537,28,0,1,0,50,0,S,22,11,73827,F
72336233,31,48,0,0,50,0,S,20,9,64012,F
74950794,59,48,5,45,59,0,M,31,15,26223,F
72955914,64,36,4,49,42,0,U,14,11,63787,F
74612808,58,48,4,308,46,0,M,18,11,51138,F
70808555,30,0,0,0,50,0,S,18,10,47995,F
75805744,29,48,3,229,33,0,U,2,13,36934,F
72597171,60,36,0,0,20,0,S,0,16,71011,F
73959211,28,0,0,0,37,0,S,5,18,36532,F
71429224,33,0,0,0,50,0,S,21,9,45621,F
71815138,57,36,3,408,50,0,M,19,11,67871,F
75986393,31,36,0,0,49,0,U,20,17,36701,F
74302719,30,48,0,0,35,0,U,7,13,39112,F
73768723,30,12,0,0,49,0,M,17,9,42567,F
72889243,28,24,0,0,49,0,S,18,9,36431,F
74618559,58,0,0,0,42,0,S,12,13,48814,F
73880525,27,48,0,0,29,0,S,0,19,39987,F
75806616,64,0,0,0,64,0,M,34,9,32590,F
71296604,28,48,2,249,28,0,S,0,10,37275,F
75513035,31,0,1,0,36,0,M,6,8,37877,F
75063601,33,48,0,0,39,0,M,7,11,38828,F
70522069,31,36,3,16,16,0,S,0,11,39350,F
71255724,49,48,0,0,41,0,M,13,7,78185,F
73379006,58,36,0,0,58,0,M,31,10,20827,F
72196691,27,48,0,0,49,0,U,19,13,55731,F
72478368,54,36,2,958,54,0,U,25,9,31371,F
72093533,29,48,0,0,31,0,U,2,11,38054,F
74374906,29,0,0,0,25,0,S,0,14,36818,F
75377456,48,48,0,0,28,0,S,0,4,41488,F
72406037,74,48,0,0,74,0,M,44,5,24806,F
71116307,29,36,0,0,39,0,U,8,10,37550,F
72700149,27,48,1,399,30,0,S,0,17,37699,F
75073182,59,36,2,15,59,0,U,30,9,24004,F
75867250,40,36,0,0,75,0,S,47,12,25596,T
72960347,44,48,0,0,44,0,M,13,10,52721,T
75144910,61,36,2,219,46,0,S,19,8,46604,F
71288819,42,0,0,0,42,0,U,13,9,55738,T
73837013,57,48,0,0,44,0,U,14,6,73557,F
75371245,33,36,0,0,40,0,M,12,9,37366,F
73852996,46,48,4,487,45,0,U,16,7,68314,F
71043443,63,36,0,0,63,0,S,38,13,30392,F
72007181,26,36,0,0,33,0,U,3,14,39796,F
75500581,32,12,0,0,49,0,U,19,9,54321,T
71841676,54,0,0,0,54,0,U,24,12,34567,F
73993553,26,36,10,405,29,0,S,0,10,37781,F
70995093,31,0,0,0,31,0,S,0,10,37143,F
71155464,27,12,0,0,48,0,M,19,8,51772,F
73652571,59,0,0,0,59,0,S,32,9,23960,F
74950687,29,36,0,0,25,0,S,0,10,37218,F
70495136,54,36,0,0,54,0,S,22,9,34569,F
75293048,37,36,0,0,48,0,S,20,14,54532,T
72973680,29,48,0,0,39,0,M,13,7,38377,F
74918616,28,36,3,317,37,0,M,4,5,39898,F
74516107,30,24,2,124,48,0,U,16,8,47326,F
73660684,48,36,0,0,42,0,M,14,13,38880,F
70587376,31,48,0,0,40,0,S,15,9,38114,F
71443902,29,0,0,0,48,0,M,20,11,59921,F
71853006,33,0,0,0,39,0,U,15,15,39815,F
70360986,55,36,0,0,22,0,S,0,21,18417,F
71443749,40,36,0,0,40,0,M,6,9,38198,T
72657371,30,48,0,0,15,0,S,0,7,37378,F
73189959,28,24,0,0,47,0,M,19,10,29959,F
73658194,33,36,0,0,37,0,M,6,12,39643,F
75437830,53,36,3,134,53,0,M,23,8,31899,F
70425028,39,48,0,0,39,0,M,14,7,38873,T
73778003,44,48,0,0,42,0,S,11,11,63942,F
70808973,32,48,0,0,18,0,S,0,16,39050,F
73782975,30,48,3,129,39,0,U,10,16,39271,F
74552216,65,48,0,0,65,0,M,40,18,33419,F
72585489,50,48,2,150,55,0,M,24,7,31477,T
72556626,39,36,0,0,39,0,S,11,6,39504,T
73150833,52,48,0,0,52,0,U,20,11,31010,F
75700829,29,36,0,0,31,0,S,0,14,37353,F
71762853,57,0,0,0,45,0,U,16,8,76222,F
75343925,29,48,56,313,47,0,S,20,14,54532,F
72369035,28,12,2,0,47,0,S,20,8,36650,F
72735151,28,36,0,0,37,0,U,9,11,38316,F
73846658,39,36,0,0,30,0,S,0,4,38099,T
74911447,64,36,0,0,64,0,M,37,8,33261,F
72014008,30,0,0,0,20,0,S,0,7,24059,F
72042761,47,48,0,0,44,0,U,11,13,73498,F
71868517,30,36,3,348,36,0,S,6,14,37025,F
74441461,60,48,7,705,47,0,U,17,6,60686,F
73446902,45,48,4,279,45,0,U,13,12,72650,T
72561839,31,36,0,0,19,0,S,0,15,38795,F
75878427,70,48,2,349,70,0,M,38,9,33693,F
73741386,31,36,0,0,40,0,U,8,18,37281,F
75534732,40,48,32,405,20,0,S,0,4,37761,T
74682982,29,36,0,0,39,0,S,5,7,39501,F
70199458,61,48,3,189,46,0,M,14,10,75658,F
74528105,43,48,3,348,49,0,S,18,9,47243,T
71985793,30,48,4,349,22,0,S,0,7,39109,F
72377617,28,36,2,249,35,0,M,4,5,39240,F
75796740,63,0,0,0,43,0,U,15,15,46274,F
72930001,33,0,0,0,16,0,S,0,6,38817,F
72014153,58,36,0,0,45,0,S,17,8,67067,F
75356951,51,36,3,124,51,0,S,25,13,33035,F
74624653,28,36,3,29,30,0,S,0,6,38611,F
73486622,54,36,0,0,54,0,M,24,4,32275,F
73900736,30,0,0,0,17,0,S,0,15,38649,F
73613428,31,36,0,0,39,0,U,9,11,38101,F
70299487,64,48,35,429,50,0,U,18,16,56503,F
72602983,33,36,18,592,26,0,S,0,10,36689,F
71183954,29,36,0,0,17,0,S,0,10,38788,F
73837987,27,48,0,0,27,0,S,0,8,37379,F
70775958,29,0,1,0,35,0,U,4,9,39871,F
71959615,49,36,0,0,44,0,U,17,7,39127,F
73018816,30,48,0,0,40,0,M,10,8,37472,F
72398974,59,36,0,0,59,0,U,28,11,20792,F
71199971,52,36,0,0,44,0,M,15,10,48866,F
70097504,29,36,3,199,37,0,M,8,11,36463,F
72187541,57,36,25,430,41,0,M,13,9,47167,F
75320291,32,36,0,0,47,0,U,18,9,35796,F
71020883,45,0,0,0,44,0,S,12,10,79041,F
72223969,34,36,23,517,19,0,S,0,21,37765,T
72419343,57,36,3,65,57,0,M,25,8,22263,F
70283191,31,48,0,0,28,0,S,0,7,39202,F
70916696,49,48,0,0,42,0,M,10,8,63851,F
75031670,44,0,0,0,44,0,M,10,5,67033,T
70032245,33,48,0,0,38,0,U,10,11,36548,F
75727752,67,0,0,0,67,0,U,35,7,32381,F
74446827,60,48,0,0,60,0,S,29,12,24978,F
75506748,61,48,0,0,61,0,S,33,9,32800,F
70766434,55,48,0,0,43,0,M,18,10,47586,F
72028341,27,36,4,124,29,0,S,0,10,38813,F
75504874,30,36,0,0,26,0,S,0,10,37213,F
74947649,31,0,0,0,38,0,M,11,11,37030,F
75752134,53,36,6,278,53,0,U,20,11,31726,F
75182636,28,36,0,0,38,0,S,13,14,38532,F
71707195,52,48,0,0,41,0,M,16,5,42309,F
73039552,32,48,2,122,19,0,S,0,13,36465,F
75779571,54,36,3,120,44,0,M,15,11,38439,F
73745465,45,36,6,59,41,0,M,11,8,48614,F
73810989,30,48,0,0,39,0,S,12,13,38806,F
72769690,32,36,3,179,39,0,M,8,17,38562,F
73198739,41,36,0,0,41,0,U,10,11,75872,T
73433619,32,36,0,0,39,0,U,9,11,37780,F
73623475,26,36,0,0,31,0,S,0,10,38006,F
72327286,29,48,1,249,21,0,S,0,7,36846,F
72314977,45,48,0,0,43,0,M,12,14,73308,F
72853068,30,48,2,299,40,0,M,12,9,38353,F
72615180,28,36,0,0,35,0,M,7,6,36711,F
72644941,69,48,0,0,69,0,M,40,8,32584,F
70978439,30,36,3,158,35,0,M,6,15,37624,F
73724030,53,48,0,0,53,0,S,20,17,34696,F
70251234,27,48,0,0,32,0,U,4,9,37508,F
73988163,29,36,0,0,36,0,M,8,12,38713,F
71202885,29,36,0,0,39,0,U,10,16,39443,F
73763668,62,36,0,0,62,0,S,32,9,34636,F
72340482,30,0,0,0,46,0,S,18,10,47995,F
71501687,60,48,3,248,60,0,M,32,6,25541,F
75136786,36,36,0,0,36,0,U,8,13,37149,T
75761103,28,48,3,278,32,0,S,0,14,36908,F
75985265,58,36,1,279,41,0,M,8,9,66177,F
71540531,31,36,0,0,46,0,S,14,10,47692,F
71237411,28,24,0,0,46,0,S,20,9,64012,F
71193350,59,0,2,0,48,0,U,16,8,51845,F
71898763,28,36,24,617,19,0,S,0,7,36780,F
74338807,38,0,1,0,38,0,U,8,16,37178,T
74303233,65,36,2,189,50,0,M,23,9,43564,F
71236708,42,36,5,203,42,0,M,13,13,38003,T
71179559,51,48,2,179,44,0,S,16,10,46594,F
75926995,67,36,0,0,67,0,M,39,3,34898,F
75193059,63,36,0,0,63,0,U,33,11,32246,F
73621382,50,48,0,0,53,0,U,18,10,31396,T
72113535,31,48,4,169,38,0,S,13,9,39595,F
71190673,38,36,3,10,46,0,U,16,9,52575,T
73884857,26,12,3,59,46,0,S,13,14,59681,F
74716634,32,36,4,299,36,0,U,8,18,38336,F
71448991,31,36,1,89,24,0,S,0,14,36487,F
73476864,53,48,0,0,45,0,M,16,12,82682,F
72275589,61,36,4,75,43,0,U,16,9,43370,F
70783842,31,0,1,0,36,0,U,8,16,39575,F
70783043,34,36,0,0,34,0,M,2,11,37153,T
74208103,33,0,0,0,39,0,U,10,16,36927,F
75514818,43,36,0,0,50,0,S,15,16,62359,T
73988183,32,36,0,0,26,0,S,0,14,37754,F
72393263,56,0,0,0,56,0,S,27,6,20054,F
70874658,58,48,0,0,48,0,M,20,9,74853,F
71543669,53,36,0,0,44,0,S,14,17,42501,F
74001114,30,24,4,182,46,0,S,14,6,52862,F
75628323,30,36,0,0,33,0,M,4,11,37622,F
71061389,33,0,0,0,24,0,S,0,7,39156,F
72177828,27,24,0,0,45,0,U,15,15,54742,F
71601891,28,0,0,0,28,0,S,0,7,39471,F
73613087,29,48,0,0,39,0,S,10,14,39970,F
74338283,30,36,0,0,36,0,M,6,9,37161,F
73743799,29,36,5,104,33,0,U,5,12,39699,F
74876169,30,36,0,0,28,0,S,0,6,36822,F
70307032,27,36,0,0,28,0,S,0,15,37740,F
74024490,32,48,2,119,40,0,S,13,13,36552,F
71709378,31,36,29,211,40,0,S,11,13,39456,F
70624573,32,48,0,0,22,0,S,0,6,45914,F
72982141,27,0,0,0,32,0,S,3,20,36437,F
75849453,44,48,0,0,44,0,U,19,13,72725,T
73290528,51,48,0,0,51,0,M,20,8,34417,F
73462048,28,0,0,0,45,0,M,12,9,19666,F
73350061,37,36,0,0,37,0,U,7,14,37638,T
71081854,32,36,2,299,39,0,U,10,9,36626,F
73930452,29,0,1,0,44,0,M,17,10,67397,F
73690540,30,48,0,0,37,0,S,8,10,37180,F
70912302,61,48,0,0,48,0,S,23,11,72055,F
73867370,61,36,0,0,61,0,M,28,12,31207,F
75088559,27,48,2,80,28,0,S,0,10,37765,F
70348422,56,0,1,0,50,0,S,21,9,55846,F
74637491,73,36,0,0,73,0,U,45,7,24592,F
74946751,29,48,0,0,34,0,M,6,15,37043,F
70713622,55,48,1,499,50,0,S,24,16,43237,F
75529765,31,36,4,799,31,0,M,3,18,37598,T
75909183,26,36,3,223,26,0,S,0,15,36403,F
74556684,58,0,0,0,43,0,M,14,10,58863,F
71567155,32,36,2,299,28,0,S,0,15,38876,F
72331939,28,36,3,105,39,0,S,10,10,36687,F
74765373,48,36,0,0,51,0,U,21,7,34636,T
75904513,28,0,0,0,29,0,S,0,7,36645,F
75949707,33,36,0,0,36,0,S,7,10,36844,F
74384462,42,36,0,0,42,0,M,14,7,75921,T
74503441,55,0,0,0,41,0,U,10,16,39110,F
71630557,30,48,0,0,39,0,M,9,7,37213,F
71087450,73,36,3,164,73,0,S,41,11,25116,F
71735539,54,48,4,559,54,0,S,25,6,33683,F
75210615,63,36,2,70,63,0,U,36,5,30639,F
70878302,57,36,2,228,57,0,S,26,9,20409,F
73506381,63,48,0,0,63,0,S,33,12,32129,F
72456454,63,48,4,293,42,0,S,12,10,41918,F
73511222,65,0,0,0,49,0,U,22,13,78553,F
75308175,47,0,0,0,45,0,S,15,16,71381,F
73293824,29,36,0,0,30,0,S,0,14,36408,F
73707455,27,24,0,0,44,0,M,15,7,68536,F
72222944,62,36,4,94,46,0,S,17,9,55759,F
72558209,51,48,3,89,51,0,S,17,8,31257,F
70764540,32,36,0,0,25,0,S,0,9,37410,F
72946038,64,48,27,257,50,0,S,22,9,70933,F
75602186,27,12,0,0,44,0,M,13,13,24882,F
73888650,71,36,0,0,71,0,S,39,18,24161,F
70815588,28,36,5,194,35,0,U,3,12,37549,F
73374058,31,0,0,0,33,0,U,3,9,38565,F
70826946,72,36,4,164,72,0,U,43,6,24865,F
75949552,32,36,0,0,40,0,U,15,7,38796,F
72975761,33,36,0,0,30,0,S,0,15,39939,F
70232744,28,48,0,0,38,0,M,11,15,38915,F
71499498,57,48,0,0,25,0,S,0,7,27621,F
74100166,53,0,0,0,41,0,S,7,4,70184,F
71457960,32,24,0,0,44,0,S,18,10,20497,F
75147999,45,36,0,0,45,0,S,14,6,49927,T
71270768,59,0,0,0,28,0,S,0,12,37354,F
70611397,28,36,1,124,21,0,S,0,7,36875,F
72290834,64,0,1,0,48,0,U,19,12,74223,F
72143671,29,36,0,0,39,0,S,10,12,37542,F
74906474,63,36,3,59,48,0,M,18,8,71230,F
73378188,58,48,0,0,48,0,S,21,9,65752,F
70142115,29,36,7,204,33,0,U,5,9,37374,F
71585070,28,0,1,0,24,0,S,0,10,38157,F
74600062,46,0,1,0,42,0,U,11,16,65787,F
73025989,31,48,0,0,38,0,M,4,8,37170,F
70626158,28,36,0,0,31,0,S,2,18,39861,F
73190265,32,36,0,0,37,0,S,7,7,37011,F
72689761,26,12,0,0,44,0,S,13,9,42306,F
73769680,31,36,0,0,31,0,U,2,11,39329,F
70675531,59,36,0,0,44,0,S,12,13,55445,F
73559712,60,48,0,0,60,0,S,30,8,20302,F
72720704,28,36,0,0,40,0,M,6,9,38457,F
70790025,31,36,5,423,10,0,S,0,10,39993,F
70375379,31,36,6,160,31,0,S,0,10,36765,T
73501710,29,12,2,0,44,0,S,14,10,47692,F
74684831,26,36,0,0,43,0,M,13,7,24598,F
72393575,29,48,0,0,19,0,S,0,15,37884,F
74746406,62,48,0,0,62,0,M,31,13,34738,F
74462888,52,48,0,0,52,0,M,24,11,33378,F
71037856,35,48,2,129,35,0,M,7,17,37159,T
72881370,30,48,2,129,43,0,U,14,11,24777,F
70495294,29,48,2,129,31,0,S,0,14,36750,F
71819028,36,36,0,0,43,0,U,13,8,35867,T
71470653,54,48,0,0,41,0,S,13,11,48991,F
72126798,36,0,0,0,57,0,M,25,8,22774,T
72148428,33,36,0,0,39,0,M,11,15,36979,F
74107837,55,48,4,188,55,0,S,27,8,32066,F
72420641,26,36,2,188,22,0,S,0,7,37409,F
72716649,28,0,0,0,43,0,M,15,9,41576,F
75914199,31,36,3,129,34,0,U,3,9,38520,F
70911754,48,0,1,0,44,0,M,15,17,72330,F
75396883,56,36,0,0,24,0,S,0,7,25743,F
73491581,54,36,39,458,43,0,U,12,12,50705,F
74852942,30,36,1,0,36,0,S,4,12,38306,F
71609281,55,36,0,0,41,0,S,13,14,54866,F
72037900,27,48,0,0,28,0,S,0,8,37468,F
74176420,62,48,0,0,41,0,M,14,7,78293,F
74078505,28,48,1,0,21,0,S,0,7,38245,F
72329543,52,48,0,0,52,0,S,23,11,33859,F
70150144,29,36,0,0,18,1,S,0,7,39815,F
72307739,64,36,4,25,42,0,S,12,11,68135,F
73911026,32,36,0,0,26,0,U,1,9,37138,F
71150261,31,36,6,699,28,0,U,2,13,38061,F
70464722,56,0,0,0,49,0,M,19,7,70070,F
73281202,65,36,0,0,48,0,U,19,16,53578,F
73850236,50,48,0,0,53,0,M,22,8,33624,T
73806837,26,36,0,0,35,0,U,6,12,38917,F
74980415,60,0,1,0,60,0,S,33,12,25536,F
74517836,29,48,0,0,14,0,S,0,9,36934,F
71808356,32,48,2,279,21,0,S,0,6,38559,F
71070547,60,36,0,0,46,0,M,17,10,65924,F
70365550,63,36,5,63,48,0,M,22,10,80299,F
71072110,29,12,17,200,43,0,M,17,10,22734,F
73834401,27,48,0,0,23,0,S,0,7,38285,F
71427220,30,36,23,459,16,0,S,0,7,39135,F
72838052,40,48,0,0,40,0,S,10,11,39505,T
72928918,32,36,4,159,28,0,S,0,10,38740,F
75404073,29,48,0,0,23,0,S,0,8,37216,F
75425970,44,36,0,0,41,0,U,11,13,74974,F
73551463,27,48,0,0,26,0,S,0,4,37406,F
73297411,29,48,3,209,39,0,M,12,9,39921,F
75397027,27,48,3,128,34,0,U,4,10,37406,F
75658614,54,0,1,0,43,0,M,13,9,39813,F
73759219,32,36,0,0,37,0,S,7,4,36581,F
75407074,27,0,0,0,42,0,M,11,8,53548,F
71966676,33,36,0,0,33,0,S,5,9,39817,T
75195104,64,48,0,0,42,0,M,12,17,68948,F
72307619,49,36,0,0,42,0,S,9,14,41805,F
72077444,33,48,1,49,27,0,S,0,9,38647,F
74559441,29,48,0,0,40,0,M,9,9,39051,F
73242027,58,36,0,0,45,0,S,18,9,43892,F
72963967,32,48,0,0,36,0,U,7,13,39443,F
72725183,30,48,2,0,34,0,S,7,13,38371,F
70688729,54,0,0,0,54,0,M,26,13,31281,F
74641531,27,24,0,0,42,0,S,16,9,24696,F
73630705,31,48,0,0,36,0,M,6,12,37341,F
73537544,30,36,0,0,39,0,U,4,10,36905,F
71236472,33,36,0,0,36,0,S,5,7,37620,F
72272261,27,36,5,149,22,0,S,0,14,39074,F
75292835,29,36,0,0,37,0,U,11,10,38212,F
75415961,29,24,0,0,42,0,M,16,10,52325,F
74123860,26,0,0,0,35,0,S,3,9,37669,F
72178353,59,36,0,0,59,0,S,31,8,21515,F
74618888,50,0,0,0,51,0,U,25,22,33872,T
71090534,26,24,0,0,42,0,S,14,15,28742,F
73263731,30,12,0,0,42,0,M,15,11,19741,F
70872311,56,48,4,174,47,0,S,20,12,57130,F
73093441,27,48,0,0,32,0,S,0,15,37041,F
73662119,28,24,2,149,42,0,S,13,11,22818,F
70750141,39,36,0,0,39,0,U,12,11,38086,T
72509968,33,36,3,182,33,0,U,3,3,39137,T
70719006,30,0,0,0,24,0,S,0,4,39830,F
70761285,52,36,4,95,52,0,M,24,4,30955,F
71120830,30,36,4,148,37,0,U,9,10,37691,F
75043819,31,48,0,0,29,0,S,0,14,38351,F
70263788,51,36,5,294,44,0,S,15,10,70986,F
72549773,26,36,6,759,34,0,U,2,5,38878,F
73469934,29,48,0,0,82,0,M,57,6,54417,F
71565435,28,36,3,149,39,0,M,12,12,38750,F
75786649,32,36,0,0,38,0,S,10,11,37126,F
74993470,51,36,0,0,51,0,S,24,9,33613,F
73231311,63,36,0,0,47,0,M,17,10,59443,F
74622643,31,36,2,70,25,0,S,0,15,38934,F
72852611,28,36,2,199,40,0,M,11,15,38663,F
71024542,31,0,0,0,41,0,M,13,10,20962,F
72582114,52,48,0,0,30,0,S,0,6,53268,F
75260562,63,36,38,199,63,0,U,34,9,33634,F
70259684,29,36,0,0,39,0,U,9,10,39337,F
72377126,32,36,0,0,27,0,S,0,18,37784,F
73683187,62,0,0,0,42,0,M,12,17,71937,F
74787310,60,36,0,0,43,0,S,12,14,53612,F
73441841,51,36,0,0,41,0,U,9,19,69116,F
75256288,32,0,1,0,19,0,S,0,15,39000,F
75845206,59,36,0,0,43,0,M,12,13,45959,F
70273775,30,48,0,0,38,0,U,10,11,38250,F
75698608,29,36,4,248,32,0,M,4,15,36800,F
71078684,29,48,0,0,25,0,S,0,11,27440,F
71183587,54,36,6,461,41,0,M,12,9,56006,F
70901755,49,48,0,0,44,0,S,16,8,64659,F
74133110,39,48,0,0,39,0,M,11,15,39081,T
75954138,65,36,25,663,47,0,M,15,10,41216,F
74752098,58,48,0,0,46,0,S,11,11,45899,F
70203035,26,48,6,70,33,0,U,3,9,36599,F
73659088,61,0,0,0,61,0,U,29,10,34662,F
74678569,56,0,0,0,47,0,M,20,9,52383,F
70084846,56,0,0,0,56,0,M,26,20,21114,F
73493245,57,48,1,349,30,0,S,0,7,62376,F
75629222,46,36,0,0,27,0,S,0,16,47731,F
70028815,28,48,0,0,39,0,M,12,17,39762,F
72840703,54,36,0,0,43,0,U,17,17,53996,F
75643047,32,36,3,130,40,0,M,13,9,39207,F
74840958,59,0,0,0,44,0,U,14,11,74512,F
70427351,27,36,0,0,25,0,S,0,7,36735,F
75542618,31,0,0,0,31,0,M,4,8,39419,F
72818858,26,12,2,129,41,0,M,12,9,62091,F
72588732,31,36,0,0,39,0,U,11,16,37873,F
74616131,33,36,0,0,37,0,S,6,7,39129,F
73220591,40,48,3,89,40,0,S,9,8,39272,T
71858493,28,24,0,0,41,0,U,12,11,23311,F
75055288,56,48,0,0,45,0,U,16,8,49432,F
72436781,55,36,4,118,45,0,U,14,11,70067,F
71346380,32,36,0,0,36,0,S,3,9,36841,F
71042967,30,36,18,558,24,0,S,0,15,38568,F
74739746,39,36,6,60,50,0,M,21,13,58044,T
73661179,33,36,0,0,36,0,U,2,9,36952,F
72495360,31,0,9,0,34,0,S,5,7,36470,F
72725510,42,36,0,0,42,0,S,13,11,47165,T
72194932,51,36,1,89,41,0,S,10,15,40038,F
74402532,28,36,0,0,38,0,U,14,6,38169,F
72852579,45,36,0,0,43,0,U,13,11,63385,F
75455784,28,12,0,0,41,0,U,14,15,29682,F
73699982,28,48,0,0,30,0,S,0,10,37026,F
73753065,54,36,0,0,44,0,S,15,12,61119,F
75426388,61,0,6,0,61,0,S,34,16,34819,F
73421433,31,48,2,59,41,0,U,11,16,17984,F
74570876,62,48,0,0,62,0,U,32,12,31555,F
71366295,33,0,0,0,24,0,S,0,10,37451,F
73010448,30,48,0,0,18,0,S,0,16,37114,F
70438566,47,0,9,0,26,0,S,0,14,76636,F
72483899,51,0,0,0,51,0,U,19,13,30057,F
74293116,32,0,0,0,39,0,S,9,12,36732,F
75417119,63,36,2,35,18,0,S,0,18,61845,F
74896158,57,48,0,0,46,0,U,16,9,72502,F
75907236,29,48,0,0,41,0,M,16,5,49260,F
73402648,33,36,0,0,38,0,M,8,9,38212,F
75369703,27,36,0,0,33,0,S,1,7,36815,F
72955188,63,36,3,64,41,0,S,14,15,39297,F
75589674,30,36,22,544,29,0,S,0,21,36759,F
70045091,30,48,0,0,31,0,S,0,17,37495,F
75086908,31,48,0,0,32,0,M,1,8,38046,F
72553235,53,48,14,664,53,0,M,25,11,32045,F
74927432,31,48,0,0,13,0,S,0,14,37051,F
70319422,32,36,2,129,30,0,S,0,15,37134,F
74133983,62,48,0,0,46,0,M,19,11,46866,F
73825318,28,0,0,0,37,0,M,6,16,38349,F
70633066,65,0,0,0,45,0,S,15,16,51766,F
73103471,26,36,2,249,35,0,S,8,9,38709,F
73562649,30,36,37,474,26,0,S,0,18,38704,F
73986705,28,36,1,179,37,0,U,13,9,39887,F
75660089,64,48,3,179,64,0,S,33,12,32453,F
73602951,62,0,0,0,62,0,M,34,9,32067,F
74423353,58,0,0,0,50,0,S,17,12,57022,F
70344257,28,0,0,0,34,0,M,2,11,38381,F
73247685,28,36,2,25,38,0,U,10,8,39931,F
71223289,27,36,0,0,41,0,S,17,12,21126,F
71073925,57,48,0,0,43,0,U,16,7,68533,F
71447602,32,36,3,249,36,0,M,7,11,38157,F
74214201,29,48,0,0,31,0,S,2,8,39977,F
73365965,55,48,0,0,55,0,U,27,10,34938,F
71384983,62,36,0,0,41,0,U,14,15,73905,F
72370307,55,36,4,948,83,0,U,51,9,36697,F
71964105,53,48,0,0,53,0,M,23,11,30767,F
75044682,33,48,3,158,38,0,S,14,12,39069,F
70612460,32,48,0,0,24,0,S,0,11,37519,F
74829294,26,36,2,119,34,0,M,5,7,38685,F
72804237,49,0,0,0,41,0,M,12,14,53313,F
74664959,29,36,3,343,35,0,M,8,10,39547,F
72347166,30,36,0,0,28,0,S,0,7,36628,F
73782738,27,48,51,755,41,0,S,9,10,50826,F
74758944,30,36,5,244,35,0,M,6,8,37788,F
73313461,30,36,0,0,28,0,S,0,15,39749,F
72763984,29,0,0,0,32,0,U,3,7,37577,F
75885623,65,48,3,109,47,0,U,20,9,74631,F
74554814,30,36,19,690,31,0,S,0,10,38396,F
72015257,61,48,37,326,50,0,M,19,12,79183,F
71678994,56,48,0,0,43,0,S,14,15,50322,F
74418378,48,48,0,0,43,0,S,15,9,40850,F
71306092,28,36,0,0,37,0,S,4,11,38686,F
71516409,52,36,1,109,52,0,S,26,8,33248,F
72598997,30,48,5,518,24,0,S,0,10,18813,F
74958929,38,36,1,199,38,0,S,7,13,38246,T
75156795,58,48,2,49,58,0,U,31,11,20747,F
74623062,64,48,3,209,47,0,S,11,9,56703,F
74300222,45,36,3,349,45,0,M,17,16,40994,T
70032865,28,36,2,129,40,0,S,15,10,36600,F
73080443,26,36,0,0,41,0,S,13,8,64234,F
75155062,26,36,2,214,41,0,S,14,5,63910,F
73731570,37,48,0,0,37,0,U,8,11,37749,T
71741960,30,48,0,0,30,0,S,0,18,38636,F
75696932,30,12,1,89,40,0,M,12,9,20155,F
70802916,28,36,0,0,36,0,S,6,19,37253,F
74033583,51,36,5,694,51,1,M,26,10,34793,F
75435080,73,36,1,179,73,0,M,46,13,25815,F
70155741,28,36,0,0,40,0,M,9,15,20486,F
70668973,31,48,0,0,29,0,S,0,10,37673,F
73170114,26,36,0,0,30,0,S,0,7,36446,F
73256123,33,36,0,0,37,0,S,3,9,36901,F
75273706,34,36,6,98,22,0,S,0,7,38444,T
71147664,63,0,0,0,49,0,M,18,8,52137,F
71401675,29,0,2,0,23,0,S,0,7,37932,F
71507092,32,36,0,0,30,0,S,2,2,39876,F
71637935,52,48,0,0,52,0,U,25,22,34151,F
70427121,26,36,0,0,33,0,S,5,7,38921,F
70669406,64,0,0,0,64,0,S,33,12,33006,F
74412424,31,36,0,0,33,0,U,4,8,38094,F
71575695,51,48,1,89,51,0,U,21,12,31205,F
72353030,44,0,3,0,44,0,U,11,13,44150,T
74250373,62,36,2,343,49,0,M,23,10,62992,F
72050720,26,0,0,0,33,0,M,5,17,36423,F
71958300,32,0,0,0,38,0,U,11,13,37518,F
71416160,33,36,0,0,33,0,S,4,11,37977,T
73010228,58,36,3,169,49,0,U,17,17,72943,F
72334504,30,36,0,0,32,0,S,0,10,39069,F
71506027,44,36,0,0,50,0,S,21,16,76806,T
73061325,59,36,0,0,43,0,M,13,7,71738,F
75922900,32,48,0,0,29,0,S,0,9,37643,F
74760759,63,36,0,0,46,0,M,19,10,49137,F
70921574,33,0,0,0,40,0,M,12,8,23669,F
74659564,30,48,0,0,33,0,U,5,12,39118,F
75696486,54,48,22,444,41,0,M,10,9,72663,F
72628445,29,48,2,129,39,0,S,10,10,39101,F
75779426,28,0,2,0,34,0,M,5,10,39853,F
75141572,30,36,0,0,38,0,U,7,10,37326,F
72795617,63,36,2,269,47,0,S,18,9,69568,F
75500369,26,24,3,199,40,0,S,10,11,56824,F
75869204,33,0,0,0,40,0,U,8,13,17244,F
74997697,67,0,0,0,67,0,M,37,16,31173,F
72943612,58,36,0,0,58,0,S,28,14,24312,F
72736664,50,36,0,0,44,0,S,13,5,72602,F
70502002,57,48,0,0,57,0,M,27,9,25229,F
73014420,32,48,3,89,39,0,U,10,10,39646,F
73645864,31,0,0,0,25,0,S,0,14,63200,F
72649642,58,48,0,0,42,0,M,11,9,66754,F
74238898,29,0,2,0,40,1,U,9,5,18385,F
75607803,58,48,0,0,49,0,U,18,3,41907,F
75174022,29,0,1,0,36,0,M,8,12,37094,F
75295557,56,0,3,0,41,0,U,13,11,62544,F
71457407,29,36,0,0,37,0,M,6,10,38911,F
72605456,54,48,2,219,45,0,U,10,8,79788,F
73758686,29,0,0,0,40,0,U,14,11,38181,F
74520511,27,48,0,0,35,0,M,7,11,36550,F
70022278,33,0,0,0,19,0,S,0,7,39773,F
72002545,58,36,2,149,58,0,U,30,6,21017,F
70736994,54,36,1,119,42,0,M,12,14,72384,F
73616580,29,36,0,0,38,0,U,10,14,37198,F
74007257,29,36,0,0,40,0,M,11,13,39796,F
75569166,75,0,0,0,75,0,M,43,17,25027,F
71703371,30,48,0,0,29,0,S,0,15,39121,F
70191136,30,48,1,0,23,0,S,0,7,36623,F
74347064,35,48,0,0,19,0,S,0,10,36498,T
70719559,55,0,0,0,55,0,M,30,9,31065,F
75038258,59,36,5,188,46,0,M,18,14,50566,F
73532518,51,0,0,0,51,0,M,18,14,32761,F
75365683,27,36,2,329,33,0,S,5,7,37464,F
70489441,33,0,0,0,18,0,S,0,15,36864,F
73054110,30,48,2,249,29,0,S,0,14,39559,F
70997944,56,48,30,439,56,0,U,28,14,23075,F
70252626,26,48,9,436,35,0,S,6,7,36596,F
70233464,33,0,1,0,40,0,S,8,9,36650,F
73476380,64,48,0,0,43,0,U,17,11,63778,F
73235189,44,0,0,0,22,0,S,0,7,53051,T
73604718,31,48,0,0,22,0,S,0,8,37995,F
73159932,59,48,0,0,44,0,U,16,8,67797,F
75526178,50,48,0,0,55,0,S,25,13,34278,T
70657213,55,36,0,0,44,0,S,13,14,78200,F
75499755,26,36,2,213,32,0,U,5,10,36838,F
71905199,31,0,0,0,36,0,U,9,11,39228,F
70045421,28,36,0,0,22,0,S,0,7,36547,F
73487236,27,24,0,0,39,0,M,7,11,19471,F
72365288,31,36,0,0,18,0,S,0,15,36550,F
75651239,30,48,0,0,38,0,M,10,11,38911,F
70270728,61,36,0,0,15,0,S,0,10,43753,F
70268278,55,48,2,389,47,0,S,17,9,44719,F
72191574,28,36,5,89,37,0,S,5,12,37396,F
75228473,56,48,0,0,56,0,S,27,9,22770,F
73973128,28,48,6,293,31,0,M,2,11,39208,F
73528899,39,36,27,524,39,0,U,9,19,38856,T
74986713,60,36,0,0,49,0,S,17,4,60912,F
75932918,26,36,4,168,39,0,S,10,10,21251,F
70836217,26,48,2,249,20,0,S,0,17,38762,F
71999064,33,0,0,0,30,0,S,0,7,37279,F
70831067,28,24,0,0,39,0,U,11,13,22066,F
71428808,62,48,2,159,48,0,M,19,8,52642,F
71963551,33,36,3,163,38,0,M,8,9,38339,F
75065693,28,36,22,590,26,0,S,0,18,24926,F
73020905,30,48,0,0,26,0,S,0,4,68323,F
70744628,36,36,17,448,36,0,U,5,13,37779,T
73523794,39,36,0,0,47,0,U,16,7,66383,T
74464220,54,48,0,0,54,0,S,25,13,30952,F
75054080,28,48,0,0,28,0,U,3,9,39478,F
74752122,54,36,0,0,54,0,U,27,12,31406,F
74746615,34,36,0,0,34,0,M,7,11,36864,T
72677890,31,0,0,0,39,0,S,9,12,24669,F
72297992,27,36,3,299,21,0,S,0,15,39511,F
70077011,52,48,0,0,52,0,U,25,10,34172,F
74625457,28,36,3,269,20,0,S,0,15,37452,F
70505494,29,48,2,179,37,0,M,13,7,36515,F
70536279,62,0,3,0,20,0,S,0,4,58005,F
75520722,40,48,4,159,40,0,M,16,12,36838,T
75246580,60,48,3,169,44,0,S,14,17,48333,F
75695904,50,36,0,0,27,0,S,0,10,23751,F
73602941,53,36,0,0,45,0,S,17,10,82783,F
70663433,30,24,0,0,39,0,M,13,12,22049,F
74176769,42,0,0,0,42,0,U,11,13,82218,T
70562456,26,12,0,0,39,0,U,10,16,41701,F
75397554,28,48,0,0,36,0,S,6,7,37578,F
73041938,54,36,2,518,54,0,M,23,9,32141,F
71612053,34,36,7,549,34,0,U,5,19,36911,T
73011101,31,48,2,299,39,0,U,13,9,39626,F
72303947,27,0,0,0,25,0,S,0,7,37860,F
71936703,59,0,0,0,42,0,U,11,12,51837,F
73898657,33,48,0,0,39,0,S,7,9,17308,F
72416508,33,48,0,0,22,0,S,0,15,66832,F
74874408,30,0,0,0,40,0,M,11,18,38757,F
71536944,48,48,0,0,42,0,S,8,9,46382,F
74933549,54,48,4,110,46,0,S,16,8,57212,F
70727481,26,36,0,0,28,0,S,0,17,36522,F
74067567,33,36,4,120,37,0,M,7,9,39748,F
75851449,33,36,4,170,24,0,S,0,8,39200,F
74467383,28,0,0,0,38,0,M,8,9,17800,F
70401589,40,48,4,308,23,0,S,0,15,58829,T
75581452,29,36,0,0,38,0,U,5,12,39901,F
71117785,28,0,0,0,20,0,S,0,14,39659,F
71567995,56,48,0,0,49,0,S,18,11,65316,F
73719615,32,36,0,0,40,0,S,12,10,37599,F
72037222,44,48,2,99,26,0,S,0,10,53186,F
74607575,41,36,0,0,41,0,U,11,11,77945,T
72515638,62,0,0,0,49,0,U,12,12,74591,F
70265290,71,36,3,129,71,0,M,41,11,25762,F
72340293,62,0,0,0,47,0,U,19,9,44164,F
75461471,64,48,0,0,50,0,M,24,11,74419,F
75550217,45,36,0,0,41,0,S,12,13,47951,F
74328167,29,48,0,0,38,0,S,3,20,37090,F
70403865,28,48,2,109,39,0,M,10,4,39141,F
75021832,33,36,0,0,30,0,S,0,7,38406,F
72347066,31,36,0,0,39,0,M,12,9,39796,F
74035045,26,0,0,0,38,0,S,10,10,18989,F
75195933,28,36,1,249,35,0,M,5,10,37818,F
73881626,54,48,0,0,47,0,M,17,9,73568,F
71528905,29,48,14,499,30,0,S,0,4,12427,F
71050318,58,0,1,0,49,0,M,21,14,38783,F
70039567,33,36,3,324,33,0,M,5,6,36792,T
74132478,31,48,3,339,34,0,U,3,9,37054,F
74408905,27,48,4,79,28,0,S,0,9,39424,F
72234359,43,36,2,69,46,0,U,20,9,68544,T
74774030,33,36,0,0,37,0,M,9,12,36450,F
71017115,26,36,2,208,38,0,M,6,15,17714,F
71216944,31,0,0,0,20,0,S,0,4,37519,F
72539175,31,0,0,0,38,0,U,5,13,38677,F
75363393,27,48,0,0,31,0,M,7,19,38686,F
72259745,27,48,1,150,34,0,M,5,10,36423,F
72135124,33,36,36,610,40,0,S,13,5,37151,F
70023697,29,36,0,0,25,0,S,0,19,36808,F
72161656,31,48,0,0,26,0,S,0,10,38440,F
70451709,31,12,0,0,38,0,U,12,12,22208,T
72055852,31,48,2,329,40,0,U,11,13,36866,F
73467578,29,48,0,0,40,0,S,13,14,39340,F
70148065,28,36,3,104,38,0,S,11,18,23988,F
75592689,47,36,0,0,44,0,M,14,10,79012,F
75611650,27,36,0,0,28,0,S,0,7,37644,F
71397621,28,48,0,0,38,0,U,7,8,36552,F
72306226,39,36,31,649,39,0,M,11,15,38242,T
72298567,33,36,0,0,38,0,U,10,9,20518,F
72619995,30,48,4,299,29,0,S,0,14,37748,F
75586228,30,48,0,0,34,0,S,4,12,38584,F
72934093,28,36,3,199,36,0,S,10,14,38662,F
71417685,31,36,3,99,27,0,S,0,16,38203,F
71237903,63,36,3,159,42,0,U,12,11,70757,F
70094007,30,0,0,0,32,0,M,2,12,36481,F
74275827,27,36,0,0,34,0,U,2,9,38476,F
71977354,27,48,0,0,31,0,M,3,11,38757,F
71193047,31,48,0,0,31,0,U,5,16,39284,F
71008957,54,36,0,0,45,0,S,12,11,71915,F
73407837,30,36,3,89,20,0,S,0,7,36516,F
74457375,59,48,5,164,59,0,U,33,8,26258,F
74398774,30,48,2,129,33,0,M,6,10,38239,F
72743559,73,48,0,0,73,0,M,46,11,24438,F
72544099,30,0,0,0,30,0,M,4,5,39871,F
74450261,29,36,3,128,35,0,S,7,13,39118,F
74611937,31,48,0,0,30,0,U,2,11,36769,F
75243669,29,36,5,306,34,0,S,4,20,37191,F
73486225,45,48,46,463,45,0,S,16,13,38613,T
73350170,64,36,0,0,47,0,M,19,7,63319,F
70231155,60,48,0,0,48,0,M,20,9,67255,F
70603660,32,24,0,0,38,0,U,6,14,20676,T
71090530,58,36,2,219,49,0,U,20,9,53010,F
73829907,27,36,0,0,26,0,S,0,14,36685,F
70391446,33,48,3,269,37,0,S,5,18,36605,F
74823251,33,48,2,168,29,0,U,5,7,38250,F
73841139,50,36,0,0,44,0,U,20,11,68551,F
74946439,42,36,0,0,42,0,M,14,10,45207,T
71804405,33,36,5,117,23,0,S,0,6,39513,F
73635435,29,0,0,0,21,0,S,0,7,39941,F
75415319,28,0,0,0,36,0,M,7,11,37450,F
74759517,58,0,1,0,46,0,M,16,10,43215,F
70357383,26,24,0,0,38,0,U,4,9,24092,F
72459841,33,48,3,340,38,0,M,12,17,38808,F
74201064,59,48,0,0,42,0,M,13,7,75359,F
73865960,48,36,1,449,43,0,M,13,9,47313,F
73255988,36,48,0,0,28,0,S,0,15,39524,T
70147653,28,48,0,0,20,0,S,0,10,12733,F
70703534,41,36,0,0,41,0,U,10,16,62672,T
72690904,28,36,0,0,30,0,S,0,10,37114,F
72854981,31,48,0,0,36,0,S,7,13,36976,F
70243556,52,36,1,74,52,0,M,19,10,30062,F
72962017,46,36,0,0,42,0,M,11,15,80710,F
71359037,52,36,0,0,52,0,S,20,14,30649,F
71427171,28,0,2,0,36,0,U,5,21,38917,F
75988703,59,36,0,0,59,0,M,30,7,20032,F
72655336,54,36,0,0,41,0,U,10,16,57784,F
71663582,31,48,1,89,40,0,M,11,13,37023,F
71572607,47,0,0,0,48,0,U,17,14,72169,T
71987903,33,48,0,0,37,0,S,7,13,37656,F
74522395,37,36,0,0,37,0,U,6,9,37921,T
71248515,30,36,0,0,29,0,S,4,11,38442,F
70129727,33,48,2,299,38,0,M,12,13,37935,F
70219266,59,36,4,124,43,0,U,9,6,58776,F
70995872,29,36,2,199,36,0,U,11,15,37936,F
75027597,32,0,0,0,18,0,S,0,13,38860,F
73979391,32,36,8,405,36,0,S,7,9,37663,F
75092810,30,36,0,0,38,0,S,5,7,23091,F
70658404,31,48,2,299,31,0,S,0,7,39327,F
71122581,33,48,0,0,26,0,S,0,15,39151,F
73695865,36,36,0,0,36,0,S,7,9,38246,T
72000532,28,36,35,497,39,0,S,14,12,36655,F
73489836,28,48,47,970,31,0,U,5,12,37954,F
75542631,29,0,0,0,36,0,M,9,6,36428,F
72856564,28,48,1,119,29,0,S,0,14,11188,F
70209544,31,0,1,0,40,0,S,12,14,38130,F
72893302,33,36,0,0,19,0,S,0,18,39100,T
73631153,33,0,0,0,37,0,U,4,10,38337,F
75028550,27,48,2,129,33,0,M,5,10,37201,F
70176457,32,0,2,0,38,0,M,11,11,24902,F
70857869,65,36,5,258,47,0,S,20,14,77126,F
74793290,29,48,0,0,18,0,S,0,4,38268,F
71476315,28,36,0,0,25,0,S,0,7,37184,F
72146855,30,36,28,909,38,0,S,6,8,22526,F
70412722,57,48,0,0,57,0,S,26,12,23064,F
73096345,55,48,0,0,47,0,U,16,15,47888,F
70556435,29,36,25,349,24,0,S,0,4,10481,F
70020068,26,24,0,0,38,0,U,8,13,58877,F
71565880,27,12,2,94,38,0,M,10,11,18166,F
72685020,52,36,0,0,52,0,M,22,7,30345,F
72682926,30,36,0,0,37,0,U,6,10,37108,F
74498913,30,36,0,0,29,0,S,0,14,14156,F
70901017,31,36,0,0,36,0,U,4,9,39813,F
75971530,26,48,0,0,32,0,M,3,10,36751,F
73140840,26,36,0,0,38,0,S,5,7,55425,F
75625662,61,36,0,0,48,0,M,18,13,39117,F
75867740,59,48,36,410,41,0,U,14,8,55807,F
74829147,31,48,0,0,33,0,U,1,13,38023,F
72520061,34,48,1,94,34,0,M,4,17,39558,T
72293155,31,48,0,0,37,0,U,9,14,38973,F
74195515,29,36,2,89,25,0,S,0,7,36873,F
73369494,26,36,0,0,37,0,U,7,10,56607,F
74157760,55,48,4,189,50,0,S,20,18,68806,F
70340938,26,12,4,133,37,0,S,8,9,68819,F
74169914,30,48,2,124,38,0,U,8,16,39460,F
73510996,33,36,0,0,37,0,U,6,9,38028,F
70739068,52,36,0,0,52,0,U,26,16,31591,F
75930091,39,36,4,179,49,0,M,20,7,75408,T
74213556,32,36,3,100,38,0,M,10,11,37477,F
73111263,36,36,0,0,36,0,S,10,10,37139,T
73950609,26,48,0,0,19,0,S,0,4,39731,F
70015249,53,48,0,0,53,0,M,24,10,31028,F
72674539,30,36,0,0,34,0,M,2,11,37501,F
70038425,56,36,0,0,46,0,U,20,11,66256,F
72609167,61,36,0,0,46,0,U,18,7,59758,F
73180961,67,36,5,188,67,0,S,34,6,33101,F
75332228,30,48,2,279,34,0,S,5,9,38688,F
72942668,76,48,0,0,76,0,U,45,5,25817,F
70007144,27,0,0,0,33,0,S,3,20,38082,F
72517903,61,36,0,0,49,0,M,24,10,52916,F
75560531,29,48,4,129,38,0,U,11,13,38332,F
73282147,33,36,0,0,39,0,M,11,18,36968,F
70319457,55,36,0,0,50,0,M,22,7,60870,F
70221533,26,0,0,0,34,0,S,3,20,38774,F
71697713,63,48,5,258,43,0,U,16,8,68035,F
73768229,36,48,0,0,80,0,U,54,14,25887,T
70133512,47,36,0,0,43,0,S,19,20,40642,F
71243962,31,48,0,0,30,0,M,1,8,39852,T
74411938,57,36,4,149,50,0,S,18,16,52082,F
73575173,41,48,0,0,57,0,U,31,8,22182,T
73995523,51,48,0,0,51,0,S,22,11,32635,F
73394117,31,36,38,178,32,0,U,1,9,37704,F
73814415,57,36,3,59,42,0,M,12,9,53908,F
74028480,45,48,4,36,43,0,S,13,14,45061,F
71561620,29,48,0,0,29,0,S,3,13,38618,F
73591411,26,12,0,0,37,0,S,9,14,57317,F
74070043,63,36,3,248,63,0,U,34,16,32084,F
74219174,32,36,3,99,40,0,S,12,13,39361,F
75927897,39,48,3,69,39,0,U,10,16,39162,T
73590824,31,36,5,312,38,0,M,12,9,38799,F
74226947,58,0,0,0,58,0,S,29,12,22990,F
71789011,65,48,2,59,65,0,S,38,9,32212,F
74901640,62,36,4,129,62,0,U,35,9,34966,F
72311481,32,36,0,0,37,0,U,5,16,39766,F
74740194,31,36,0,0,31,0,U,1,13,38166,F
73309361,30,36,0,0,34,0,U,2,11,39216,F
74686570,47,48,0,0,41,0,S,13,13,39377,F
73275674,30,36,0,0,32,0,M,2,11,39769,F
75755314,29,36,0,0,37,0,M,8,9,39128,F
70956409,45,36,4,179,44,0,S,14,12,81145,F
73261761,33,0,0,0,36,0,M,5,10,39440,F
73914710,30,48,0,0,37,0,M,10,2,18876,F
71416010,26,36,2,349,37,0,U,6,14,21769,F
73380316,31,0,0,0,40,0,M,6,9,38903,F
75307352,42,0,0,0,61,0,M,32,6,31831,T
72446562,52,36,3,35,52,0,M,20,11,30884,F
70785090,64,36,2,134,46,0,S,21,13,82625,F
73917121,69,48,0,0,69,0,S,37,10,34526,F
73919319,26,48,0,0,18,0,S,0,9,38447,F
71608892,29,0,0,0,40,0,S,8,9,39152,F
70277151,53,48,0,0,53,0,U,25,5,34921,F
70749616,31,36,0,0,31,0,U,6,9,36928,T
70432511,30,36,0,0,39,0,S,10,11,38861,F
71518923,31,48,4,232,27,0,S,0,10,37650,F
75662505,37,36,4,169,37,0,S,5,7,37927,T
72163485,50,48,7,1208,42,0,S,11,9,72026,F
74830437,29,48,0,0,36,0,S,7,4,37409,F
72512129,56,36,4,23,50,0,S,21,9,54959,F
70544131,26,36,31,508,20,0,S,0,4,37659,F
75464941,30,48,0,0,36,0,U,5,12,21732,T
72324571,27,12,0,0,36,0,M,7,15,18182,F
72522159,56,48,3,124,49,0,M,19,19,71864,F
72910421,32,36,0,0,17,0,S,0,10,37563,F
72429107,38,36,3,318,14,0,S,0,15,37637,T
75270512,30,36,30,489,34,0,S,9,14,38319,F
75547169,31,48,0,0,30,0,M,5,13,39038,F
74194657,31,0,0,0,36,0,S,8,9,17231,F
75575318,32,48,0,0,36,0,M,4,8,22581,T
75780078,27,48,0,0,10,0,S,0,12,36724,F
70475403,31,48,0,0,32,0,U,5,12,39450,F
72073957,30,0,0,0,28,0,S,0,14,36841,F
73123889,52,0,1,0,52,0,M,23,8,31025,F
75714332,46,36,0,0,47,0,M,16,10,40526,T
75460374,30,48,4,223,23,0,S,0,16,13763,F
74252156,64,36,0,0,46,0,S,16,14,64941,F
72786589,31,36,2,59,39,0,S,9,14,36453,F
72605495,73,0,2,0,73,0,M,48,3,24157,F
75443361,29,48,1,189,35,0,U,6,9,37353,F
74745874,47,0,0,0,43,0,S,16,15,68506,F
71829756,31,48,0,0,33,0,M,2,11,39541,F
70730110,31,36,2,149,29,0,S,1,14,38359,F
74659216,37,36,0,0,29,0,S,0,18,36910,T
75385026,33,36,19,592,22,0,S,0,18,39064,F
70718452,28,36,4,224,31,0,S,0,10,39635,F
73520538,30,0,0,0,37,0,S,2,14,39795,F
70407427,33,36,0,0,40,0,U,5,7,36442,F
72088072,33,0,1,0,39,0,U,12,12,38997,F
73377882,54,0,0,0,49,0,S,18,8,56964,F
72464193,59,36,0,0,47,0,S,15,10,78757,F
72720709,54,48,1,69,54,0,U,28,6,33101,F
72710989,26,12,0,0,36,0,S,7,13,23089,F
71364379,52,48,0,0,52,0,U,20,11,31623,F
73447583,31,36,0,0,36,0,S,8,9,23905,F
72024327,29,48,0,0,31,0,S,0,4,39966,F
75361799,28,0,0,0,40,0,M,11,15,37729,F
70331443,59,36,0,0,47,0,S,18,9,40778,F
73929835,30,36,2,60,38,0,M,9,14,37534,F
70533835,29,48,0,0,34,0,U,5,13,38604,F
72684995,54,0,1,0,54,0,M,25,8,30320,F
75027301,63,0,0,0,49,0,S,18,16,56869,F
70914006,29,0,1,0,31,0,M,1,10,37621,F
71165867,50,0,0,0,44,0,S,14,15,77342,F
71037767,53,36,0,0,53,0,U,20,17,31113,F
74985618,60,48,3,59,60,0,U,27,12,25112,F
71026718,35,0,4,0,59,0,S,29,12,22757,T
73269375,56,36,0,0,56,0,M,23,13,22941,F
74293559,58,36,0,0,48,0,U,18,12,39382,F
74149878,53,48,3,349,53,0,U,22,12,30603,F
70489444,29,36,3,208,40,0,S,11,6,37335,F
75668360,31,36,0,0,19,0,S,0,7,36627,F
72737890,29,36,0,0,36,0,U,6,12,21777,F
71569304,33,0,2,0,37,0,U,7,10,38757,F
70931263,47,48,0,0,41,0,S,12,7,44265,F
75649650,31,36,0,0,33,0,S,1,6,37510,F
75680551,28,36,0,0,35,0,S,0,14,49921,F
74717522,26,36,3,124,33,0,S,3,20,39969,F
72538488,34,0,2,0,26,0,S,0,10,14472,T
70077151,47,48,0,0,51,0,U,19,4,33734,T
70320732,32,36,33,708,30,0,S,0,15,37613,F
71368459,62,36,1,189,45,0,M,15,11,57424,F
70367777,52,48,4,139,52,0,S,23,11,30645,F
73721470,30,36,4,159,33,0,S,3,9,37370,F
74352988,57,36,0,0,44,1,M,12,9,54567,F
71897563,33,48,0,0,39,0,U,11,15,39235,F
73835783,62,48,0,0,48,0,U,21,6,63648,F
75458922,60,36,3,179,60,0,M,30,6,23615,F
74409030,30,48,4,270,35,0,S,7,8,58009,F
75504397,60,36,24,433,60,0,M,31,14,25120,F
70058830,33,36,0,0,40,0,S,9,13,36987,F
75044179,33,36,0,0,37,0,S,12,7,38245,F
74885216,54,36,0,0,54,0,M,21,14,32652,F
74300518,30,24,4,119,35,0,M,7,6,79287,F
74181525,42,48,25,668,42,0,S,14,15,62211,T
70969512,28,36,0,0,39,0,U,10,8,37753,F
70464467,30,0,0,0,35,0,S,5,7,43366,F
75750543,30,24,3,129,35,0,S,7,13,56482,F
70035772,29,36,47,447,30,0,S,0,18,10742,F
73348653,52,36,2,69,52,0,U,21,16,32120,F
75689824,35,36,0,0,71,0,M,43,12,24060,T
73027127,30,36,1,219,28,0,S,0,14,36850,F
70599939,33,48,1,239,36,0,U,4,10,36442,F
75960472,29,36,0,0,26,0,M,1,10,39085,F
72361148,30,0,0,0,31,0,U,2,9,39739,F
72557555,57,0,7,0,46,0,M,16,5,72403,F
72419649,29,48,0,0,35,0,S,8,10,38975,F
75666690,27,12,0,0,35,0,M,3,19,58858,F
70969252,52,48,0,0,52,0,U,22,11,33794,F
71261996,38,36,0,0,64,0,S,34,10,30427,T
71946473,30,0,0,0,28,0,S,0,15,38542,F
73600740,55,48,0,0,55,0,S,26,11,30402,F
74363699,29,36,0,0,37,0,U,8,16,39727,F
71174287,30,48,2,229,34,0,U,4,10,65343,F
72114679,71,36,0,0,71,0,S,43,12,25838,F
72648004,33,36,0,0,38,0,U,12,11,36560,F
70019556,33,0,1,0,24,0,S,0,9,39641,F
73619948,37,0,3,0,37,0,S,9,14,37379,T
70708769,27,36,0,0,30,0,S,0,7,36957,F
72775612,28,48,0,0,40,0,S,12,13,38884,F
71460200,32,0,0,0,25,0,S,0,7,38485,F
72960892,60,48,0,0,41,0,U,16,7,52537,F
74824913,30,36,0,0,36,0,M,5,6,36761,F
70146006,28,48,0,0,28,0,S,0,6,39391,F
71733346,56,0,1,0,56,0,S,28,16,25766,F
71359361,28,48,0,0,36,0,M,7,11,38524,F
72463422,28,36,8,58,39,0,S,11,6,39809,F
75377048,34,36,0,0,34,0,S,3,20,21103,T
75384679,29,0,0,0,36,0,U,10,14,38672,F
75910703,51,48,0,0,51,0,S,20,14,30991,F
70246756,29,36,0,0,17,0,S,0,6,39318,F
74954328,30,36,0,0,36,0,S,10,10,39282,F
71543091,32,48,0,0,38,0,S,8,9,36431,F
70935948,29,48,0,0,35,0,U,9,6,38434,F
71544498,30,48,0,0,33,0,M,2,12,39349,F
74654960,64,0,0,0,50,0,S,20,14,50374,F
74854469,29,0,0,0,21,0,S,0,18,36575,F
74823912,32,36,0,0,32,0,S,6,6,39975,T
73512031,59,36,4,126,46,0,M,14,10,42026,F
73269802,53,36,2,299,53,0,M,25,8,34697,F
75490601,26,24,6,963,34,0,U,5,16,49518,F
75674821,30,36,0,0,20,0,S,0,9,12377,F
71946429,65,48,0,0,50,0,M,23,9,72405,F
75458662,29,36,2,249,36,0,U,2,11,38104,F
72716530,59,0,0,0,41,0,S,14,12,71714,F
71388633,30,48,0,0,24,0,S,0,12,38173,F
74016188,48,36,0,0,45,0,S,18,17,57239,F
71780701,29,0,0,0,34,0,S,8,10,31855,F
75851244,42,0,0,0,58,0,S,26,8,25918,T
74899600,30,48,3,338,15,0,S,0,6,37241,F
75086717,33,48,10,425,39,0,M,11,7,39512,F
71518717,30,0,0,0,30,0,S,0,21,14479,F
73623643,29,36,0,0,34,0,U,5,12,37071,F
70316330,55,48,0,0,44,0,S,12,14,43716,F
74717242,54,48,1,299,45,0,M,15,10,60573,F
72315378,53,48,4,69,53,0,U,24,13,30492,F
72866914,36,36,0,0,24,0,S,0,7,11837,T
73196015,48,36,2,49,44,0,M,12,17,81421,F
75626685,29,12,0,0,34,0,S,4,12,54063,F
70192828,45,48,3,50,41,0,U,11,15,51065,F
70837603,54,36,0,0,47,0,S,17,12,80699,F
72457791,62,36,21,449,42,0,U,13,8,67209,F
72085033,57,48,2,178,50,0,M,19,8,66404,F
75960820,57,48,43,356,57,0,M,28,8,25244,F
72578836,30,36,26,204,34,0,M,8,11,36579,F
71858077,26,36,2,69,34,0,S,3,20,37423,F
75269415,29,24,0,0,34,0,M,4,17,37636,F
72598559,29,48,0,0,34,0,S,4,11,37905,F
72433780,54,48,24,475,54,0,S,22,10,30315,F
72495200,26,36,0,0,34,0,M,2,12,38326,F
73057371,29,48,0,0,27,0,S,0,7,39128,F
70566877,45,36,4,129,45,0,U,17,6,59274,T
71324648,68,48,1,69,68,0,M,38,12,31720,F
73366107,32,36,0,0,24,0,S,0,16,36812,F
70919933,54,48,3,20,45,0,S,15,9,42561,F
72252774,54,36,4,129,42,0,U,14,8,80233,F
75074614,28,48,4,99,36,0,M,5,5,37027,F
70003107,28,0,0,0,34,0,M,5,10,45378,F
71457807,31,36,16,495,40,0,S,15,9,39463,F
70762215,28,48,0,0,15,0,S,0,13,10479,F
72986935,31,48,1,249,15,0,S,0,11,39153,T
72404820,64,48,0,0,46,0,M,19,7,68054,F
73445726,31,0,1,0,31,0,U,4,12,36522,F
72282299,28,48,0,0,24,0,S,0,10,37442,F
74507945,29,36,0,0,34,0,S,3,9,38549,F
72026120,28,36,3,133,37,0,U,8,13,37654,F
71114991,28,36,0,0,40,0,U,12,13,38203,F
73134066,31,36,0,0,39,0,M,11,15,37877,F
70189876,28,48,0,0,15,0,S,0,11,38083,F
71852082,28,0,3,0,31,0,S,0,10,38960,F
73098861,29,36,5,115,24,0,S,0,8,39990,F
75964480,54,0,0,0,54,0,S,25,9,32559,F
73977114,28,48,0,0,28,0,S,0,14,39431,F
75323074,29,24,2,178,34,0,M,6,10,54406,F
73627023,30,0,0,0,26,0,S,0,10,13234,F
73883049,30,36,9,588,23,0,S,0,12,37110,F
74451876,51,36,0,0,51,0,M,25,9,31159,F
72745590,31,36,4,184,30,0,S,2,12,36931,F
72164295,28,48,0,0,37,0,S,7,4,39322,F
71268155,46,36,0,0,42,0,S,13,14,46334,F
70696770,47,36,4,347,51,0,U,23,10,32323,T
70107190,58,36,3,219,58,0,M,26,14,20467,F
73270765,31,48,4,94,33,0,U,3,9,36451,F
71646189,29,0,0,0,33,0,U,6,14,56458,F
75816996,29,36,0,0,31,0,S,0,18,38796,F
73633788,31,36,3,69,34,0,S,6,19,38265,F
75364108,27,12,0,0,33,0,M,7,11,33861,F
71416007,46,36,0,0,41,0,S,13,14,66686,F
74487775,54,48,0,0,54,0,S,23,11,30348,F
70906093,57,36,39,607,50,0,S,19,17,77562,F
72239808,29,36,0,0,24,0,S,0,14,11632,F
74765686,30,36,0,0,32,0,U,2,12,37236,F
71455569,30,36,0,0,24,0,S,0,10,38075,F
75958677,56,48,0,0,41,0,M,10,11,80065,F
71234137,30,36,0,0,35,0,S,7,9,36891,F
70149382,28,48,2,59,36,0,S,7,13,38978,F
72776697,29,36,0,0,31,0,S,0,10,38621,F
73545414,26,48,2,175,32,0,S,0,7,39162,F
74118779,27,36,3,212,31,0,M,1,12,39286,F
71913822,29,12,7,395,33,0,M,2,9,48788,F
70672218,31,36,5,244,19,0,S,0,10,38488,F
73912558,59,48,0,0,45,0,S,19,16,59535,F
74651989,51,48,4,199,51,0,M,27,12,32522,F
70448737,42,48,0,0,42,0,S,14,6,80701,T
75071885,36,0,0,0,23,0,S,0,15,39634,T
74717437,30,48,0,0,36,0,M,7,18,39143,F
72260842,31,36,0,0,28,0,S,0,7,39532,F
71307897,33,36,3,39,36,0,U,10,16,39946,F
74034927,60,48,4,807,47,0,M,17,10,60871,F
74812187,31,36,18,472,27,0,S,0,4,39232,F
73227569,45,36,0,0,43,0,S,11,6,64245,F
75855962,67,36,0,0,67,0,U,42,19,30091,F
70756176,37,0,1,0,18,0,S,0,11,37144,T
73231666,54,48,4,89,46,0,S,14,12,67930,F
72547310,33,12,0,0,33,0,S,0,7,65263,T
72535012,55,48,0,0,55,0,S,21,9,32303,F
72651487,30,36,0,0,24,0,S,0,13,37526,F
74594089,32,36,0,0,39,0,M,10,2,38729,F
71831709,36,36,0,0,36,0,M,6,16,39538,T
72852837,27,48,2,109,25,0,S,0,7,39080,F
75216767,30,36,4,117,39,0,M,5,6,38478,F
75872015,54,48,0,0,42,0,U,11,16,60524,F
73592410,28,48,4,238,18,0,S,0,14,14997,F
71116762,27,48,0,0,31,0,U,2,9,39004,F
74700864,29,36,3,349,33,0,S,1,7,48683,F
71553598,29,36,0,0,20,0,S,0,7,13691,F
75503063,58,48,0,0,49,0,S,25,6,57996,F
73258013,54,36,0,0,47,0,S,17,12,41098,F
70601128,31,36,0,0,33,0,U,1,9,43578,F
70311870,30,0,0,0,33,0,M,6,10,37833,F
71295084,53,48,3,99,53,0,S,30,6,33266,F
75315153,57,36,0,0,57,0,S,31,8,26518,F
71433455,26,36,0,0,34,0,U,5,19,39973,F
74010809,31,36,0,0,24,0,S,0,6,38105,F
75928232,27,0,0,0,33,0,U,5,12,38814,F
72871900,57,36,0,0,57,0,S,25,16,26539,F
75287948,44,48,0,0,42,0,U,13,9,65317,F
74730760,47,48,1,129,42,0,U,12,13,48514,F
73190211,26,48,0,0,32,1,U,4,9,38107,F
70721989,52,36,0,0,52,0,S,20,10,30376,F
70441662,33,48,5,254,30,0,M,1,10,37154,F
74893232,28,36,0,0,33,0,M,8,9,54304,F
73091305,57,48,0,0,57,0,M,28,11,23839,F
71861871,53,36,5,178,45,0,S,18,11,74291,F
73768632,30,36,2,219,35,0,S,1,14,37128,F
74309882,61,36,25,470,46,0,S,17,8,65672,F
70662442,31,48,1,89,22,0,S,0,11,38731,F
75099433,43,0,0,0,46,0,U,19,12,69790,T
70968658,28,36,43,435,30,0,U,4,10,36793,F
74286494,55,36,0,0,41,0,M,11,15,59328,F
71798925,54,48,0,0,50,0,S,21,13,75747,F
75732804,62,36,3,104,62,0,U,29,9,31365,F
74861227,30,48,0,0,33,0,U,7,10,56607,F
73986084,31,36,0,0,31,0,U,4,9,38912,T
71093130,59,36,0,0,42,0,U,10,14,52668,F
73232762,70,36,0,0,70,0,S,39,9,30093,F
70709214,30,0,0,0,30,0,U,1,9,11697,F
75985830,32,0,0,0,32,0,S,2,12,37153,T
71161335,27,24,0,0,32,0,S,0,15,26710,F
73001851,53,36,1,10,53,0,S,24,18,31021,F
71602696,31,36,2,124,27,0,S,0,12,38160,F
73571290,53,0,0,0,53,0,S,22,10,33066,F
71337959,29,0,0,0,25,0,S,0,7,11860,F
72739587,32,48,6,300,39,0,S,7,4,38829,F
75720319,32,36,0,0,40,0,M,11,7,39569,F
73918068,30,48,3,238,37,0,U,5,16,38641,F
74533333,31,48,0,0,32,0,S,0,14,49255,F
71426124,65,48,3,89,43,0,S,12,7,55771,F
70005787,51,36,0,0,51,0,M,20,7,33288,F
72664302,28,48,0,0,32,0,U,9,11,52239,F
75583256,70,36,0,0,70,0,M,38,11,34472,F
71688983,28,36,0,0,30,0,S,1,14,11282,F
74799745,27,48,0,0,26,0,S,0,4,37408,F
70982083,27,36,0,0,32,0,M,6,9,40295,F
71508229,35,0,1,0,35,0,S,2,8,37680,T
75490534,26,12,0,0,32,0,S,0,14,49921,F
74328847,33,48,4,156,33,0,U,4,9,38719,T
75688433,31,36,0,0,27,0,S,0,15,37050,F
73152429,31,48,5,199,14,0,S,0,13,39159,T
74700830,35,48,0,0,35,0,U,4,9,37214,T
72148361,33,48,0,0,30,0,M,2,11,36464,T
72709932,33,48,4,329,16,0,S,0,7,37063,F
73466089,51,36,4,66,43,0,S,13,11,47481,F
73663401,33,36,0,0,36,0,U,3,9,36622,F
70513116,64,0,2,0,50,0,U,20,7,50009,F
74255541,29,48,3,170,32,0,M,5,5,36853,F
71028408,33,0,0,0,40,0,S,12,14,37766,F
72293282,37,48,4,305,26,0,S,0,10,10337,T
71642838,32,12,0,0,32,0,S,0,15,38913,T
75786106,28,36,2,49,40,0,S,9,12,37158,F
71161664,27,48,2,120,33,0,U,6,13,37239,F
73714034,51,36,3,119,51,0,S,20,18,34632,F
72610324,26,36,0,0,28,0,S,0,16,37191,F
70471227,30,48,0,0,35,0,S,8,9,38543,F
71706609,40,36,5,86,40,0,U,10,8,38766,T
73802359,55,36,0,0,55,0,S,25,13,30137,F
73165072,55,36,0,0,55,0,M,24,11,34216,F
70019307,45,36,0,0,46,0,U,16,7,74952,T
74322356,33,36,0,0,39,0,U,8,13,36507,F
75774400,30,0,0,0,36,0,S,5,7,39659,F
70497130,28,24,0,0,32,0,M,3,14,45384,F
71607480,31,48,0,0,31,0,S,3,20,38005,F
75719010,51,36,4,119,51,0,U,20,11,34684,F
71860383,30,36,1,139,31,0,U,6,9,80647,F
70083744,37,48,1,219,20,0,S,0,7,12587,T
75729395,65,36,0,0,65,0,S,35,13,32475,F
71553652,70,0,0,0,70,0,S,38,14,32483,F
71207406,39,0,0,0,65,0,S,35,12,30221,T
70967098,58,0,0,0,48,0,M,16,10,38220,F
72173428,67,48,2,299,67,0,M,37,3,30398,F
71518311,28,0,0,0,34,0,U,6,12,37519,F
75845562,32,48,0,0,37,0,M,10,11,36546,F
73748651,28,48,0,0,31,0,U,3,9,39349,F
70242249,45,36,0,0,45,0,M,15,9,44828,T
73753608,31,48,2,129,31,0,S,0,7,37502,F
70304626,30,48,0,0,40,0,S,10,11,39342,F
72967525,31,24,3,124,31,0,U,1,10,60244,T
72729640,34,48,0,0,30,0,S,0,15,39903,T
75659016,30,0,0,0,34,0,U,4,9,39251,F
70295789,64,48,0,0,46,0,M,16,5,64772,F
73238270,32,36,2,149,38,0,U,8,13,38275,F
72494825,31,36,0,0,37,0,M,10,4,37124,F
75318060,32,0,1,0,30,0,S,0,5,37719,F
72101584,26,36,2,199,31,0,S,0,10,38442,F
71137024,26,36,2,94,35,0,U,5,12,38036,F
74500397,32,48,0,0,36,0,S,5,11,37190,F
73339042,27,36,4,269,83,0,M,57,19,38448,F
72068729,61,36,4,129,48,0,S,20,14,47842,F
73175918,61,36,0,0,41,0,U,11,13,55470,F
70406020,32,48,5,294,38,0,U,7,13,37037,F
74294600,51,36,3,312,51,0,U,20,11,30197,F
70097811,28,48,0,0,35,0,S,9,14,39536,F
71745494,59,36,1,109,41,0,M,14,7,64177,F
75631463,50,48,11,202,43,0,S,11,9,79524,F
75721591,29,36,0,0,34,0,S,2,7,38208,F
75713893,27,48,16,611,27,0,S,0,16,39151,F
75455989,26,48,0,0,35,0,U,2,13,38769,F
70453000,26,48,0,0,31,0,S,2,18,56174,F
74984180,56,36,0,0,46,0,U,18,9,75103,F
74907491,53,48,4,223,53,0,M,25,8,31847,F
70439062,31,48,2,65,37,0,U,5,19,39967,F
70745246,28,48,19,625,18,0,S,0,10,38819,F
71876151,31,36,0,0,37,0,S,7,13,37545,F
75255569,31,48,0,0,29,0,S,0,9,36467,F
73794053,46,36,16,401,54,0,M,25,9,32448,T
71082090,26,36,2,153,31,0,S,1,14,27747,F
73906671,30,36,0,0,30,0,S,0,10,41497,F
70249771,62,36,0,0,45,0,M,13,13,67063,F
72105568,28,36,0,0,39,0,M,8,11,39710,F
72818009,29,48,3,79,20,0,S,0,14,12824,F
70113004,58,48,17,402,49,0,M,19,19,55040,F
75014554,61,36,0,0,61,0,U,29,10,33329,F
75553421,51,36,3,9,43,0,M,10,2,71422,F
75428964,30,24,3,70,30,0,M,2,9,48788,F
75254553,47,0,1,0,43,0,U,10,14,72542,F
75813974,33,36,0,0,33,0,M,4,17,39571,T
72425130,63,36,2,94,46,0,U,20,17,65025,F
75232379,65,48,0,0,65,0,M,36,15,30118,F
74142944,29,36,0,0,17,0,S,0,15,38975,F
72679960,31,48,6,224,40,0,S,11,9,36760,F
71557283,61,36,3,298,61,0,U,33,11,32947,F
74914580,56,36,0,0,56,0,M,29,13,23102,F
75214316,31,0,0,0,30,0,S,0,11,37006,F
70844235,33,0,1,0,21,0,S,0,14,37775,F
72008715,36,36,0,0,36,0,M,7,8,37316,T
72138228,62,36,42,493,47,0,U,20,11,72245,F
73790650,61,36,0,0,46,0,M,12,14,72908,F
74493679,35,36,29,529,30,0,U,2,11,59932,T
71246740,59,0,0,0,46,0,S,19,20,71013,F
72924633,32,48,10,387,26,0,S,0,7,37285,F
71823123,61,36,1,124,61,0,S,31,8,31089,F
72109070,35,48,2,219,29,0,S,0,18,39629,T
70389830,29,36,0,0,38,0,M,7,11,38388,F
75102199,52,36,0,0,52,0,S,24,12,30274,F
72621224,38,36,2,13,38,0,S,7,13,39598,T
75857233,61,36,3,183,46,0,M,17,16,56764,F
73318626,30,0,2,0,25,0,S,0,7,38450,F
70090274,47,36,0,0,41,0,U,11,16,54299,F
71804110,35,0,2,0,30,0,S,4,14,39280,T
71876247,60,0,0,0,45,0,S,13,11,57935,F
71719073,65,48,4,139,50,0,M,25,11,52930,F
71503585,28,48,2,299,31,0,S,0,14,37578,F
73189899,35,0,0,0,35,0,S,5,7,37253,T
73707454,53,48,0,0,43,0,S,12,14,66532,F
73818972,61,36,3,108,43,0,M,14,12,51918,F
75972236,47,36,0,0,53,0,U,28,14,32765,T
72132650,55,48,0,0,48,0,S,21,13,74905,F
70931816,28,48,0,0,33,0,U,4,9,36807,F
70017036,43,0,0,0,48,0,U,22,11,79204,T
75109651,30,24,0,0,30,0,S,0,10,61512,F
71064551,29,48,0,0,26,0,S,0,7,38938,F
73557820,28,48,0,0,37,0,M,11,15,38911,F
74550011,26,36,0,0,25,0,S,0,18,36654,F
71409086,32,36,0,0,39,0,U,14,8,36634,F
70396531,43,36,4,42,43,0,U,17,11,65820,T
73798193,31,36,4,268,38,0,S,11,6,38880,F
70552265,32,0,0,0,32,0,U,8,16,38277,T
74345920,26,48,0,0,32,0,M,4,8,39200,F
70783828,48,48,3,183,42,0,S,10,10,76434,F
75682657,66,36,5,245,66,0,M,38,8,34549,F
70282416,51,48,0,0,51,0,U,21,7,31234,F
73578995,30,24,3,95,30,0,S,0,4,40287,F
73777993,30,36,0,0,37,0,U,7,10,36653,F
71112209,47,0,0,0,43,0,S,14,15,60310,F
71668786,32,48,2,109,32,0,U,2,13,37392,T
74670121,59,36,0,0,48,0,S,18,10,81337,F
73564703,30,48,0,0,35,0,S,4,14,36994,F
74503118,52,36,2,70,43,0,S,13,9,45877,F
72426188,31,0,0,0,40,0,S,12,7,39934,F
75271139,29,48,0,0,29,0,U,2,12,46816,F
74665466,26,36,0,0,35,0,U,9,19,36753,F
71593563,28,36,0,0,27,0,S,0,14,12250,F
75690674,31,48,0,0,35,0,M,3,11,37544,F
74391869,50,36,0,0,43,1,M,14,12,50068,F
70391086,29,36,28,383,27,0,S,0,18,38776,F
71789630,29,36,0,0,30,0,S,4,7,36993,F
71381302,36,36,52,432,36,0,S,7,8,36891,T
71662322,38,36,0,0,61,0,U,34,8,31084,T
72178150,29,36,16,440,29,0,S,0,7,37502,F
74099203,29,0,0,0,29,0,S,0,10,63015,F
74823590,30,36,0,0,30,0,S,0,4,38455,F
72465289,32,36,0,0,29,0,S,0,8,39413,F
75486792,32,48,3,79,36,0,M,10,2,38955,F
71399490,29,48,0,0,37,0,M,5,4,38925,F
73575673,29,0,0,0,28,0,S,0,9,39359,F
75184577,54,48,2,69,50,0,U,20,11,55963,F
75295599,29,24,2,60,29,0,S,0,15,38913,F
72207740,26,48,3,119,31,0,S,0,10,39300,F
75761719,60,48,0,0,49,0,M,20,11,52892,F
71156492,30,36,0,0,15,0,S,0,6,10261,F
73150231,30,36,0,0,24,0,S,0,10,37505,F
73351719,60,0,0,0,60,0,U,32,9,21750,F
73296461,29,36,8,676,29,0,S,0,16,50177,F
72161176,28,36,1,79,35,0,S,5,7,39612,F
75242254,29,24,0,0,29,0,S,0,12,43991,F
72667702,29,36,0,0,23,0,S,0,10,38717,F
70596459,31,48,0,0,11,0,S,0,7,38357,F
71079538,31,36,1,99,40,0,U,12,8,38907,F
73871014,29,36,2,69,29,0,S,0,7,65263,F
75516421,29,0,2,0,29,0,S,0,8,58465,F
73374500,54,0,0,0,41,0,S,13,14,39599,F
73867961,26,36,4,89,33,0,M,4,5,39476,F
75754203,31,48,0,0,25,0,S,0,15,36530,F
75225922,28,24,0,0,28,0,S,0,6,39207,F
73795469,27,48,0,0,27,0,S,0,7,39874,F
72571108,57,36,34,559,49,0,M,20,9,50506,F
73829893,56,36,0,0,45,0,S,18,11,48331,F
72905152,57,48,15,620,46,0,U,14,15,80250,F
71734401,28,0,0,0,28,0,S,2,18,56174,F
70577111,47,36,2,349,43,0,U,14,11,76793,F
70763108,31,48,0,0,32,0,U,4,11,37696,F
71751843,40,36,15,476,40,0,M,9,9,37306,T
71532214,55,36,43,293,43,0,M,15,15,72121,F
74129074,49,48,3,153,42,0,S,11,9,78089,F
72649569,30,36,0,0,26,0,S,0,7,13522,F
72285230,61,36,0,0,61,0,U,34,16,32705,F
74034761,43,36,0,0,48,0,U,17,14,44103,T
72081105,31,36,0,0,32,0,S,2,14,38039,F
72552603,56,48,4,25,44,0,U,13,12,60736,F
73519470,44,36,3,339,44,0,M,17,13,45026,F
70707567,45,0,0,0,44,0,U,14,16,61428,F
72594332,28,24,3,189,28,0,S,0,14,49921,F
72601218,27,36,0,0,19,0,S,0,7,36787,F
73414883,58,36,0,0,58,0,S,24,18,25311,F
71092373,32,48,0,0,37,0,S,9,12,36871,F
73201917,46,36,0,0,48,0,U,20,17,64599,T
70867447,31,48,9,631,35,0,U,4,9,36764,F
71409235,31,0,0,0,31,0,U,3,9,37067,T
75668971,75,36,0,0,75,0,M,46,13,25540,F
73518928,41,48,0,0,47,0,U,20,11,79848,T
70572992,60,36,3,30,43,0,S,13,14,52766,F
71930299,30,48,4,246,35,0,U,9,6,37783,F
75226413,28,0,0,0,28,0,S,0,17,32093,F
71566622,65,0,0,0,48,0,U,19,7,67483,F
71944508,53,48,2,79,41,0,U,11,13,68342,F
71087548,63,36,0,0,63,0,S,31,13,32171,F
71392499,32,48,3,229,19,0,S,0,14,39056,F
71598868,52,48,0,0,52,0,M,18,10,32564,F
72325631,58,0,1,0,48,0,S,20,18,57249,F
75530115,30,36,0,0,33,0,S,3,20,37028,F
72287572,28,24,1,119,28,0,S,0,14,49921,F
72046057,29,48,0,0,37,0,M,9,15,37009,F
72645528,55,48,31,408,48,0,U,20,9,58852,F
72174502,55,36,3,183,48,0,M,19,8,72732,F
72948252,62,48,3,69,49,0,M,21,8,43330,F
70756170,30,36,43,595,36,0,U,4,9,39571,F
74607982,29,36,0,0,38,0,S,5,7,39031,F
72099120,31,0,0,0,21,0,S,0,15,37823,T
72986518,52,48,0,0,41,0,M,9,14,69646,F
73228702,30,48,3,369,37,0,S,9,14,37419,F
70566102,30,48,0,0,30,0,M,1,10,37397,F
75100909,26,36,3,119,33,0,S,1,7,39449,F
73051800,30,36,0,0,28,0,S,0,8,37175,F
70198278,28,48,4,109,20,0,S,0,16,13250,F
70281213,61,48,2,91,48,0,U,18,9,72932,F
75512156,50,48,0,0,43,0,S,13,11,68132,F
74391905,30,36,0,0,27,0,S,0,14,37581,F
74011662,28,48,0,0,25,0,S,0,15,14475,F
70141257,28,0,0,0,28,0,S,0,15,42752,F
74562987,40,36,0,0,40,0,S,10,11,36516,T
70931987,63,48,0,0,46,0,M,16,5,48767,F
75117882,45,48,0,0,45,0,M,20,11,66640,F
74383495,30,36,0,0,39,0,M,12,14,39256,F
71243696,30,36,0,0,40,0,S,8,6,36865,F
73624044,28,48,0,0,40,0,S,11,11,37372,F
70161212,29,36,4,177,33,0,S,0,10,38701,F
74842947,32,36,3,134,28,0,S,0,8,37858,F
73564565,39,36,4,144,57,0,M,26,14,24973,T
74522420,60,48,0,0,47,0,U,20,17,56474,F
73977800,54,48,0,0,54,0,M,27,9,31641,F
71578478,58,48,1,219,43,0,S,14,12,39462,F
74789279,52,0,0,0,41,0,S,14,12,41400,F
70608234,30,36,4,120,21,0,S,0,14,37291,F
74327888,58,48,0,0,58,0,S,30,12,21437,F
73975762,58,36,5,238,43,0,U,12,11,78810,F
72931898,60,36,5,258,44,0,M,14,7,55474,F
72410857,28,36,4,222,28,0,S,0,4,40287,F
73160016,32,36,0,0,40,0,U,11,13,39528,F
71847583,62,48,25,932,47,0,S,14,12,50733,F
71339398,52,36,4,49,52,0,U,22,11,33000,F
71734590,29,48,41,597,40,0,U,10,11,39102,F
74594587,32,36,0,0,38,0,M,9,7,38423,F
70780266,31,36,2,150,35,0,S,10,14,38552,F
75331293,31,36,0,0,37,0,S,6,8,36640,F
73990544,29,36,2,119,35,0,S,4,14,36454,F
75377901,33,0,0,0,29,0,S,0,15,38267,F
74323695,73,0,1,0,73,0,S,39,9,25886,F
70786278,28,0,0,0,38,0,U,8,10,36942,F
72553693,56,48,0,0,56,0,M,27,9,22382,F
70179221,27,36,0,0,27,0,S,0,7,37502,F
71891486,30,36,0,0,28,0,S,0,15,38946,F
71152691,29,48,25,489,35,0,S,7,16,39483,F
74121275,29,48,0,0,36,0,S,2,8,37487,F
75671660,32,36,14,431,40,0,S,9,14,38358,F
70340181,33,36,0,0,38,0,M,9,14,36416,F
72074290,35,48,0,0,27,0,S,0,11,43220,T
71150091,51,48,2,59,43,0,S,10,10,54153,F
71672318,62,36,5,74,62,0,U,30,6,34178,F
74725669,53,36,0,0,53,0,U,25,5,31983,F
71085754,27,0,1,0,27,0,S,0,4,40287,F
71421514,27,48,0,0,27,0,S,0,7,37502,F
74121840,36,36,2,69,36,0,U,6,14,37065,T
74192888,26,48,3,219,20,0,S,0,14,39540,F
71313417,27,36,3,115,35,0,M,4,9,37163,F
75893197,33,36,4,60,28,0,S,0,7,38711,T
72972384,27,36,4,45,27,0,S,0,9,46236,F
75394952,52,48,3,299,43,0,U,12,12,81206,F
75910003,35,48,0,0,58,0,U,29,21,21907,T
74220278,27,48,0,0,26,0,S,0,7,38763,F
71916505,29,36,0,0,37,0,M,5,6,37628,F
75905231,59,36,0,0,42,0,M,14,7,72048,F
74073088,26,36,6,429,33,0,M,8,17,39776,F
73571106,63,36,0,0,63,0,S,38,10,30250,F
70294551,29,48,0,0,31,0,S,0,14,38043,F
70881271,56,0,0,0,46,0,M,16,8,52110,F
74197152,63,36,0,0,49,0,S,17,12,65705,F
71742322,54,36,3,94,50,0,M,21,8,40126,F
74818498,29,36,4,518,18,0,S,0,14,38331,F
74653108,31,48,0,0,39,0,M,12,9,36806,F
70335203,31,48,0,0,24,0,S,0,7,36939,F
73305855,50,0,0,0,53,0,M,21,14,33859,T
74790482,28,36,2,304,30,0,S,0,18,10553,F
73524079,26,12,1,179,26,0,S,0,15,42752,F
73972603,32,36,0,0,40,0,M,13,8,38169,F
74623730,26,48,2,189,26,0,S,0,15,42752,F
74108258,60,36,0,0,49,0,S,18,16,57096,F
71494793,31,36,0,0,23,0,S,0,7,38183,F
73851665,64,48,5,139,64,0,U,33,8,34049,F
70405844,28,48,0,0,30,0,S,0,7,37673,F
70712828,29,36,0,0,40,0,M,9,15,36783,F
75286986,30,0,0,0,14,0,S,0,14,10396,F
70817858,31,36,0,0,39,0,U,7,10,39562,F
74766094,36,36,0,0,36,0,U,2,9,39496,T
75232374,31,0,0,0,40,0,U,11,11,38995,F
74728226,57,0,0,0,57,0,U,28,11,25760,F
70872425,28,48,5,35,40,0,S,11,9,38740,F
73425167,30,0,0,0,38,0,M,7,15,36414,F
70622558,65,0,0,0,41,0,M,11,15,73234,F
71123835,63,36,27,366,41,0,M,12,9,60479,F
70623110,63,36,0,0,50,1,U,18,12,54050,F
70880763,63,36,0,0,43,0,S,14,12,54667,F
75546047,28,36,0,0,32,0,U,6,9,39761,F
74087149,26,48,0,0,32,0,M,4,5,39299,F
74847285,35,0,0,0,27,0,S,0,10,38120,T
70182731,44,36,25,408,44,0,U,13,9,56626,T
72840197,43,36,0,0,43,0,S,16,8,81093,T
70731338,39,36,6,87,39,0,S,14,8,39363,T
72398206,58,36,0,0,44,0,U,16,7,79614,F
71884228,55,48,4,299,45,0,S,18,17,68186,F
74245979,47,36,2,149,46,0,M,18,15,55041,T
74773971,39,36,0,0,39,0,M,6,14,39392,T
72080415,39,36,2,37,39,0,S,9,11,38449,T
74033982,29,48,0,0,37,0,S,10,11,38693,F
70536551,29,48,0,0,27,0,S,0,6,38574,F
73388727,65,48,2,249,41,0,M,10,2,46514,F
70185215,31,36,2,349,24,0,S,0,12,36687,F
74797510,26,0,0,0,26,0,S,0,10,31972,F
73074765,57,0,0,0,46,0,U,17,17,61831,F
70895658,26,36,3,126,26,0,S,0,19,40494,F
73194981,65,36,2,329,22,0,S,0,9,38014,F
72283455,65,0,3,0,47,0,M,12,14,58601,F
70049395,26,0,0,0,26,0,S,0,7,37502,F
72743065,28,24,0,0,25,0,S,0,14,24127,F
74199761,54,36,0,0,45,0,U,14,15,62527,F
75166817,32,12,0,0,25,0,S,0,10,17864,F
72609222,28,48,0,0,40,0,M,12,9,37397,F
71476025,27,48,0,0,33,0,M,6,12,38596,F
73992949,29,36,0,0,29,0,S,0,10,39032,F
73644336,26,48,2,299,34,0,S,0,9,37212,F
75844098,31,0,0,0,25,0,S,0,14,23679,F
74113411,30,24,0,0,24,0,S,0,7,18180,F
72365126,57,36,0,0,57,0,U,25,15,26379,F
74890264,29,36,1,59,24,0,S,0,14,39894,F
73730537,30,0,0,0,21,0,S,0,18,39569,F
73977770,62,48,0,0,62,0,U,35,18,31648,F
70037241,38,36,0,0,30,0,U,2,13,36468,T
71870055,79,0,0,0,79,0,U,48,11,24104,F
70972736,30,0,0,0,18,0,S,0,7,36494,F
75568029,62,48,0,0,47,0,M,18,14,49126,F
71277020,30,36,0,0,38,0,S,4,12,37871,F
73129136,30,36,0,0,24,0,S,0,7,19806,F
70771647,53,48,0,0,53,0,U,26,16,33907,F
71947142,53,36,0,0,53,0,U,22,7,32935,F
71302375,26,36,0,0,32,0,S,0,4,37834,F
70463252,54,36,0,0,44,0,S,13,7,67065,F
72970883,51,48,2,199,43,0,S,15,6,46315,F
71017250,52,36,5,89,52,0,S,19,16,33233,F
70555147,32,36,0,0,40,0,S,12,13,37986,F
71680662,64,0,1,0,49,0,U,16,16,54900,F
72705904,57,0,0,0,42,0,U,14,11,76651,F
75602874,29,0,7,0,40,0,S,11,6,38455,F
71320550,57,36,2,299,49,0,S,18,11,66466,F
71382108,28,48,1,89,36,0,U,8,10,39991,F
75085175,54,36,2,29,47,0,U,18,6,47918,F
75956861,31,48,5,299,31,0,U,2,12,39377,T
73373181,29,36,0,0,38,0,S,8,9,39681,F
71235048,53,0,0,0,53,0,U,23,12,34406,F
70210491,29,48,0,0,36,0,M,6,10,39374,F
70190102,36,36,2,131,36,0,U,5,12,37794,T
74181432,55,48,5,278,44,0,M,11,15,82162,F
71587675,58,48,3,189,43,0,U,14,11,53140,F
70218962,32,0,1,0,40,0,M,12,14,39386,F
72654277,53,48,0,0,53,0,S,26,9,31151,F
73692149,51,48,0,0,51,0,U,21,9,31276,F
75955738,54,36,0,0,54,0,M,23,9,33424,F
73532650,31,36,1,59,36,0,S,7,10,36626,F
71617854,34,48,0,0,34,0,S,7,10,36507,T
75098135,51,36,38,905,41,0,U,8,12,48947,F
71344941,51,36,15,399,51,0,M,20,11,34174,F
70704940,30,48,1,170,24,0,S,0,15,18680,F
71703970,52,48,19,543,52,0,S,26,8,34538,F
70915310,51,36,28,307,51,0,U,22,12,32251,F
75691902,33,36,0,0,23,0,S,0,15,22791,F
73531682,49,48,0,0,42,0,U,16,8,61068,F
72765390,53,48,0,0,53,0,M,24,15,32000,F
72290445,29,36,3,60,35,0,S,6,14,38190,F
70242164,30,36,4,198,38,0,U,10,8,39894,F
74333230,32,36,5,95,39,0,U,11,13,37981,F
75592731,79,36,2,17,79,0,S,51,14,25325,F
74821051,61,48,0,0,46,0,S,19,16,75277,F
70555895,58,48,2,199,41,0,U,11,18,53747,F
72730497,53,0,0,0,53,0,M,25,13,30340,F
74526310,29,36,0,0,29,0,S,0,10,36455,F
73107822,53,36,5,252,42,0,U,10,8,79638,F
70934095,44,36,28,392,43,0,U,13,12,48325,F
73086879,62,48,0,0,43,0,S,17,10,39744,F
72597144,36,36,2,82,36,0,S,7,13,37715,T
72761130,31,48,0,0,34,0,M,7,8,39368,F
70146773,27,36,0,0,23,0,S,0,10,19864,F
75064468,61,36,6,143,47,0,M,14,10,75528,F
71510559,31,36,0,0,36,0,M,7,6,37171,F
70604161,59,48,0,0,44,0,U,12,11,65055,F
70514778,28,36,0,0,23,0,S,0,11,22909,F
72939597,27,36,5,452,23,0,S,0,4,38119,F
72620821,56,36,0,0,44,0,M,12,9,54561,F
70716483,29,36,0,0,28,0,U,1,9,39243,F
74690558,30,48,0,0,37,0,U,6,8,37033,F
70457675,54,36,24,519,42,0,U,16,8,39896,F
75504560,62,36,0,0,62,0,S,35,12,30213,F
72065620,55,36,3,149,28,0,S,0,18,62862,F
73161788,57,0,0,0,57,0,S,26,8,20375,F
71664313,58,36,0,0,44,0,M,15,11,44813,F
72941556,28,0,0,0,22,0,S,0,8,23998,F
75901862,62,48,0,0,44,0,U,17,7,58620,F
72473447,56,48,0,0,56,0,M,22,10,24091,F
72379802,30,36,0,0,26,0,S,0,14,39839,F
72425446,30,36,3,199,38,0,M,9,9,37864,F
75785040,35,36,0,0,25,0,S,0,15,38458,T
75668565,49,36,0,0,41,0,M,7,11,59681,F
72357199,28,0,0,0,30,0,U,2,13,39254,F
75072860,26,36,0,0,34,0,M,4,11,38783,F
75164580,30,36,4,90,33,1,S,8,9,39167,F
74478815,31,48,1,249,32,0,M,1,15,39992,F
70458651,29,36,0,0,35,0,U,3,7,38450,F
74929265,57,48,0,0,57,0,S,30,12,23683,F
71147254,26,36,0,0,32,0,S,0,19,39058,F
72061195,28,36,0,0,29,0,S,0,10,38156,F
73111793,59,36,0,0,45,0,U,18,6,60020,F
72048517,31,0,1,0,32,0,S,0,15,38455,F
71119863,28,48,3,109,36,0,M,7,6,38581,F
71109345,27,0,0,0,21,0,S,0,7,38881,F
70404139,55,36,0,0,55,0,M,24,4,34966,F
74734488,26,36,4,269,22,0,S,0,7,24276,F
75766495,29,24,3,112,21,0,S,0,18,24815,F
73901650,31,36,0,0,33,0,U,4,10,38110,F
70570179,57,36,6,163,49,0,M,21,13,44510,F
71234961,32,48,0,0,24,0,S,0,9,37804,F
70214701,29,0,0,0,21,0,S,0,16,23442,F
74614619,31,36,0,0,18,0,S,0,14,38983,F
73689280,29,36,0,0,20,0,S,0,9,10635,F
74409031,60,48,0,0,27,0,S,0,18,62064,F
70129557,53,48,0,0,53,0,M,26,13,32783,F
72500326,28,24,2,169,19,0,S,0,4,10849,F
70383596,51,48,4,150,51,0,M,22,14,34094,F
70963788,68,48,0,0,68,0,S,35,5,34165,F
74005292,31,24,28,519,19,0,S,0,16,10024,F
73975731,31,36,2,35,40,0,S,7,9,36839,F
72311852,28,48,0,0,34,0,U,5,12,36467,F
75232310,31,36,0,0,37,0,U,5,12,38879,F
72054508,32,36,0,0,32,0,M,2,10,37683,T
71847614,27,0,0,0,34,0,U,7,10,37375,F
71713159,29,36,3,60,33,0,S,0,14,37533,F
75443318,42,36,0,0,81,0,U,52,11,65165,T
70382121,26,36,5,206,25,0,S,0,15,39258,F
71993326,32,36,3,363,36,0,U,5,12,36420,F
74300929,40,48,23,429,49,0,M,16,10,59695,T
70810805,28,36,2,65,29,0,S,3,9,38201,F
75421189,59,36,0,0,23,0,S,0,14,19352,F
72001077,26,0,0,0,20,0,S,0,10,39859,F
73225563,57,36,0,0,42,0,S,14,15,51434,F
75948818,63,36,3,35,46,0,S,20,10,57108,F
74100731,34,36,0,0,18,0,S,0,7,10757,T
73020887,56,36,0,0,29,0,S,0,14,23433,F
74926459,30,48,0,0,18,0,S,0,14,12568,F
71116380,64,36,2,239,45,0,M,20,11,39229,F
70773468,73,36,1,249,73,0,M,42,13,25805,F
73331332,58,48,0,0,46,0,M,18,13,46815,F
73428106,31,36,5,214,17,0,S,0,7,10302,F
72625550,33,36,0,0,11,0,S,0,17,37124,F
73193824,63,48,0,0,44,0,U,14,8,64198,F
70719659,64,36,0,0,64,0,S,35,12,31760,F
71247015,30,36,0,0,19,0,S,0,9,37642,F
75468471,51,36,0,0,45,0,M,15,9,78257,F
72122606,55,36,2,119,27,0,M,3,11,61417,F
70056229,58,48,0,0,18,0,S,0,14,78542,F
73818766,56,36,0,0,43,0,U,15,9,78695,F
70274139,39,0,0,0,30,0,S,0,10,38675,T
70574633,62,36,3,69,48,0,S,17,9,73430,F
71256842,44,36,0,0,45,0,U,12,13,47654,F
75397838,59,36,0,0,41,0,U,15,7,43436,F
73065698,27,36,22,528,29,0,S,0,9,38985,F
75163400,27,36,0,0,32,0,M,1,12,38342,F
75448779,31,48,0,0,16,0,S,0,16,12748,F
70930687,29,36,0,0,16,0,S,0,11,10141,F
74457139,40,48,5,149,40,0,M,8,12,36453,T
73973858,30,36,2,89,38,0,U,7,10,37693,F
72639037,30,36,0,0,39,0,S,8,13,36813,F
75555961,50,36,0,0,43,0,S,16,15,52633,F
74099894,55,36,0,0,41,0,M,10,2,42515,F
73255359,54,36,0,0,50,0,S,23,11,82051,F
74707431,33,36,0,0,27,0,S,0,7,54607,F
72829093,51,36,0,0,41,0,U,12,12,81487,F
75560010,54,48,0,0,42,0,M,12,9,52960,F
71183604,26,36,0,0,34,0,S,0,14,38914,F
71839203,27,48,0,0,28,0,S,0,10,38096,F
75289609,53,36,0,0,53,0,M,25,8,33761,F
75403616,28,48,0,0,36,0,M,8,12,39912,F
71658482,29,36,6,109,38,0,U,11,15,37116,F
75039119,45,48,0,0,25,0,S,0,15,17642,F
70941508,61,36,0,0,61,0,U,30,6,32221,F
72714760,52,36,0,0,43,0,M,11,13,82644,F
74021164,51,48,0,0,22,0,S,0,4,58215,F
72763970,27,36,2,20,31,0,M,2,11,38183,F
72565496,63,48,4,150,47,0,U,15,15,75759,F
71428750,32,36,0,0,18,0,S,0,15,39573,F
71402451,56,36,15,430,47,0,S,20,10,49133,F
75261720,56,36,0,0,56,0,M,32,6,25582,F
75103314,30,12,0,0,16,0,S,0,18,10202,T
73572715,30,36,0,0,40,0,M,12,14,38405,F
72825786,28,48,0,0,29,0,S,0,14,37562,F
74158608,51,48,4,158,41,0,S,11,11,73722,F
71971019,60,36,3,218,41,0,S,11,13,60995,F
70704259,29,36,0,0,22,0,S,0,7,37613,F
71188866,60,36,2,40,41,0,M,13,10,57340,F
70589667,46,36,0,0,46,0,S,16,9,50316,T
75836993,61,36,0,0,61,0,M,33,9,33680,F
71213572,60,36,0,0,46,1,S,18,16,52972,F
73461257,64,36,0,0,43,0,S,8,9,75442,F
73163222,31,36,3,79,22,0,S,0,14,38278,F
74449972,57,0,0,0,43,0,M,15,14,47798,F
71873442,30,48,2,69,25,0,S,0,7,38226,F
72884526,62,48,0,0,62,0,S,36,11,32750,F
71352343,55,36,2,60,43,0,S,16,8,82310,F
71989742,56,48,0,0,56,0,M,21,14,20908,F
71553762,29,0,9,0,34,0,M,1,12,39815,F
71664009,38,0,0,0,26,0,S,0,7,38792,T
75271582,30,36,1,239,21,0,S,0,14,39364,F
70884981,44,36,0,0,30,0,S,0,15,42946,F
74839221,30,48,5,159,34,0,M,5,6,39998,F
70639712,63,0,10,0,63,0,M,37,11,33055,F
73552671,51,0,1,0,51,0,S,17,10,33194,F
74055670,30,48,15,804,24,0,S,0,4,37096,F
73942557,27,36,34,431,30,0,S,0,16,37636,F
75456445,31,36,0,0,37,0,S,5,18,39077,F
72965608,58,48,3,179,50,0,M,18,14,73607,F
75393894,40,48,2,69,26,0,S,0,13,53820,T
73773805,33,0,0,0,37,0,S,8,9,38317,F
75544041,29,48,4,179,34,0,U,3,7,37747,F
73622170,72,0,9,0,72,0,M,42,9,24029,F
71601139,55,36,0,0,44,0,M,13,9,40700,F
73216110,58,36,0,0,46,0,M,13,12,68183,F
70094025,33,48,5,127,40,0,M,10,11,36819,F
71854720,28,48,0,0,15,0,S,0,14,10928,F
70554257,57,36,3,200,57,0,S,29,9,22108,F
70850757,29,36,24,436,25,0,S,0,16,37218,F
70041491,34,36,0,0,34,0,S,5,7,38301,T
75417934,28,12,0,0,15,0,S,0,14,12616,F
74025998,44,36,0,0,44,0,M,15,15,63328,T
74860715,46,36,4,183,42,0,U,15,7,43941,F
73884164,30,36,0,0,31,0,S,0,4,37969,F
70287043,29,36,0,0,28,0,S,0,7,38514,F
70525000,27,36,3,128,31,0,U,3,9,36581,F
74257508,32,36,0,0,40,0,M,13,12,38904,F
71562088,40,36,0,0,47,0,M,22,7,65339,T
75436889,32,36,0,0,39,0,U,12,11,36700,F
70839766,55,36,5,123,49,0,U,17,10,38230,F
74508435,35,36,0,0,22,0,S,0,14,38970,T
74705553,47,36,0,0,44,0,S,17,8,58104,F
75062952,58,36,5,242,49,0,U,17,10,39979,F
75126807,52,48,0,0,25,0,S,0,18,39263,F
75022227,27,48,0,0,20,0,S,0,16,36694,F
74056314,28,48,0,0,39,0,S,9,12,36987,F
75910798,47,48,42,511,42,0,S,12,13,57100,F
72419602,31,48,0,0,34,0,S,6,19,39371,F
72192590,57,36,0,0,49,0,U,21,12,68284,F
72761511,28,36,0,0,25,0,S,0,15,38372,F
75402296,28,36,0,0,36,0,U,7,10,39714,F
70919364,33,36,0,0,29,0,U,1,9,37632,F
72980963,33,36,0,0,23,0,S,0,6,36677,F
75282739,48,48,23,441,42,0,U,14,11,48999,F
70225209,28,36,0,0,24,0,S,0,10,39188,F
75897730,33,48,2,99,24,0,S,0,21,39250,F
72775961,35,48,0,0,15,0,S,0,11,11191,T
70598046,28,48,2,299,12,0,S,0,7,38713,F
75587386,27,48,4,199,28,0,S,0,16,36470,F
71045763,33,36,0,0,26,0,S,0,17,38186,F
73214796,26,36,0,0,14,0,S,0,15,10578,F
71660267,31,48,0,0,23,0,S,0,11,39666,F
75091571,57,36,0,0,57,0,M,27,15,21576,F
71284867,51,0,0,0,51,0,S,19,20,30532,F
74919596,58,48,3,278,44,0,U,13,9,41816,F
75336726,33,0,1,0,26,0,S,0,14,38055,F
72295867,58,36,2,59,58,0,S,29,10,24287,F
75864022,27,48,0,0,18,0,S,0,10,39192,F
75468764,29,36,0,0,40,0,U,11,12,38752,F
73831154,47,36,0,0,41,0,S,15,17,80063,F
74775302,29,0,0,0,31,0,S,0,14,37865,F
71532697,31,36,0,0,31,0,S,0,10,39307,T
73335464,46,36,0,0,29,0,S,0,6,41432,F
71515112,29,12,0,0,14,0,S,0,7,12167,F
71105296,37,36,0,0,29,0,S,0,21,36740,T
75248326,55,48,7,466,44,0,M,15,12,72698,F
75145336,28,48,4,299,83,0,S,55,9,63578,F
71037427,45,48,2,129,45,0,U,14,8,53632,T
73603030,48,36,0,0,42,0,U,7,13,82423,F
73283634,63,36,0,0,42,0,M,13,4,67828,F
72908621,31,0,0,0,39,0,U,8,13,39276,F
73424724,31,48,3,69,33,0,U,6,11,39032,F
74040431,51,0,9,0,51,0,S,19,16,33908,F
71246902,29,0,0,0,38,0,U,6,14,39312,F
71304207,33,48,0,0,38,0,S,8,6,37014,F
74707186,54,36,2,70,11,0,S,0,7,76662,F
75654751,31,36,5,109,23,0,S,0,14,38853,F
70635835,28,36,41,474,28,0,S,0,7,36675,F
74514427,28,48,1,109,30,0,U,1,9,14199,F
