Customer_ID,Age,Age_BIN,DNI,Gender,Marital_Status,Age_Youngest_Child,Homeowner
5409,32,31-35,66095696,Fem,,11,F
5477,61,61-65,63287986,M,M,13,F
5507,35,31-35,64878180,F,U,1,T
8,59,56-60,66334520,M,U,15,F
158,32,31-35,65809116,F,S,0,T
173,51,51-55,63359062,F,S,14,F
5408,40,36-40,60415132,,U,7,F
5579,33,31-35,69106106,F,S,7,F
63318,68,66-70,67532209,F,S,44,T
5732,33,31-35,68637499,M,S,2,T
5747,64,61-65,68297385,F,S,31,T
5832,57,56-60,60837084,F,M,14,F
5803,29,26-30,60537792,M,U,10,F
5833,30,26-30,66154900,F,U,6,F
5960,59,56-60,61897418,F,M,29,F
323,31,31-35,63524361,F,S,0,F
442,52,51-55,60237885,F,M,21,F
6101,48,46-50,64159414,F,S,7,F
6331,78,76-80,66052353,M,U,49,T
6366,29,26-30,63462518,F,U,6,T
21778,66,66-70,62784134,M,M,42,T
6337,57,56-60,64718217,F,U,23,F
29858,62,61-65,67181685,M,M,44,F
959,60,56-60,65463002,F,S,22,F
6882,52,51-55,64981205,F,M,22,T
6946,32,31-35,66399468,F,S,0,F
7068,42,41-45,61069528,M,U,10,F
7100,30,26-30,60457333,F,S,0,F
7186,30,26-30,66911852,M,S,0,T
7266,59,56-60,62493114,F,M,13,F
6989,27,26-30,66198827,M,S,0,F
7048,60,56-60,68555627,M,M,18,F
7367,43,41-45,69008636,M,S,15,T
10692,59,56-60,67840766,F,M,13,F
1478,32,31-35,64719319,F,M,10,F
1644,45,41-45,67004514,M,S,12,T
81446,67,66-70,68904056,F,S,40,F
37,27,26-30,68263770,M,M,1,F
65873,62,61-65,60118553,F,M,41,T
53,29,26-30,63379984,M,S,4,F
1695,33,31-35,64758553,F,S,10,F
1794,33,31-35,63676002,F,M,2,F
11362,28,26-30,69057454,F,S,13,T
11380,56,56-60,69227953,M,S,20,T
469,32,31-35,68012626,F,M,4,F
11548,47,46-50,69156003,M,U,19,F
43246,62,61-65,61471186,M,U,36,F
769,26,26-30,69821443,M,M,1,F
85739,56,56-60,64494180,M,,30,T
5504,31,31-35,66816562,M,S,8,F
5520,62,61-65,66096389,F,M,15,F
11044,62,61-65,62178126,M,S,30,F
11831,58,56-60,64430045,F,M,28,T
1012,56,56-60,66060028,F,U,14,T
5606,36,36-40,61561396,F,U,8,F
5656,59,56-60,67696343,F,M,13,F
12080,31,31-35,64803300,,S,2,F
12333,62,61-65,68546903,M,M,20,F
12366,33,31-35,65579393,M,S,0,F
1416,28,26-30,61026032,M,U,5,T
12450,65,61-65,68937742,M,U,19,T
25758,57,56-60,66198546,M,U,35,F
1707,30,26-30,63971558,F,S,0,F
6258,31,31-35,66644414,F,S,9,F
6275,40,36-40,67175846,F,S,10,F
6390,52,51-55,63229944,M,M,21,F
6407,37,36-40,61750230,F,S,0,T
1975,29,26-30,61148913,F,M,13,F
449,31,31-35,63928270,F,S,0,F
6592,59,56-60,63878395,F,S,32,F
6706,29,26-30,63927004,F,S,13,T
515,57,56-60,63942908,F,U,31,F
6757,26,26-30,66649688,M,S,0,F
7110,54,51-55,68203969,M,S,26,T
7176,45,41-45,65494668,M,M,13,F
31204,55,51-55,60648234,M,M,36,F
15255,56,56-60,68430947,M,U,34,F
11635,33,31-35,60304844,M,M,4,T
11749,28,26-30,66678351,M,S,5,F
11753,55,51-55,63232881,M,U,19,F
7294,54,51-55,62522367,F,S,28,F
10684,52,51-55,69340344,M,U,21,T
1586,30,26-30,65751637,M,S,0,F
1620,62,61-65,61773222,M,U,18,F
10719,39,36-40,64680607,M,S,10,F
10853,60,56-60,62681871,F,M,29,T
1669,29,26-30,65993373,F,S,0,F
20015,60,56-60,69210693,Fem,U,33,T
12192,28,26-30,60145552,F,S,1,F
10918,27,26-30,66917197,F,S,5,F
10955,33,31-35,64516615,M,M,6,F
11002,30,26-30,62432491,,,0,F
1968,35,31-35,65400753,M,M,3,F
12237,56,56-60,61667039,F,U,20,F
12401,26,26-30,66616395,F,M,4,T
11254,50,46-50,68584599,M,U,17,F
16174,45,41-45,65048695,F,M,18,T
12603,31,31-35,60563608,M,S,0,T
7364,51,51-55,65245141,M,M,24,F
7371,26,26-30,63866416,F,S,5,F
11353,33,31-35,68580733,M,S,0,F
11473,55,51-55,65475884,F,S,0,F
16542,56,56-60,65265712,F,U,17,F
16595,55,51-55,65209183,M,M,25,F
38751,68,66-70,67759416,F,S,35,F
11740,62,61-65,63069933,M,M,28,F
16760,41,41-45,69691377,F,U,16,F
70233,60,56-60,69325331,F,M,29,F
11954,54,51-55,68840730,F,S,22,F
7957,52,51-55,60553720,F,M,20,F
16912,65,61-65,61755198,F,U,38,F
16929,30,26-30,68976066,M,U,1,F
4896,55,51-55,64136351,M,M,31,F
17060,75,71-75,65277033,F,M,47,F
12057,31,31-35,61858526,M,U,1,F
8089,27,26-30,62665535,F,M,3,F
43827,57,56-60,69542768,F,U,30,T
17193,55,51-55,61345104,F,S,15,T
8359,56,56-60,62435231,M,S,13,T
12241,30,26-30,69882462,F,M,2,F
12389,47,46-50,61792180,F,S,0,F
17529,27,26-30,64925274,F,M,5,F
8716,64,61-65,62934601,F,U,33,F
12574,61,61-65,67565558,F,S,18,F
17713,50,46-50,66269035,M,S,0,F
17798,31,31-35,63946562,F,S,0,F
54671,59,56-60,63972434,M,U,30,T
8825,69,66-70,69714088,M,M,40,T
8918,31,31-35,62049417,M,U,3,T
8961,44,41-45,60514933,M,U,12,F
55938,55,51-55,64760531,F,U,27,F
7459,52,51-55,63058140,F,M,15,F
7542,29,26-30,63811283,F,M,9,F
8977,31,31-35,66066226,M,S,8,F
9184,33,31-35,66725943,F,S,12,F
9193,28,26-30,60785450,F,U,53,T
7629,29,26-30,62784424,F,S,0,F
7695,40,36-40,63601219,M,U,17,F
9361,62,61-65,67491654,M,U,17,F
9393,51,51-55,66587923,F,M,18,F
13085,56,56-60,61161915,F,M,18,T
7929,58,56-60,62244156,F,M,15,F
2234,32,31-35,64012114,F,S,13,F
8144,29,26-30,61930334,M,S,0,F
2302,33,31-35,62400313,M,M,9,F
2382,29,26-30,64330660,F,M,9,T
13585,41,41-45,68674089,,M,18,F
8361,26,26-30,61490487,F,S,0,F
8364,62,61-65,65340880,F,S,0,F
8445,51,51-55,64355386,F,U,19,T
2850,45,41-45,60542927,M,U,18,F
13935,56,56-60,65910530,M,S,12,F
8781,56,56-60,68119568,M,U,25,F
8913,54,51-55,63574401,M,,16,F
3070,59,56-60,64995325,M,S,0,T
14220,54,51-55,64054481,F,M,17,F
3395,64,61-65,63779421,F,M,14,T
9131,60,56-60,67256367,M,S,17,F
14436,45,41-45,64369610,F,M,21,F
14539,33,31-35,69728049,F,M,8,F
539,29,26-30,64815926,M,S,31,F
3636,51,51-55,63374341,F,S,18,F
14654,54,51-55,68333639,F,M,18,F
9213,62,61-65,61072780,F,M,20,T
9263,32,31-35,61882175,M,S,7,F
7684,31,31-35,67230197,F,M,3,F
7820,28,26-30,63018584,F,U,14,F
2296,27,26-30,62565009,M,M,7,F
2297,31,31-35,65198267,M,S,0,T
2344,29,26-30,62055198,M,U,14,T
2495,27,26-30,64285253,M,S,0,F
2529,59,56-60,64612357,F,S,20,F
9747,32,31-35,60113767,M,M,13,F
9804,53,51-55,64303192,M,M,26,F
2664,59,56-60,60993336,F,S,15,T
2749,36,36-40,62970247,M,M,7,T
8523,51,51-55,64087884,M,U,26,F
8603,29,26-30,61180581,M,M,2,F
10304,30,26-30,61913512,M,S,0,T
2982,64,61-65,66224886,F,M,35,T
3014,62,61-65,64015522,F,M,35,F
3046,28,26-30,69964249,F,U,7,F
3133,41,41-45,66426081,M,S,0,F
3330,58,56-60,66925434,M,U,28,F
8972,54,51-55,62153919,M,M,27,F
21318,45,41-45,62044827,F,M,16,T
66898,46,46-50,61301357,,S,26,F
9124,34,31-35,69692642,F,M,5,T
3599,50,46-50,61971828,F,U,11,F
3667,45,41-45,62216300,F,S,19,T
3766,47,46-50,62232691,F,S,9,F
3784,32,31-35,66883537,F,U,6,F
9341,59,56-60,66558448,M,U,28,F
2136,61,61-65,67633528,M,S,16,F
21836,32,31-35,65870807,M,S,7,F
3818,32,31-35,68966611,F,S,0,F
3849,47,46-50,60458951,F,S,23,T
2369,56,56-60,60859589,F,U,25,F
4050,30,26-30,62365104,F,M,9,T
2489,30,26-30,67477611,F,M,5,F
16088,57,56-60,64815491,M,U,14,F
16136,53,51-55,66891473,M,S,0,F
61316,52,51-55,60701324,F,U,29,F
2656,29,26-30,60295921,Fem,S,7,T
63697,30,26-30,64957554,F,,31,T
16381,48,46-50,69081150,F,U,18,F
16488,59,56-60,62922842,M,U,18,F
9699,29,26-30,64270910,M,U,15,F
54545,55,51-55,63422961,M,S,30,F
3223,33,31-35,65815695,M,S,0,T
3524,60,56-60,63763832,M,U,12,T
17006,57,56-60,68512037,F,M,21,T
17040,57,56-60,63304881,F,U,15,F
5030,57,56-60,68624458,M,S,27,F
17101,33,31-35,66053322,M,S,0,F
4816,59,56-60,66873050,M,S,26,F
10369,64,61-65,65760282,F,S,19,F
10453,26,26-30,67818998,M,S,0,F
3876,54,51-55,61830409,F,S,0,T
17360,50,46-50,61259166,M,U,14,T
21265,51,51-55,68766516,M,M,15,T
21280,27,26-30,67670883,M,M,2,F
21350,26,26-30,69493931,F,S,0,F
17594,27,26-30,60479756,F,S,0,F
17649,39,36-40,62294909,F,S,0,F
21464,71,71-75,60595294,M,U,41,T
84964,55,51-55,67424734,M,S,26,F
17826,47,46-50,60310120,M,M,16,F
78037,65,61-65,69490754,,M,28,T
16827,28,26-30,69017655,M,U,29,T
21848,56,56-60,62692848,M,M,24,F
21918,49,46-50,68635708,M,U,11,F
16017,30,26-30,60260268,F,U,4,T
16115,30,26-30,69678387,M,U,9,F
16754,27,26-30,67247039,F,S,0,T
17121,29,26-30,60217680,M,S,7,F
17403,33,31-35,68819232,M,S,6,T
17487,31,31-35,68787133,F,M,4,F
17539,32,31-35,66558412,M,M,7,F
17673,59,56-60,69249055,F,M,29,T
6418,59,56-60,68085791,M,S,17,F
6513,29,26-30,68836101,F,U,5,T
6579,38,36-40,66172622,F,S,8,T
6638,29,26-30,64894956,M,S,0,F
23951,30,26-30,61322853,M,S,28,T
6979,29,26-30,63462973,F,M,5,F
7029,32,31-35,68239233,M,M,11,F
7197,28,26-30,61576336,M,S,3,F
7222,30,26-30,63398500,F,,0,T
17921,57,56-60,69814083,M,U,16,F
17944,33,31-35,64449321,M,M,10,F
12705,31,31-35,65328861,M,U,4,T
12760,67,66-70,65196005,M,S,37,F
12805,43,41-45,62266749,M,M,22,F
12912,33,31-35,65866178,M,U,6,F
14939,30,26-30,65601528,F,S,4,T
18636,32,31-35,60399720,M,S,30,F
13089,58,56-60,61729495,M,U,13,T
13125,58,56-60,63000835,F,S,10,T
13143,54,51-55,63759264,F,M,17,T
13355,29,26-30,61387983,,S,9,F
13362,56,56-60,66069355,F,U,14,F
37441,28,26-30,63449077,M,M,29,T
13582,33,31-35,65294609,M,S,0,F
15472,34,31-35,65874988,F,S,6,F
13225,40,36-40,64814910,F,U,21,F
13358,32,31-35,63584682,M,U,5,T
13830,60,56-60,69839688,M,M,17,F
13458,31,31-35,67313702,F,M,1,F
13610,28,26-30,60426777,M,S,0,F
25169,32,31-35,61010599,M,S,23,F
14282,31,31-35,65039275,M,M,5,T
14602,30,26-30,69189459,F,U,7,F
17190,32,31-35,61241011,F,M,20,F
13911,44,41-45,67908625,F,U,18,F
13945,61,61-65,66447449,F,S,22,F
14378,28,26-30,66344062,F,U,7,F
14545,53,51-55,64763432,M,U,27,F
14580,34,31-35,63376127,M,S,0,F
14581,44,41-45,65284885,F,M,14,F
27139,28,26-30,64307278,M,M,2,F
27140,29,26-30,61420534,F,U,11,F
27156,61,61-65,63661597,M,S,14,T
27157,30,26-30,65444080,M,M,6,F
27255,31,31-35,65917705,M,S,2,F
27306,26,26-30,62157307,M,U,2,F
14681,45,41-45,68070181,M,S,17,F
15211,42,41-45,69186541,M,U,21,F
15079,46,46-50,63526742,M,M,15,F
15181,32,31-35,66367024,F,M,3,T
15213,56,56-60,63473928,Fem,U,15,F
15214,62,61-65,67535448,F,S,14,F
15359,33,31-35,69805145,M,S,9,F
15477,27,26-30,64465945,F,S,0,F
15695,30,26-30,60969420,M,M,9,F
15849,59,56-60,64040501,,U,16,T
26618,47,46-50,60997380,F,U,12,F
26813,32,31-35,64288240,M,S,12,F
26859,58,56-60,66914919,M,M,13,F
27084,28,26-30,65327037,F,M,3,F
61674,28,26-30,64016143,F,M,26,T
27268,51,51-55,62764417,M,S,21,F
4590,30,26-30,66952148,M,S,23,F
27333,30,26-30,60915394,F,,0,T
10698,58,56-60,69539146,F,S,0,F
10782,63,61-65,62961735,F,U,31,F
10807,32,31-35,62638082,M,S,8,F
10855,29,26-30,64875106,M,M,9,F
10898,28,26-30,69388991,F,S,8,T
11050,30,26-30,60382729,F,S,0,T
43161,31,31-35,66590433,F,S,24,F
11457,32,31-35,61510982,F,U,6,T
11602,44,41-45,68108238,F,U,14,F
11607,33,31-35,63166061,M,M,9,F
11609,28,26-30,60125178,F,S,10,T
11616,28,26-30,69497743,F,S,0,F
11659,68,66-70,60858281,M,M,39,F
11916,32,31-35,63772191,M,M,9,F
11943,30,26-30,67370706,M,S,4,F
12645,61,61-65,67028524,F,S,29,F
12654,29,26-30,62861649,M,S,13,T
4102,56,56-60,60340142,F,M,14,F
4226,32,31-35,63956032,M,U,12,F
4374,30,26-30,66249336,M,M,2,T
61281,28,26-30,67487921,M,S,22,F
63767,31,31-35,65915586,M,S,20,F
4520,59,56-60,65121842,M,M,31,F
4310,64,61-65,60134039,M,U,14,T
4497,58,56-60,67428802,F,M,18,F
82227,30,26-30,68638602,F,S,18,F
4651,29,26-30,62371017,M,U,2,F
4686,60,56-60,63312963,F,S,0,F
4643,28,26-30,66180986,M,S,5,F
85565,33,31-35,66044186,F,S,21,F
5008,57,56-60,60853905,M,M,19,F
16163,31,31-35,64988328,M,U,20,F
5170,30,26-30,69368880,M,U,7,F
10457,30,26-30,63846920,F,M,17,T
51689,28,26-30,60401181,,S,18,F
5147,58,56-60,69685029,M,S,12,T
5306,27,26-30,66228602,M,S,0,T
32075,64,61-65,62463679,M,M,34,F
32150,28,26-30,69552242,F,S,0,T
5197,31,31-35,67895347,M,M,6,F
5231,33,31-35,68974416,F,M,7,F
32229,31,31-35,66212844,M,,0,F
32309,49,46-50,68060620,F,M,13,F
31987,58,56-60,63824007,M,M,31,F
71793,27,26-30,68159918,M,U,19,F
32534,54,51-55,68542663,M,U,25,F
32566,29,26-30,67228477,F,U,2,T
32573,29,26-30,65167718,M,S,0,F
93,48,46-50,60816760,M,S,0,F
104,74,71-75,69866621,F,M,44,F
202,29,26-30,68833966,F,U,8,F
311,27,26-30,60525144,F,S,0,T
361,59,56-60,68367084,F,U,30,F
445,40,36-40,67345509,F,S,47,F
636,44,41-45,67365044,M,M,13,T
670,61,61-65,68592766,M,S,19,F
1031,42,41-45,65643790,F,U,13,F
1315,57,56-60,63969598,F,U,14,F
1363,33,31-35,64679070,M,M,12,T
1781,46,46-50,69789328,M,U,16,T
1917,63,61-65,65947314,F,S,38,F
1958,26,26-30,63971009,M,U,3,F
83603,32,31-35,64725850,M,U,19,F
2008,54,51-55,64984588,F,U,24,F
2015,26,26-30,63278441,F,S,0,F
32553,31,31-35,62514458,F,S,0,F
13727,27,26-30,60931162,M,M,19,T
32686,59,56-60,64988194,M,S,32,F
22099,29,26-30,60102916,F,S,0,F
32684,54,51-55,65552700,F,S,22,T
4988,37,36-40,63494334,,S,20,F
22181,29,26-30,67556063,F,M,13,F
22297,28,26-30,69120415,M,M,4,T
9942,30,26-30,64655503,F,U,16,T
9659,48,46-50,66042221,M,M,14,F
22688,31,31-35,67255144,M,S,15,F
33252,29,26-30,62724300,M,M,20,F
9991,33,31-35,67679391,F,U,15,F
22756,55,51-55,61304772,M,S,0,F
22813,40,36-40,60489430,M,M,6,F
10124,30,26-30,66787086,F,S,0,F
26930,28,26-30,61752797,M,M,19,F
22600,33,31-35,65429885,M,M,6,F
22619,53,51-55,69589967,F,M,23,F
23056,39,36-40,65533123,M,M,14,T
10311,44,41-45,69208334,F,S,11,F
10345,32,31-35,64860861,F,S,0,F
22952,30,26-30,69667149,M,U,10,T
23001,65,61-65,66104316,M,M,40,F
23340,50,46-50,66768014,F,M,24,F
23220,39,36-40,69491684,F,S,11,T
23774,52,51-55,64508855,F,U,20,T
23656,29,26-30,66175639,F,S,0,F
23869,57,56-60,62151538,M,U,16,F
21653,29,26-30,63746469,M,S,20,F
68543,28,26-30,61455032,M,,20,F
23907,28,26-30,69964726,F,U,9,F
23957,39,36-40,69308131,M,S,0,F
21740,64,61-65,66968759,F,M,37,F
21843,30,26-30,64703557,F,S,0,F
16039,47,46-50,69367272,F,U,11,F
16098,30,26-30,64797495,F,S,6,F
16255,60,56-60,61879431,M,U,17,F
16262,45,41-45,69039665,M,U,13,F
16598,31,31-35,65822143,M,S,0,F
16632,70,66-70,65474347,M,M,38,F
16689,31,31-35,64660951,M,U,8,F
16798,40,36-40,63375610,M,S,0,F
17284,29,26-30,67036496,M,S,5,F
17309,61,61-65,66076912,F,M,14,F
17393,43,41-45,63738688,M,S,18,F
17707,30,26-30,64534822,F,S,0,F
17718,28,26-30,67604751,,M,4,T
17927,63,61-65,63597159,F,U,15,F
17950,33,31-35,62335697,F,S,0,F
21974,58,56-60,69100833,F,S,17,F
22025,51,51-55,60590006,M,S,25,F
24055,28,26-30,61181714,F,S,0,F
27433,54,51-55,67741564,M,M,24,F
27698,30,26-30,68130244,M,S,0,T
27711,31,31-35,60629131,F,U,9,F
27779,64,61-65,64411727,F,U,18,F
27605,33,31-35,69384519,M,S,0,F
27707,29,26-30,61071427,F,S,0,F
27792,27,26-30,65888482,F,S,0,F
27884,29,26-30,62155268,F,U,4,F
27843,49,46-50,65759191,F,U,17,T
27861,30,26-30,65665781,F,M,10,F
28040,59,56-60,64154094,F,U,28,T
28149,52,51-55,64127245,F,M,15,F
28088,29,26-30,60263103,M,M,8,T
28179,57,56-60,67262273,M,M,13,T
76183,32,31-35,67455518,M,U,18,F
28074,45,41-45,63578172,M,S,12,T
28257,34,31-35,63151524,M,S,0,F
28429,57,56-60,62771209,M,M,25,T
28417,31,31-35,63953071,F,S,0,T
28574,49,46-50,69223921,F,M,10,F
28601,44,41-45,68920021,M,M,10,T
28702,33,31-35,64728177,F,U,10,T
28644,67,66-70,69102809,M,U,35,F
28820,60,56-60,60673573,F,S,29,F
28835,61,61-65,64431684,M,,33,T
28903,55,51-55,62168931,F,M,18,F
29222,27,26-30,61830210,F,S,0,F
29109,30,26-30,63099384,F,S,0,F
29120,31,31-35,66096395,M,M,11,F
29411,53,51-55,64619921,M,U,20,T
7708,28,26-30,64377374,M,S,13,T
7842,52,51-55,64652839,M,M,16,F
8142,32,31-35,63195594,M,S,0,T
8433,54,51-55,67228036,F,M,15,F
8485,45,41-45,66581740,M,M,11,T
8490,30,26-30,62160450,M,S,12,F
8692,32,31-35,66569567,F,M,8,F
8883,41,41-45,61502699,F,U,10,F
9126,32,31-35,68964844,F,U,9,T
9221,26,26-30,64101561,F,S,0,F
9335,29,26-30,67120486,F,S,0,T
12720,45,41-45,67810497,,M,12,F
29188,30,26-30,69189171,F,M,12,F
29272,28,26-30,60005197,M,M,7,F
32837,69,66-70,68192207,M,M,40,T
33038,30,26-30,64410423,F,M,6,F
33120,53,51-55,68180492,F,S,20,F
33146,27,26-30,61026989,F,U,4,F
33141,29,26-30,60777556,M,M,8,F
33273,29,26-30,66924678,M,U,10,F
33332,62,61-65,62834358,M,S,32,F
1266,30,26-30,63506311,F,S,18,T
33591,60,56-60,67157818,M,M,32,T
33715,36,36-40,62529266,M,U,8,F
33816,28,26-30,61625226,F,S,0,F
34034,58,56-60,60747069,M,M,8,F
37202,31,31-35,61839135,F,S,14,T
79864,28,26-30,69900037,M,S,20,F
34135,59,56-60,64905384,M,U,16,F
34285,28,26-30,69289112,F,S,0,F
34316,38,36-40,65121960,F,U,8,F
34360,65,61-65,61998789,F,M,23,F
34511,42,41-45,66751318,M,M,13,T
34517,51,51-55,63982486,F,S,16,F
34361,67,66-70,67916317,F,M,39,T
34563,63,61-65,69967095,F,U,33,T
12870,50,46-50,64894796,M,U,18,T
13120,31,31-35,65998565,M,S,13,F
13190,38,36-40,64668734,F,U,16,T
74661,26,26-30,62399615,M,S,13,F
13867,32,31-35,66400010,M,U,8,F
34704,31,31-35,66763972,M,S,0,F
24110,53,51-55,64297902,F,M,16,F
24133,61,61-65,61898322,F,U,16,T
22291,31,31-35,69377071,F,U,8,F
24317,34,31-35,66982150,M,M,2,F
24469,33,31-35,61582021,M,U,10,F
24478,43,41-45,61279705,F,S,15,F
24474,32,31-35,63547708,,S,0,T
24505,56,56-60,65005989,M,,27,F
24556,58,56-60,60932813,F,M,20,T
24574,53,51-55,60752893,M,S,14,T
74388,30,26-30,61601735,M,S,14,T
24769,30,26-30,60892947,M,M,4,T
24773,33,31-35,65212761,F,S,0,F
54371,27,26-30,67378915,F,U,15,T
24957,28,26-30,61846432,F,S,0,F
25057,29,26-30,69545422,M,S,10,F
23210,30,26-30,67971888,M,M,6,F
25287,29,26-30,62490362,M,U,5,F
25414,30,26-30,67947868,M,S,0,F
25193,27,26-30,60563110,M,S,0,F
25208,32,31-35,61701646,F,S,13,F
25326,31,31-35,66342105,F,S,11,F
23330,32,31-35,63884851,F,S,0,T
23379,27,26-30,60477122,M,S,3,T
23445,44,41-45,63241692,M,U,19,F
23480,51,51-55,63763057,M,M,20,F
82741,28,26-30,61193078,F,M,12,F
25623,37,36-40,62797671,F,U,7,T
25392,32,31-35,64910635,F,U,10,T
8743,29,26-30,61276423,M,M,17,F
25542,30,26-30,68138437,F,S,8,T
25810,61,61-65,68228040,M,S,23,F
23829,61,61-65,63058154,M,M,28,F
25898,27,26-30,62572349,F,S,0,T
2117,56,56-60,69028579,F,S,21,F
2158,73,71-75,67702120,F,U,45,F
2408,29,26-30,68953271,F,M,6,F
2442,55,51-55,67576694,F,S,24,F
2583,31,31-35,63238422,M,M,3,T
2624,26,26-30,66905221,M,S,0,F
2667,58,56-60,60437667,F,M,14,F
2728,32,31-35,67228616,M,S,0,F
3144,28,26-30,62258487,M,S,10,F
3344,48,46-50,69234483,F,U,21,T
3587,28,26-30,68179584,F,S,0,F
3669,33,31-35,62295345,F,,7,F
3696,42,41-45,67178754,,M,14,F
3898,55,51-55,65202599,M,U,10,F
3923,30,26-30,65728433,M,M,9,T
4003,73,71-75,63178347,M,S,41,F
9430,54,51-55,65754474,F,S,25,F
24014,63,61-65,68158474,F,U,36,F
24096,57,56-60,69259140,F,S,26,F
29431,63,61-65,63938365,F,S,33,F
29433,63,61-65,65023720,M,S,12,F
29881,65,61-65,61910373,F,U,22,F
29837,47,46-50,67597998,F,S,15,F
29971,29,26-30,64301536,F,S,0,F
24647,27,26-30,68194503,M,M,15,F
30103,62,61-65,65457854,F,S,17,F
30210,51,51-55,68484051,F,S,17,F
30174,32,31-35,63080677,F,S,0,F
30207,64,61-65,69669697,F,S,22,F
58301,27,26-30,63931446,M,M,13,F
30440,71,71-75,67850172,M,S,39,T
30523,28,26-30,62153351,M,U,3,F
30501,31,31-35,62826403,M,U,3,F
30512,72,71-75,60054566,M,U,43,F
30653,32,31-35,63962914,F,U,15,F
30799,33,31-35,61666195,M,S,0,F
30815,28,26-30,64634844,M,M,11,F
30931,57,56-60,66629106,F,S,0,F
30741,53,51-55,60578175,F,S,7,F
76315,32,31-35,65399717,M,S,18,F
31015,45,41-45,60971267,M,S,14,F
31135,59,56-60,65682029,F,S,0,F
30809,28,26-30,66978602,F,S,0,F
30824,64,61-65,69324989,M,U,19,F
31268,29,26-30,62775267,M,S,10,F
31299,63,61-65,63138310,F,M,18,F
31246,58,56-60,63446109,F,,21,F
31328,29,26-30,69074140,M,U,5,F
31124,28,26-30,66341510,M,S,0,F
31193,46,46-50,67159191,M,U,11,T
31207,31,31-35,69960716,M,M,4,T
31308,28,26-30,64710164,F,S,2,T
31360,32,31-35,65077899,M,S,7,F
84433,26,26-30,68932071,M,S,13,F
9878,31,31-35,67104037,F,U,2,T
10214,59,56-60,63398875,,S,12,T
10230,60,56-60,68164308,M,S,30,F
10264,28,26-30,61407166,M,M,6,F
10298,31,31-35,66279846,F,S,0,T
10382,31,31-35,66475582,F,S,0,T
68981,29,26-30,60876694,F,S,14,F
2837,26,26-30,69527088,F,M,13,F
21446,29,26-30,65588756,M,S,0,F
21471,62,61-65,61910443,F,M,31,F
21521,52,51-55,61443222,M,M,24,F
21562,35,31-35,64103018,F,M,7,F
34721,30,26-30,67989253,M,U,14,F
21728,29,26-30,65733733,F,S,0,T
55882,36,36-40,67671465,F,U,13,F
21839,54,51-55,65533134,M,S,13,F
21844,36,36-40,68771656,M,M,25,T
21855,33,31-35,65916782,M,M,11,T
34818,55,51-55,63818894,F,S,27,T
34820,26,26-30,67429028,F,S,0,T
86133,28,26-30,66357576,F,M,15,F
35038,31,31-35,64274176,M,U,3,F
34968,48,46-50,69979952,F,M,15,F
35019,56,56-60,69303674,F,S,0,F
35118,54,51-55,68718530,F,U,12,F
34926,30,26-30,68805715,F,S,4,F
35046,55,51-55,63922041,M,S,13,T
35236,27,26-30,65811294,M,S,0,F
35304,62,61-65,68190796,M,M,14,T
35406,28,26-30,63933735,F,S,0,T
35465,52,51-55,61061633,M,S,23,F
35360,29,26-30,65406169,F,,0,F
35402,64,61-65,63158345,M,S,12,T
35552,32,31-35,61913117,F,U,1,F
35555,31,31-35,66266604,M,U,2,F
35606,56,56-60,69975149,F,M,19,T
35624,65,61-65,63989895,F,U,19,F
35667,50,46-50,66177192,F,M,22,F
35724,26,26-30,66848216,M,U,6,F
35447,60,56-60,67236546,M,S,33,T
35577,29,26-30,61019447,F,S,0,F
35935,32,31-35,66765683,F,S,0,T
35960,60,56-60,69506518,M,M,17,T
35636,63,61-65,65055425,F,M,22,T
77888,29,26-30,62973805,M,M,17,F
36144,27,26-30,64517544,F,S,0,F
35928,30,26-30,69114925,F,S,0,F
35995,40,36-40,63042350,F,S,10,T
35823,32,31-35,62036758,F,S,0,F
36476,29,26-30,62996128,,S,0,F
36046,44,41-45,60331975,F,U,11,T
36196,27,26-30,66034714,M,S,0,F
36256,29,26-30,68085147,F,M,12,T
36560,27,26-30,64252795,M,U,4,F
36431,54,51-55,60969965,M,M,13,F
36497,32,31-35,64478660,F,S,7,T
12012,27,26-30,61811024,M,M,11,F
36421,33,31-35,65405368,F,S,5,F
36581,64,61-65,66581161,M,M,12,F
36640,49,46-50,62958442,M,S,9,T
36706,33,31-35,68739139,F,S,0,T
36755,29,26-30,66097106,M,M,9,F
18150,58,56-60,63771285,M,S,18,F
18452,32,31-35,66541200,M,U,7,F
18468,30,26-30,66430291,M,S,7,F
18552,54,51-55,69254158,M,M,26,F
30878,27,26-30,68603733,F,S,16,T
18956,31,31-35,69499573,M,M,6,T
19038,30,26-30,60183393,M,U,4,F
19188,33,31-35,67921255,M,S,5,F
19220,27,26-30,67158849,M,S,0,F
19256,29,26-30,66353739,F,U,11,T
38152,29,26-30,63783426,F,M,16,T
24179,26,26-30,67993953,F,S,3,F
26216,59,56-60,61106039,F,,31,T
24366,50,46-50,64128690,M,U,25,F
40778,26,26-30,61823649,M,S,14,F
56665,30,26-30,64488957,F,M,15,F
37298,56,56-60,60607394,F,S,20,T
37387,27,26-30,60519946,M,S,0,F
85515,28,26-30,67517284,F,S,13,T
37546,39,36-40,65385913,F,U,12,F
37664,33,31-35,68214490,F,U,3,F
37832,30,26-30,66227816,,S,0,F
38048,52,51-55,64121710,M,M,24,F
38107,30,26-30,68787427,M,U,9,F
25017,31,31-35,63962304,F,S,0,F
25033,51,51-55,68802133,F,S,15,F
25067,26,26-30,67157679,M,U,2,F
25216,29,26-30,63545760,M,M,57,F
25336,28,26-30,69640126,F,M,12,F
25436,32,31-35,66419879,F,S,10,T
25553,51,51-55,64230631,M,S,24,F
25568,63,61-65,62008149,M,M,17,T
38382,31,31-35,61368166,M,S,0,F
25717,28,26-30,67490264,M,M,11,F
14988,31,31-35,61036251,M,M,13,F
26085,52,51-55,69913312,F,S,0,T
15435,63,61-65,60328555,M,U,34,T
15487,29,26-30,60137653,M,U,9,F
15655,32,31-35,68054385,M,S,0,T
15894,62,61-65,62419874,M,M,12,T
26942,60,56-60,67009926,F,S,12,F
26983,51,51-55,69581001,F,U,9,T
27076,32,31-35,60700851,M,S,0,T
27183,59,56-60,62137324,F,M,12,F
27208,30,26-30,60615654,F,U,10,T
27262,29,26-30,67669021,M,M,4,F
4148,29,26-30,66403461,F,S,0,F
38791,54,51-55,60388067,F,M,12,T
31493,49,46-50,60517269,F,S,16,F
31544,39,36-40,68198889,M,M,11,F
31500,65,61-65,62090440,F,M,15,T
31502,58,56-60,67101890,F,S,11,F
31601,26,26-30,68879175,M,U,3,F
31616,61,61-65,66073048,F,U,29,F
31596,56,56-60,67808230,F,M,20,F
31707,56,56-60,62249677,M,M,26,F
31843,57,56-60,68690434,F,S,0,F
42512,46,46-50,66068927,F,S,0,F
42541,28,26-30,63997789,M,M,12,F
42703,54,51-55,62461627,M,U,17,F
42907,32,31-35,60375673,M,M,13,F
42976,59,56-60,61598080,M,U,14,F
42803,27,26-30,67144789,F,S,0,T
42864,31,31-35,65782461,F,M,4,F
31930,26,26-30,64890246,F,M,12,F
43048,31,31-35,69878166,,U,11,F
43062,33,31-35,60099939,M,,6,T
43121,40,36-40,64604392,F,S,9,T
34125,28,26-30,63099657,F,U,12,F
43269,56,56-60,68480955,F,U,16,T
43118,55,51-55,67427734,M,U,14,F
43360,32,31-35,69748990,F,S,3,F
43383,30,26-30,66937088,M,S,0,T
43416,39,36-40,68835056,F,M,21,F
43549,33,31-35,61533967,F,U,2,F
43353,31,31-35,60693819,M,S,5,T
43412,42,41-45,66911961,F,S,13,F
43453,51,51-55,68006503,M,S,10,F
43724,28,26-30,64656404,F,U,14,F
43768,45,41-45,61439251,M,U,13,F
25448,28,26-30,69032073,M,U,14,F
43648,28,26-30,69288858,Fem,S,0,F
43698,54,51-55,66950756,F,S,15,F
43808,61,61-65,67123495,M,S,34,T
22807,31,31-35,60877411,M,U,11,F
43841,62,61-65,62459354,F,U,32,F
43893,33,31-35,69674024,F,S,0,F
43944,30,26-30,65506639,M,S,0,F
43737,47,46-50,67024254,M,S,0,F
4541,51,51-55,65905069,M,U,19,F
4571,32,31-35,67733092,F,S,9,F
4605,63,61-65,68975380,M,S,0,F
4675,57,56-60,69956283,F,U,16,F
41688,29,26-30,64578857,M,M,16,F
4855,33,31-35,62397601,F,M,8,F
31913,27,26-30,60589432,M,S,1,T
31972,63,61-65,69872671,M,S,14,F
32013,30,26-30,60638875,M,S,0,F
22096,30,26-30,67671315,F,S,0,F
44060,31,31-35,62852552,M,M,1,F
43971,53,51-55,66233676,F,M,25,F
36832,31,31-35,69591909,M,S,0,F
37037,32,31-35,65873513,M,S,0,T
36931,62,61-65,61622547,F,M,19,F
36966,28,26-30,68688002,F,M,6,F
37109,65,61-65,60942826,F,,15,F
37085,26,26-30,65578061,,S,8,F
47851,30,26-30,68853291,M,S,0,F
47830,28,26-30,65917311,F,U,13,T
47973,64,61-65,60898943,M,S,33,F
48046,62,61-65,62404596,M,M,34,F
48229,58,56-60,66845140,M,S,17,F
48431,28,26-30,66414543,F,M,2,T
48579,28,26-30,60470527,F,U,10,F
62766,27,26-30,60758414,M,S,17,F
48488,57,56-60,61577813,M,U,16,F
48538,32,31-35,66888239,F,M,7,F
48628,29,26-30,62962611,F,S,2,T
48687,55,51-55,63710873,M,U,27,F
48766,62,61-65,61300039,M,U,14,F
48835,55,51-55,61933947,M,U,51,F
48969,53,51-55,60318668,F,M,23,F
48996,33,31-35,66131519,F,S,14,F
49121,32,31-35,60777740,F,S,0,F
49244,26,26-30,62622697,M,M,5,F
49116,49,46-50,60239046,M,M,12,F
48841,29,26-30,62427593,F,M,8,F
49006,30,26-30,64370642,F,S,0,T
70734,27,26-30,65379236,M,S,9,F
23030,30,26-30,61761590,M,M,6,T
23593,30,26-30,64977112,M,S,0,T
23791,29,26-30,68666802,F,U,3,F
23909,65,61-65,66576266,F,U,20,T
26303,30,26-30,67984892,M,S,0,F
26488,61,61-65,63053617,M,M,19,F
49376,56,56-60,63656221,M,S,14,F
49393,48,46-50,66409082,M,S,15,F
26556,28,26-30,66182914,F,S,4,F
37199,52,51-55,69142263,M,S,26,T
37251,30,26-30,65738964,M,S,0,F
37317,38,36-40,66931674,M,S,7,F
26261,58,56-60,63212439,M,U,31,T
26447,64,61-65,61898455,,S,11,T
37499,45,41-45,60462179,F,M,17,F
37223,28,26-30,62401784,F,S,15,T
73151,26,26-30,62269048,F,,13,F
86218,26,26-30,62404279,M,S,14,F
37936,37,36-40,64746760,M,U,8,F
37860,30,26-30,61949261,M,S,0,T
10125,30,26-30,60806300,F,M,12,F
38169,28,26-30,64209814,F,S,6,F
37892,51,51-55,69362483,M,M,26,T
38127,73,71-75,61002867,F,M,46,T
9805,28,26-30,62316380,F,M,9,F
38519,31,31-35,64315994,F,S,0,T
38160,26,26-30,62766857,F,S,0,F
38229,33,31-35,62099998,F,S,3,T
38786,34,31-35,64933970,F,S,0,T
38362,63,61-65,68504984,F,M,18,F
38429,29,26-30,67164400,F,S,0,T
27587,32,31-35,69497311,F,S,2,F
27669,52,51-55,65410977,M,U,25,T
27737,26,26-30,61669877,M,S,5,F
28187,64,61-65,63196231,F,S,33,F
28305,31,31-35,64355884,F,U,4,F
28414,51,51-55,68527332,F,U,21,T
28687,44,41-45,65857059,F,U,11,F
28764,62,61-65,64183684,M,M,23,T
28771,26,26-30,69551776,F,M,5,F
28789,32,31-35,66170569,F,U,11,F
28814,33,31-35,66250180,M,S,4,F
28816,58,56-60,61180104,M,U,17,F
28839,30,26-30,67702673,F,S,0,T
28939,44,41-45,67071440,F,S,21,T
29066,59,56-60,66231909,F,M,13,F
29091,32,31-35,69171576,F,S,0,F
49289,63,61-65,60198040,M,M,19,F
47684,33,31-35,67436913,M,M,12,F
49550,30,26-30,69188338,M,U,5,T
49530,54,51-55,67374779,F,M,10,F
49668,29,26-30,61349336,F,S,10,F
49701,28,26-30,65174119,M,M,5,F
49677,30,26-30,63529323,M,U,7,F
49792,63,61-65,64049673,M,S,18,F
67754,26,26-30,62789755,F,S,10,F
83300,33,31-35,66477955,M,U,8,F
49928,67,66-70,63814975,F,M,37,F
49992,58,56-60,68690833,F,S,28,F
49964,50,46-50,65963437,F,S,13,T
49884,57,56-60,61553648,F,M,27,F
49885,32,31-35,66852902,F,U,10,F
49951,31,31-35,63064212,F,,0,F
49952,58,56-60,62156137,,M,11,F
83608,29,26-30,66848529,F,U,9,T
50282,58,56-60,66196791,M,U,18,T
50560,29,26-30,64870633,M,M,8,T
50185,56,56-60,65576386,F,U,13,T
50284,29,26-30,65460165,M,M,6,F
50464,54,51-55,66991887,F,U,10,F
50616,29,26-30,61967998,M,U,14,T
50816,27,26-30,69685647,F,M,7,T
50914,33,31-35,67395263,F,S,0,F
50873,58,56-60,63093981,M,U,30,T
50907,54,51-55,67040781,M,M,12,T
50988,29,26-30,60632253,M,U,10,F
51261,29,26-30,69224022,M,M,11,F
51038,75,71-75,68359492,F,M,43,F
51221,30,26-30,62156193,F,S,0,F
51340,30,26-30,68140172,F,S,0,F
51390,35,31-35,64408765,M,S,0,T
32774,55,51-55,63083676,F,M,30,T
33019,59,56-60,60591030,F,M,18,F
33033,51,51-55,67499583,F,M,18,F
33083,27,26-30,67153375,F,S,5,T
33308,33,31-35,65853078,M,S,0,F
33503,30,26-30,67369646,M,S,0,T
33512,56,56-60,69029648,M,U,28,F
33537,26,26-30,63665106,M,S,6,F
33544,33,31-35,69318007,F,S,8,T
33560,64,61-65,64920023,F,U,17,F
33728,44,41-45,69229241,F,S,0,F
33751,31,31-35,62515745,F,S,0,F
33905,59,56-60,61223040,M,U,16,F
33955,50,46-50,61623183,M,S,25,T
33980,55,51-55,64363609,M,S,13,F
34155,26,26-30,61561630,F,U,5,T
34596,31,31-35,60201734,F,U,9,F
34696,28,26-30,62178890,F,S,0,F
6208,27,26-30,60833326,F,M,7,F
34730,31,31-35,60862838,M,S,0,F
51309,30,26-30,68158060,M,M,10,T
51445,61,61-65,65364633,M,S,0,F
44160,55,51-55,63465231,F,S,17,F
44239,28,26-30,60792370,M,S,5,T
44291,56,56-60,60406099,M,S,27,F
44325,28,26-30,63118246,M,M,2,F
44194,39,36-40,61952526,F,U,9,F
44769,60,56-60,60252282,F,S,17,T
17694,26,26-30,63777520,F,,10,T
44782,26,26-30,63889915,F,S,0,F
44882,33,31-35,63448880,F,S,0,F
49907,28,26-30,67448572,F,U,11,F
45107,62,61-65,64942586,,M,19,F
45220,33,31-35,63019392,F,M,8,T
45184,28,26-30,65306302,M,S,0,F
45291,30,26-30,65468688,M,S,0,F
45309,36,36-40,68590198,M,U,5,F
45440,39,36-40,62354793,M,U,16,F
45455,54,51-55,60920758,M,S,25,F
45456,28,26-30,62003252,M,U,3,F
45280,54,51-55,65561941,F,U,27,F
45364,34,31-35,62824329,M,M,7,F
41824,31,31-35,65421377,F,S,9,F
45588,27,26-30,60963991,M,S,0,F
45382,52,51-55,60864325,M,U,25,F
45465,28,26-30,67678387,M,S,0,T
45582,29,26-30,60416664,F,M,13,F
45842,62,61-65,69226233,M,S,0,F
45957,40,36-40,63341168,F,M,16,T
45731,60,56-60,60042659,M,S,14,F
45799,50,46-50,64862562,F,S,0,F
24279,53,51-55,67048862,M,S,17,F
64858,30,26-30,62373878,F,M,13,F
24377,42,41-45,66851743,F,U,11,F
75570,26,26-30,66619282,M,U,10,F
24502,28,26-30,60471311,M,S,6,F
25011,54,51-55,68956268,M,M,23,T
25079,34,31-35,66199058,F,U,5,F
25145,31,31-35,62398519,F,U,13,F
25163,27,26-30,64927321,F,S,0,F
25206,59,56-60,62200595,M,U,11,F
87157,33,31-35,69693162,F,S,7,F
46109,33,31-35,63490505,M,S,0,F
29443,30,26-30,69852393,F,M,11,T
29523,48,46-50,66890801,F,S,8,T
29557,54,51-55,60743069,F,S,16,F
46168,26,26-30,63294803,F,S,0,F
38829,33,31-35,69122772,F,M,7,T
38989,33,31-35,61820326,,S,0,F
5471,28,26-30,63915814,F,M,8,T
39012,40,36-40,62524330,M,,0,F
39063,29,26-30,69568680,M,U,5,F
39146,28,26-30,63351284,M,S,0,F
39302,56,56-60,62362419,M,S,18,F
39459,32,31-35,66923121,M,S,12,F
39484,44,41-45,65387655,F,S,0,F
39536,41,41-45,63586294,F,U,11,T
39396,62,61-65,63913087,F,U,12,F
39523,71,71-75,61730950,F,M,41,F
39729,62,61-65,64092297,M,U,19,F
39923,64,61-65,61863345,M,M,24,T
39399,45,41-45,67840005,M,S,12,F
40138,29,26-30,69418593,M,S,3,F
40024,28,26-30,61403557,M,M,10,F
40025,33,31-35,68423440,F,S,0,T
39681,31,31-35,60222772,M,M,12,F
7394,26,26-30,65777278,M,S,10,F
39781,28,26-30,60143999,M,M,5,F
40222,54,51-55,63879312,M,M,17,F
40345,29,26-30,64525348,M,S,0,F
40275,58,56-60,68227494,M,M,21,T
40377,33,31-35,66543768,F,M,5,F
40488,31,31-35,61427530,M,U,3,F
40558,27,26-30,60422989,F,S,0,F
40575,43,41-45,68403387,F,U,20,F
40610,33,31-35,63233376,M,M,9,F
17049,26,26-30,61513532,F,M,6,T
40654,31,31-35,69191108,M,S,0,F
40713,31,31-35,61127478,M,U,5,F
40767,27,26-30,61021739,M,M,7,F
40769,27,26-30,67481497,M,M,5,F
29768,33,31-35,64568029,F,S,13,F
30284,29,26-30,62269313,M,S,0,F
30345,31,31-35,63310272,M,S,0,T
27277,31,31-35,60544430,F,U,12,F
46316,31,31-35,64309460,F,U,11,F
40831,29,26-30,68704018,,S,13,F
23821,28,26-30,66426739,M,S,11,F
46322,47,46-50,61150137,F,M,14,F
46485,27,26-30,66539668,F,S,0,F
46538,28,26-30,61764961,F,U,7,F
46690,39,36-40,64578474,M,M,11,F
25936,33,31-35,66174094,M,U,10,F
46800,30,26-30,60145795,M,S,0,F
47067,30,26-30,61995212,F,S,4,F
47113,28,26-30,64776660,M,S,10,F
47224,31,31-35,65219614,M,,0,F
47301,63,61-65,68065696,F,U,12,F
47453,30,26-30,68676386,F,M,2,F
47671,27,26-30,64438612,F,U,2,F
47776,27,26-30,67882852,F,M,3,F
58451,31,31-35,68778079,F,U,5,F
58516,54,51-55,66752493,M,S,12,F
58549,30,26-30,68380573,F,S,0,F
58488,59,56-60,68816557,M,U,33,T
58513,30,26-30,66814364,M,M,6,F
34796,73,71-75,69732191,F,M,46,F
34914,30,26-30,69189351,M,M,4,T
35005,29,26-30,62815994,M,S,7,F
35025,31,31-35,61519898,F,U,2,F
35273,29,26-30,60331843,M,S,4,F
35441,45,41-45,62646329,F,S,16,F
35543,64,61-65,67643027,F,M,19,F
35598,60,56-60,63530767,F,M,20,F
37834,32,31-35,66140691,F,U,6,F
36077,58,56-60,66732727,M,U,20,F
36100,27,26-30,69428350,M,S,0,F
36270,33,31-35,65917033,M,S,5,F
36368,33,31-35,63698688,F,U,5,F
36402,50,46-50,60742385,F,U,20,F
36445,42,41-45,64732595,F,M,14,F
36459,33,31-35,60988043,F,S,0,F
36495,29,26-30,66206832,F,S,0,F
36763,28,26-30,61483724,M,M,7,T
40644,58,56-60,65478646,F,M,16,F
24352,26,26-30,62314273,F,U,4,F
40794,33,31-35,61393418,,M,12,T
58722,59,56-60,66804233,F,M,13,F
58747,48,46-50,67420323,M,M,13,F
58902,36,36-40,69967062,M,S,0,F
59170,28,26-30,62880311,F,S,0,T
46477,41,41-45,65567572,M,U,10,F
59263,28,26-30,64104907,M,S,0,T
59235,31,31-35,63351182,M,S,7,F
59250,52,51-55,66398115,M,M,19,F
46793,46,46-50,66368263,F,M,11,F
59497,52,51-55,68001595,M,S,20,F
59531,28,26-30,66278970,F,U,5,T
59503,59,56-60,61264925,M,M,30,T
59587,54,51-55,60685984,M,U,10,F
59635,31,31-35,63571033,F,M,11,T
59637,47,46-50,65595881,F,U,17,F
59851,33,31-35,65627617,M,S,7,F
59908,37,36-40,60043038,M,U,6,F
47161,30,26-30,61120084,M,S,4,T
60092,33,31-35,66762411,F,M,12,F
47393,59,56-60,60072027,M,U,9,T
47513,29,26-30,68165343,M,U,11,F
47545,32,31-35,64822136,F,S,0,T
58557,32,31-35,60780418,F,S,7,F
40960,30,26-30,61808219,F,S,5,F
58775,31,31-35,65054922,F,S,0,T
60120,33,31-35,61887514,M,,0,F
58861,36,36-40,64828915,F,S,7,F
59078,28,26-30,67310322,F,S,14,T
59192,28,26-30,61201550,M,U,5,T
59211,29,26-30,62448881,F,M,9,F
60540,28,26-30,63281900,M,S,0,T
60672,31,31-35,68850740,F,S,12,F
26276,33,31-35,66106715,M,S,0,F
59694,33,31-35,68017065,M,U,4,F
60029,27,26-30,64681313,F,M,5,F
66638,32,31-35,61368316,M,M,11,F
60413,65,61-65,66893488,M,S,20,F
60697,29,26-30,67562857,M,S,0,T
26526,28,26-30,66887040,F,S,0,F
67637,30,26-30,64099076,M,S,6,F
37329,57,56-60,65492300,,S,26,T
37415,55,51-55,63583149,M,U,16,F
37454,29,26-30,64740769,M,S,0,F
57590,26,26-30,67479443,F,U,8,F
63305,27,26-30,60354784,M,M,10,F
37974,52,51-55,69492885,M,M,22,F
38047,30,26-30,60508995,M,U,6,F
38222,30,26-30,60466807,M,S,0,F
38490,31,31-35,61497821,F,U,4,F
38615,26,26-30,61811361,F,M,3,F
91265,26,26-30,64383895,M,S,5,F
60816,61,61-65,60661049,M,M,18,F
51516,59,56-60,66556025,F,U,14,F
51600,31,31-35,68394867,M,U,1,F
51609,34,31-35,69508024,M,M,4,F
51679,31,31-35,63432027,M,U,9,T
51684,29,26-30,61456427,F,S,0,F
50241,26,26-30,66212941,M,U,7,T
51608,55,51-55,66610404,F,S,20,F
56393,26,26-30,62600388,F,S,8,F
51631,30,26-30,67613734,F,U,8,F
51843,33,31-35,66009481,M,U,6,F
51884,52,51-55,66753806,M,U,26,F
51822,39,36-40,61955553,M,M,20,F
51875,32,31-35,67759514,M,M,10,T
52004,36,36-40,62019538,F,S,10,T
52027,26,26-30,61618905,M,S,0,F
52120,53,51-55,62548271,M,M,24,T
52092,30,26-30,69436511,M,M,2,F
52156,56,56-60,69830605,M,U,20,T
52198,61,61-65,60858012,F,U,18,T
52233,67,66-70,65152852,F,S,34,F
52240,30,26-30,61542005,F,S,5,F
52400,76,76-80,66912356,,U,45,T
52467,27,26-30,65045791,M,S,3,F
52425,61,61-65,60424182,M,M,24,F
52583,29,26-30,65781110,F,U,11,F
52601,33,31-35,67704752,F,M,11,F
52661,55,51-55,63664640,M,M,22,T
52820,26,26-30,65574563,M,S,3,T
52995,63,61-65,64144851,F,U,16,F
53069,36,36-40,68918315,M,U,54,T
63781,47,46-50,69382681,M,S,19,T
63813,31,31-35,62870065,M,M,1,F
63880,57,56-60,67462311,F,S,18,T
64031,41,41-45,64233641,F,U,31,F
63829,51,51-55,61200261,M,S,22,T
64095,31,31-35,64797151,F,U,1,T
64129,57,56-60,67812184,F,M,12,F
42518,45,41-45,68738193,M,S,13,F
42863,29,26-30,66867569,M,S,3,F
64396,26,26-30,67203791,M,S,9,F
43279,63,61-65,65275457,M,U,34,F
43613,32,31-35,69127550,M,S,12,F
43620,39,36-40,67693389,M,U,10,F
43806,31,31-35,67154431,F,M,12,F
43831,58,56-60,65582437,F,S,29,F
43899,65,61-65,60243992,F,S,38,F
43956,62,61-65,69176222,M,U,35,F
43981,32,31-35,66398675,F,U,5,T
63974,31,31-35,62920263,M,U,1,F
36870,30,26-30,66172704,F,U,2,T
36929,47,46-50,67736750,F,S,13,F
40931,30,26-30,65185309,M,M,2,T
64131,29,26-30,60515121,F,M,8,F
64134,45,41-45,66849966,F,S,14,T
40918,33,31-35,69711279,M,M,5,F
55586,30,26-30,67983714,F,M,10,T
86160,26,26-30,68985734,F,U,6,T
41060,31,31-35,61916060,,M,6,F
41095,42,41-45,69401186,F,M,32,F
41135,52,51-55,68160989,M,M,20,T
41159,64,61-65,60456797,M,S,21,F
41212,69,66-70,61450559,M,S,37,T
41229,26,26-30,65278829,F,S,0,F
41277,29,26-30,66748448,F,S,8,F
41345,53,51-55,69140721,F,U,25,T
41333,31,31-35,63263937,M,U,6,F
41433,30,26-30,63804055,F,S,10,T
41467,31,31-35,61328888,M,S,0,F
41286,37,36-40,69238185,M,S,5,F
41353,50,46-50,67368322,M,S,11,F
41368,29,26-30,60616153,F,S,7,T
41517,56,56-60,61420222,F,S,21,F
41549,26,26-30,60577837,M,S,0,F
34098,30,26-30,63040677,M,U,5,F
24461,27,26-30,61600671,M,M,7,F
41946,56,56-60,65082981,F,M,19,F
41705,32,31-35,63639234,F,S,0,F
41820,38,36-40,61528206,M,S,0,T
41854,30,26-30,69611624,M,S,9,F
41856,31,31-35,65344672,M,M,5,F
66052,31,31-35,69976204,F,S,8,T
38865,32,31-35,68390327,F,M,4,F
42213,27,26-30,62411552,F,S,0,F
42285,31,31-35,69394344,M,U,5,F
42342,30,26-30,62880597,M,S,0,F
42419,52,51-55,66290234,F,M,23,F
42313,46,46-50,62899749,F,M,16,F
42363,30,26-30,66089825,M,S,0,T
53288,64,61-65,67224202,M,S,16,F
53279,31,31-35,63675347,M,S,9,F
37086,73,71-75,67694543,M,M,48,T
47875,29,26-30,60604353,M,U,6,T
48091,47,46-50,66058035,M,S,16,F
48325,31,31-35,64350879,M,M,2,T
48343,31,31-35,67874796,F,S,1,T
48427,37,36-40,66357612,M,S,0,F
48618,33,31-35,62621609,,S,0,F
48684,28,26-30,63162018,M,S,0,F
48743,30,26-30,65143105,M,S,2,F
48768,33,31-35,69290230,F,U,5,F
48977,33,31-35,62800210,F,U,12,F
48986,54,51-55,60583684,F,S,18,F
49270,59,56-60,69338215,F,S,15,F
53393,54,51-55,69235545,F,U,28,F
61255,26,26-30,64158292,M,S,7,F
64504,52,51-55,66484652,F,U,20,T
71624,31,31-35,66949042,F,S,8,F
64679,29,26-30,65707717,M,S,0,T
64882,28,26-30,61620567,M,M,11,T
64886,59,56-60,66545600,M,S,18,F
64965,30,26-30,61945793,M,M,9,F
65002,29,26-30,66534337,M,U,5,T
65118,54,51-55,65554663,F,M,25,T
65104,63,61-65,61025530,F,S,18,T
65281,29,26-30,61738950,M,M,1,F
65370,50,46-50,64544314,M,S,14,F
65385,53,51-55,68894577,M,U,20,T
65449,60,56-60,62981486,F,U,27,T
65603,35,31-35,65253254,F,S,29,F
65545,56,56-60,61697860,M,M,23,F
65795,58,56-60,60141292,F,U,18,T
65858,53,51-55,65178118,F,U,22,F
65942,29,26-30,60007477,F,S,11,T
65976,31,31-35,63474368,F,S,0,F
79090,29,26-30,69537379,M,U,6,T
66156,33,31-35,64330053,F,U,7,F
65961,47,46-50,67501609,F,S,12,F
38849,31,31-35,61321427,M,S,1,F
11594,28,26-30,67522277,F,S,0,T
39160,26,26-30,62351858,M,S,3,F
39219,34,31-35,60773918,F,S,0,T
39226,47,46-50,61315956,M,U,19,F
39419,32,31-35,60572762,M,S,0,F
39962,62,61-65,66467658,F,M,15,F
40112,52,51-55,66866481,M,S,23,F
40214,30,26-30,60424698,F,S,3,F
40228,57,56-60,61698951,F,M,12,T
40294,33,31-35,63476987,M,U,11,F
40348,62,61-65,68848252,M,U,21,T
66165,60,56-60,69674539,F,M,30,F
3347,30,26-30,69613908,M,S,7,T
61250,60,56-60,67725251,F,M,31,T
61251,33,31-35,66237157,F,S,9,F
61106,33,31-35,69174637,F,S,12,F
61205,54,51-55,65545684,M,M,21,F
4383,30,26-30,68979578,M,M,7,F
61330,42,41-45,68392523,M,S,14,F
61360,28,26-30,69205303,F,U,10,F
32621,30,26-30,67221473,F,S,5,T
63214,30,26-30,64688771,M,S,7,F
61399,29,26-30,61290753,M,S,0,F
61448,52,51-55,69899208,F,U,21,F
61451,35,31-35,68449769,M,M,43,F
61308,30,26-30,68685582,F,S,0,T
61374,33,31-35,60187815,M,U,4,F
61564,29,26-30,60157021,F,M,1,F
61516,30,26-30,68899542,F,U,2,F
61584,57,56-60,62027285,M,M,16,F
61667,29,26-30,60735829,F,S,8,F
57852,27,26-30,62355755,M,M,3,T
61692,52,51-55,67721427,M,U,22,F
61823,38,36-40,61020223,M,S,34,F
61898,30,26-30,65430924,M,S,0,F
61925,55,51-55,67438307,F,S,26,F
62039,29,26-30,69152150,F,U,8,F
7625,30,26-30,69282012,M,U,4,F
62257,71,71-75,68679653,F,S,43,F
62059,33,31-35,62416127,M,U,12,F
62266,33,31-35,61624882,F,S,0,F
62425,37,36-40,61330842,M,S,9,F
62211,27,26-30,65554988,F,S,0,F
62387,28,26-30,66296537,M,S,12,T
62485,32,31-35,67648131,F,S,0,T
62707,60,56-60,63423192,M,U,16,F
62720,30,26-30,61267760,F,M,5,T
62803,28,26-30,60462676,F,S,0,F
62778,56,56-60,63160883,M,S,28,F
62795,28,26-30,64156696,F,M,7,T
62914,28,26-30,62402320,F,S,11,T
6829,34,31-35,66315572,M,S,3,F
50083,29,26-30,61899265,M,U,10,F
50147,51,51-55,61287625,M,S,20,T
50188,29,26-30,66577969,F,S,0,F
50197,30,26-30,68841221,M,S,10,F
50240,32,31-35,61108958,M,S,8,T
50265,29,26-30,69798431,M,U,9,F
50347,30,26-30,65154715,F,M,2,F
50576,64,61-65,64714604,M,S,20,F
50651,29,26-30,67282082,M,S,0,T
50765,32,31-35,66101661,F,S,6,F
50776,59,56-60,64620558,F,M,14,T
50835,53,51-55,65552759,M,M,25,F
22449,26,26-30,68140352,F,U,5,F
51094,30,26-30,61670202,F,S,0,F
51101,65,61-65,66150627,F,M,23,F
51185,29,26-30,69912451,F,U,2,T
51244,59,56-60,64525747,F,S,14,F
51258,30,26-30,64471776,M,S,0,T
51492,48,46-50,61701634,M,S,18,T
35625,29,26-30,60773319,F,S,8,T
53542,42,41-45,63336342,M,S,26,F
53701,30,26-30,64578136,F,S,0,F
53840,33,31-35,62378587,F,M,11,F
53810,30,26-30,63190889,M,S,0,F
53878,29,26-30,61752966,M,U,5,F
53927,55,51-55,69728168,F,S,12,F
53962,54,51-55,67146804,F,M,15,F
54108,53,51-55,62814001,M,U,24,F
54238,36,36-40,69309349,F,S,0,F
54240,48,46-50,62693815,M,M,12,T
60230,29,26-30,68565504,F,S,4,F
54421,45,41-45,68999227,M,U,11,F
54460,54,51-55,66860343,M,S,17,F
54554,62,61-65,64599475,F,U,13,T
54572,57,56-60,68012311,M,M,19,T
54363,57,56-60,66477386,F,M,28,F
54544,30,26-30,63512284,M,M,8,F
54587,26,26-30,61039421,M,S,3,F
40950,29,26-30,67521457,M,M,4,F
54597,29,26-30,67411361,F,S,4,T
54633,54,51-55,67311705,F,S,22,F
54896,26,26-30,68163922,F,M,2,F
54996,29,26-30,61591976,F,S,0,T
55003,45,41-45,68950851,M,U,17,T
55022,68,66-70,69828237,M,M,38,T
54797,32,31-35,69263287,F,S,0,T
55178,54,51-55,62888210,F,S,15,F
55260,54,51-55,66523770,F,U,14,F
55285,28,26-30,65507185,F,M,5,T
74416,28,26-30,69529438,M,M,5,F
55258,31,31-35,64829988,M,S,15,F
55116,28,26-30,68811498,M,S,0,F
55134,31,31-35,60086879,F,S,0,F
55183,64,61-65,67577248,F,M,19,F
55437,31,31-35,65659305,M,U,4,F
55530,28,26-30,69251300,M,S,0,F
55283,29,26-30,67231449,F,S,3,T
44567,28,26-30,67986312,F,U,8,T
44617,28,26-30,61156284,M,U,12,F
44649,31,31-35,65700004,F,M,11,F
44760,28,26-30,65711484,F,S,0,F
44858,28,26-30,61716312,F,S,0,F
45060,29,26-30,68234046,F,S,0,F
45258,54,51-55,63126696,F,S,25,F
45317,28,26-30,67854197,M,S,0,F
78421,29,26-30,66108840,M,M,6,F
45551,30,26-30,60836428,M,S,0,F
45653,30,26-30,62880912,M,S,0,F
45662,51,51-55,63414896,F,M,25,F
45828,31,31-35,63570267,M,S,2,F
45835,28,26-30,62231237,F,S,7,F
45887,46,46-50,65836213,M,S,13,T
66370,47,46-50,68333488,M,U,23,T
66363,58,56-60,65907774,F,M,26,F
66599,31,31-35,64370855,M,U,3,F
16979,29,26-30,66371759,F,U,6,F
66657,29,26-30,67380458,M,S,0,F
66738,31,31-35,67886773,F,S,6,F
16622,27,26-30,66305007,F,M,7,F
66867,46,46-50,62195579,M,S,13,F
67037,54,51-55,66669652,M,S,23,F
66857,57,56-60,61907610,F,S,19,F
67025,29,26-30,64117170,F,S,0,F
67176,30,26-30,63253868,F,U,2,F
67058,30,26-30,60727489,M,S,0,T
67158,56,56-60,65107293,M,M,10,F
67478,30,26-30,68037796,F,S,7,F
67530,28,26-30,60156574,M,S,7,T
67481,29,26-30,60115200,F,S,0,F
67555,26,26-30,63940350,F,S,0,T
67571,27,26-30,63325768,M,M,1,F
24673,29,26-30,63651282,M,M,2,F
67543,31,31-35,62172228,F,S,0,F
67699,59,56-60,63582428,F,S,19,F
67939,51,51-55,62767755,M,M,27,T
67857,42,41-45,68739044,M,S,14,F
68119,36,36-40,67173134,M,S,0,T
68091,30,26-30,60621241,M,M,7,T
68094,31,31-35,67056287,F,S,0,F
41105,33,31-35,66061807,M,U,10,F
41175,60,56-60,61526514,M,M,17,F
41355,31,31-35,65071398,M,S,0,F
41716,45,41-45,62173713,F,S,11,F
41900,67,66-70,63119507,M,U,42,F
41941,37,36-40,60279718,F,S,0,T
42086,54,51-55,61150999,F,S,14,F
42951,33,31-35,62376728,F,S,0,T
42177,55,51-55,61733553,F,S,21,F
42193,30,26-30,68617032,M,S,0,F
42286,32,31-35,61814557,F,M,10,T
42336,36,36-40,60774726,F,M,6,F
53148,27,26-30,66333005,F,S,0,F
53221,30,26-30,67705618,F,M,5,F
53432,54,51-55,65170932,M,U,11,F
68144,28,26-30,68702051,M,Sol,0,T
63114,27,26-30,68727091,F,U,2,F
46202,29,26-30,69229316,F,S,1,T
63041,29,26-30,67622723,F,S,0,T
63362,58,56-60,69785605,F,S,25,T
63378,54,51-55,69276047,M,S,17,T
37806,31,31-35,65357011,F,U,1,F
63334,30,26-30,62203647,M,M,6,F
63343,53,51-55,69557565,F,S,30,F
63361,57,56-60,64011917,F,S,31,F
63548,26,26-30,69800506,F,U,5,T
63581,31,31-35,67825506,F,S,0,F
49929,27,26-30,65118939,M,U,5,F
63484,57,56-60,62927013,M,S,25,F
63543,44,41-45,67932844,F,U,13,F
69144,47,46-50,65537777,M,U,12,F
69196,26,26-30,66835786,Fem,U,4,F
63625,52,51-55,62193495,F,S,20,F
69346,33,31-35,66606266,F,M,1,F
69445,28,26-30,66560646,F,M,8,F
69234,57,56-60,63541594,F,M,28,F
69502,53,51-55,69379637,M,S,18,T
69541,30,26-30,61027585,F,S,1,F
69577,61,61-65,66664238,F,S,17,T
70149,31,31-35,63992685,F,S,0,T
69900,43,41-45,65425255,M,U,19,F
69918,28,26-30,64932173,M,U,4,F
70045,55,51-55,64672234,F,M,11,T
46480,54,51-55,66540984,M,S,21,T
46530,62,61-65,69661917,F,U,29,F
73300,30,26-30,63068969,M,U,7,T
46737,31,31-35,69356634,F,U,4,F
46989,59,56-60,68171124,M,U,10,F
47030,70,66-70,60942543,F,S,39,F
47248,30,26-30,66242261,F,U,1,F
47625,32,31-35,64606777,M,S,2,F
742,27,26-30,68637197,M,S,0,F
58512,53,51-55,68024136,F,S,24,F
58544,31,31-35,64266503,M,S,0,T
58787,53,51-55,61909916,F,S,22,F
58803,29,26-30,68273462,F,S,0,F
58921,32,31-35,66179999,F,S,7,F
58937,32,31-35,65918500,F,M,11,T
68153,30,26-30,61157342,F,U,5,F
22161,31,31-35,60559954,M,S,0,F
55927,65,61-65,60366657,F,S,12,T
55701,51,51-55,62346152,F,M,20,F
36407,28,26-30,63315312,F,U,9,T
55986,70,66-70,69154728,M,M,38,F
56069,28,26-30,60344275,F,S,1,F
56098,27,26-30,60647167,M,S,0,T
40640,27,26-30,63599947,M,M,6,F
56219,35,31-35,66900285,F,S,2,T
58592,26,26-30,64607401,F,S,0,F
56389,33,31-35,68450559,F,U,4,F
56509,31,31-35,62638256,M,S,0,F
56546,31,31-35,67370157,M,S,0,F
56561,35,31-35,61913692,F,U,4,F
56436,33,31-35,60484295,M,M,2,F
56779,33,31-35,66047124,F,S,0,F
56895,51,51-55,63770753,F,S,13,F
56719,33,31-35,60261921,M,U,3,F
56891,64,61-65,64397068,M,U,20,F
57046,29,26-30,61280557,F,M,5,T
57147,33,31-35,69059504,F,S,12,F
57071,37,36-40,62077608,F,S,0,F
63270,32,31-35,63267148,F,S,0,F
57177,28,26-30,62794160,F,S,9,F
57200,27,26-30,61352826,F,U,6,F
57315,51,51-55,67535731,F,S,20,F
57103,26,26-30,62573456,F,S,0,T
59057,30,26-30,63248532,F,S,8,T
59525,40,36-40,64115835,F,U,10,T
59916,55,51-55,60313768,M,S,25,F
60066,55,51-55,66535946,M,M,24,F
60520,45,41-45,60451985,M,U,16,T
60745,33,31-35,68542772,F,U,8,F
57571,30,26-30,69862174,M,S,5,F
67588,28,26-30,60467773,M,M,3,F
68351,31,31-35,68705996,M,S,3,T
57502,51,51-55,65556598,F,U,20,F
3463,30,26-30,67168082,M,U,6,F
68678,37,36-40,60190462,F,S,0,F
68897,65,61-65,66462633,M,S,35,F
68910,70,66-70,60937347,M,S,38,F
68886,39,36-40,69218057,F,S,35,T
68859,58,56-60,65931785,F,M,16,T
68875,67,66-70,66342758,M,M,37,F
68982,28,26-30,69703343,M,U,6,T
69007,32,31-35,68210940,M,M,10,F
68928,28,26-30,64896733,M,U,3,T
79803,45,41-45,66292548,F,M,15,F
26972,31,31-35,69646985,F,S,0,F
79889,30,26-30,62297728,F,S,10,F
26493,31,31-35,60242654,M,U,1,F
79975,34,31-35,63641434,M,S,0,T
80166,30,26-30,65288896,F,U,4,F
80028,64,61-65,69167938,M,M,16,F
80105,32,31-35,69369889,M,U,8,F
80148,31,31-35,65723927,M,M,10,F
80198,32,31-35,65825468,F,S,0,F
80205,26,26-30,67850285,M,S,0,T
80550,26,26-30,60588966,M,U,5,T
80392,32,31-35,68911653,M,S,5,F
80473,27,26-30,63595760,M,M,57,F
80630,61,61-65,60753313,M,S,20,F
80561,61,61-65,66453899,F,U,11,F
80723,32,31-35,69789078,M,U,7,F
51921,51,51-55,62113624,M,U,20,F
51969,28,26-30,68191191,M,S,9,F
52044,59,56-60,63915507,M,M,14,F
52671,50,46-50,61310660,M,S,11,F
52698,29,26-30,69432550,F,S,2,T
52830,27,26-30,62139718,F,S,0,T
53039,26,26-30,67724500,M,U,2,T
51727,26,26-30,63068663,F,S,2,T
63837,56,56-60,67940889,M,U,18,T
63962,53,51-55,67138521,M,M,25,F
80891,31,31-35,64628607,F,U,5,F
80898,28,26-30,67428320,M,S,0,F
70372,31,31-35,60607439,M,S,7,F
63138,31,31-35,67051356,M,S,0,T
70529,46,46-50,67324386,F,M,25,F
64664,26,26-30,62366637,F,S,1,T
11814,30,26-30,67542996,M,S,0,F
70747,62,61-65,64679013,M,M,13,F
70845,28,26-30,61421995,M,M,8,F
63439,29,26-30,61861347,M,S,0,F
63572,58,56-60,62901734,F,M,19,T
63690,61,61-65,66766417,F,U,29,T
70632,51,51-55,60266930,F,M,10,F
4463,30,26-30,68688174,M,M,2,F
70767,47,46-50,68700636,M,U,10,F
71054,33,31-35,69262773,M,M,4,F
70882,63,61-65,61324701,M,U,20,F
70900,65,61-65,65232472,F,M,36,F
70919,29,26-30,68125017,M,S,0,F
69306,31,31-35,60309843,M,S,11,F
69323,61,61-65,69469482,F,U,33,F
69340,56,56-60,67227312,M,M,29,F
69356,31,31-35,67810126,F,S,0,F
69470,33,31-35,62356377,M,S,0,F
71583,36,36-40,63114282,M,M,7,F
71116,62,61-65,60658839,M,U,20,T
69604,61,61-65,65239096,M,M,12,T
48406,35,31-35,64811410,F,U,2,F
71692,59,56-60,60457610,M,S,19,F
71301,32,31-35,69718320,F,S,0,F
71369,61,61-65,64915826,F,S,31,F
71387,35,31-35,66709237,M,S,0,F
71967,29,26-30,65303759,M,M,7,F
69975,52,51-55,67085626,M,S,24,F
70024,38,36-40,64768643,M,S,7,T
70155,61,61-65,66018892,F,M,17,F
72042,30,26-30,64991343,F,S,0,F
72067,47,46-50,69809832,M,U,11,T
71805,35,31-35,65604798,M,S,4,F
71987,60,56-60,66318426,F,S,13,F
72052,65,61-65,64551247,F,M,25,F
72071,28,26-30,61728882,M,S,0,F
53952,35,31-35,67206277,F,S,5,T
54134,53,51-55,65805326,F,S,12,T
54236,61,61-65,65749181,F,M,14,F
54252,47,46-50,63965671,M,U,28,F
54261,55,51-55,60244410,M,S,21,F
54327,28,26-30,60568394,F,U,4,F
54491,43,41-45,64897809,M,U,22,F
58031,30,26-30,65291718,F,S,0,F
54570,29,26-30,69248128,F,S,0,F
54586,28,26-30,60931945,F,M,11,F
54659,26,26-30,62622207,M,S,0,F
54759,32,31-35,64774311,F,U,14,F
55036,43,41-45,68441145,F,U,17,F
55236,31,31-35,65147594,F,S,11,F
55263,32,31-35,63565805,F,U,8,F
55379,26,26-30,66117895,F,M,4,T
55404,48,46-50,60910307,M,S,10,F
55420,66,66-70,64823950,F,M,38,F
57693,51,51-55,64137024,F,U,21,T
77488,30,26-30,67197394,M,S,0,F
57893,30,26-30,68706681,F,U,7,F
57970,47,46-50,66310689,M,S,14,F
57977,32,31-35,68529643,M,U,2,F
57789,59,56-60,67824582,F,S,18,F
58145,30,26-30,60974054,M,S,4,F
58211,52,51-55,67662041,M,S,13,F
58057,31,31-35,68634879,F,S,12,T
21818,29,26-30,65290185,F,U,2,T
58164,26,26-30,60312613,F,U,9,F
58263,28,26-30,60836103,M,S,0,F
58277,31,31-35,63383291,F,M,3,F
58336,50,46-50,62868571,F,M,14,F
58345,29,26-30,66260230,M,S,0,F
58427,29,26-30,69339857,F,S,4,T
58225,36,36-40,69031467,M,S,7,F
58242,38,36-40,68887308,M,U,34,T
34949,29,26-30,69128612,F,S,0,F
44918,29,26-30,65944050,F,S,0,F
74441,30,26-30,63775193,M,S,0,T
74569,32,31-35,60599644,M,S,0,F
74393,32,31-35,65438616,F,M,10,F
74703,29,26-30,61238706,M,M,5,T
74736,29,26-30,66362176,F,S,0,F
74596,54,51-55,64758305,F,U,20,F
45488,29,26-30,60142297,F,S,0,F
74898,26,26-30,63089637,M,S,0,F
75293,60,56-60,61565653,M,M,20,F
75120,30,26-30,68148603,F,S,0,F
75229,30,26-30,65552346,F,S,0,F
75280,60,56-60,69519498,M,U,32,T
37488,29,26-30,68940686,F,S,0,F
64335,28,26-30,65758997,M,S,5,T
65750,29,26-30,60956389,M,S,0,F
64437,29,26-30,62241343,F,S,0,F
64453,31,31-35,68385991,F,S,0,F
64496,31,31-35,63152304,F,U,12,F
82957,29,26-30,69594867,F,S,0,F
71675,29,26-30,60113814,F,S,0,T
65764,54,51-55,61424660,M,S,13,F
65814,26,26-30,65059409,M,M,4,T
65823,31,31-35,62723362,M,S,0,F
2001,28,26-30,62208886,F,S,0,T
65893,27,26-30,67044050,F,S,0,F
66000,57,56-60,62215013,F,M,20,F
66134,56,56-60,67656171,M,S,18,T
61027,57,56-60,68023071,F,U,14,F
24398,28,26-30,60914222,F,S,2,T
75577,47,46-50,61394801,M,U,14,F
80973,31,31-35,66033635,M,U,4,F
81009,40,36-40,63301938,M,M,9,T
81044,55,51-55,62420640,M,M,15,F
81071,49,46-50,65172766,M,S,11,F
81135,30,26-30,69336197,F,Sol,0,F
81152,61,61-65,61972930,M,U,34,F
81243,43,41-45,69292836,F,U,17,F
81097,31,31-35,60331911,M,S,2,F
81287,56,56-60,64103578,M,U,13,T
81350,44,41-45,65306323,F,M,17,F
81364,45,41-45,62952982,M,U,14,F
43573,28,26-30,63761376,F,S,0,F
81611,27,26-30,68541069,F,S,0,F
81579,58,56-60,68866225,F,S,24,F
81581,32,31-35,65451339,F,S,9,T
81904,46,46-50,66567515,M,U,20,F
81881,31,31-35,60016346,F,U,4,F
81980,31,31-35,61509225,M,U,3,F
82038,75,71-75,69965462,F,M,46,F
82098,41,41-45,67199757,F,U,20,F
82163,60,56-60,60502015,M,S,13,F
82340,30,26-30,68274445,M,U,9,F
55109,28,26-30,61965643,F,S,0,F
82414,65,61-65,60501308,F,U,19,F
82466,53,51-55,65207415,F,U,11,T
82467,63,61-65,68046354,M,S,31,T
82457,32,31-35,63998455,M,S,0,F
82495,52,51-55,68031764,M,M,18,F
82552,58,56-60,60407375,F,S,20,F
82551,30,26-30,64873297,M,S,3,F
46723,28,26-30,66430897,F,S,0,T
82756,29,26-30,62368040,F,M,9,F
82760,55,51-55,65136608,F,U,20,F
82702,55,51-55,69036202,F,M,19,F
61220,62,61-65,60607255,F,M,21,T
61556,30,26-30,62688653,F,U,4,F
61588,29,26-30,66810916,M,S,5,T
61681,31,31-35,64866780,M,S,0,F
61788,52,51-55,69554634,M,M,9,F
61854,30,26-30,61765825,M,S,9,F
62106,30,26-30,61009606,M,M,1,F
62238,26,26-30,67489912,F,S,1,T
62333,30,26-30,62765284,F,S,0,T
62522,28,26-30,62187832,M,S,0,T
62606,61,61-65,67743014,M,U,18,F
62776,50,46-50,64724444,F,S,13,F
62892,30,26-30,68602865,M,S,0,F
55572,28,26-30,69128816,M,S,0,T
56270,28,26-30,63740294,M,S,0,F
82866,40,36-40,63716779,F,S,10,T
82867,63,61-65,62058390,M,M,16,F
72442,45,41-45,64897345,M,M,20,F
70308,30,26-30,65476931,M,M,12,F
70423,30,26-30,65386197,M,S,8,F
70624,28,26-30,60704575,M,S,11,F
70676,29,26-30,65722371,M,S,0,F
72471,32,31-35,61867375,F,S,0,F
72503,39,36-40,61373780,F,M,26,F
72594,60,56-60,65866423,M,U,20,T
72628,54,51-55,66019284,F,M,27,F
72773,58,56-60,64814395,F,S,14,F
72853,52,51-55,64683472,F,S,14,T
72935,30,26-30,67410284,M,Sol,0,F
70994,58,56-60,68713427,F,S,30,T
73012,58,56-60,63169118,M,U,12,T
73146,60,56-60,61454856,M,M,14,F
84922,28,26-30,68084816,M,S,0,F
71342,32,31-35,68261223,F,U,11,F
73142,62,61-65,64690577,M,S,14,T
73442,52,51-55,69707719,M,U,22,F
73540,29,26-30,64299380,F,U,10,F
73541,32,31-35,69217754,M,M,9,T
73556,31,31-35,63203603,M,S,10,F
73512,31,31-35,69211978,M,S,6,T
73519,29,26-30,65888611,M,S,4,T
73539,33,31-35,64427012,M,S,0,T
73569,73,71-75,62330856,F,S,39,F
73589,28,26-30,67033070,F,U,8,F
71743,56,56-60,64058990,Fem,M,27,F
32363,27,26-30,62579388,F,S,0,F
71830,30,26-30,63899976,M,S,0,T
73743,29,26-30,65950073,M,S,7,F
73775,29,26-30,61921775,F,S,2,T
73680,32,31-35,65618817,M,S,9,F
72063,33,31-35,66993440,M,M,9,T
13813,35,31-35,61057045,F,S,0,F
74226,51,51-55,61949434,F,S,10,F
55729,62,61-65,63349354,M,U,30,T
55806,53,51-55,65890289,F,U,25,F
30599,27,26-30,68238665,M,S,0,F
75362,27,26-30,67015659,F,S,0,F
56826,36,36-40,68900362,F,U,6,F
56865,26,26-30,61172397,F,S,0,F
57067,27,26-30,68369458,F,M,4,F
57217,33,31-35,62701005,F,S,0,T
91389,27,26-30,67704559,F,S,0,F
74287,52,51-55,66678396,F,U,12,F
72228,35,31-35,69692247,M,U,29,T
74345,27,26-30,68240228,F,S,0,F
75630,29,26-30,61037995,F,M,5,F
75691,59,56-60,67360344,M,M,14,T
75711,26,26-30,67785187,F,M,8,T
75830,63,61-65,61086829,M,S,38,F
75881,29,26-30,67787566,F,S,0,F
75841,56,56-60,64008640,F,M,16,F
76032,63,61-65,61517168,M,S,17,T
76099,54,51-55,64777782,F,M,21,F
76182,29,26-30,62839322,M,S,0,F
75938,31,31-35,67205916,M,M,12,F
76074,31,31-35,66016909,F,S,0,T
76143,50,46-50,64776755,M,M,21,F
76277,28,26-30,68612651,M,S,0,F
5695,26,26-30,64642721,M,S,0,F
76265,32,31-35,62449851,F,M,13,F
21699,26,26-30,68613109,M,S,0,F
76224,60,56-60,68586306,F,S,18,F
76504,31,31-35,68394436,F,S,0,T
76499,64,61-65,61393685,M,U,33,T
76631,28,26-30,61049617,F,S,0,T
76538,29,26-30,66492952,F,M,9,T
76576,30,26-30,66162783,M,S,0,F
76660,31,31-35,68259830,F,U,7,F
76692,36,36-40,61542339,F,U,2,F
77016,31,31-35,68009635,F,U,11,F
76925,57,56-60,69013469,F,U,28,F
76974,28,26-30,61003156,M,S,11,F
77185,30,26-30,62131884,M,M,7,T
77203,65,61-65,62762720,F,M,11,F
77419,63,61-65,69576141,F,M,12,F
77467,63,61-65,68999781,F,U,18,F
77534,63,61-65,64401535,F,S,14,F
77272,28,26-30,62066125,M,U,6,F
77315,26,26-30,64273219,M,M,4,F
77194,35,31-35,64403871,M,S,0,F
77211,44,41-45,65930688,F,U,13,F
77259,43,41-45,62788885,F,S,16,F
77426,39,36-40,65402336,F,S,14,T
66527,58,56-60,65030329,M,U,16,F
66618,55,51-55,68250956,M,S,18,F
66650,47,46-50,60562536,F,M,18,T
66727,39,36-40,66244875,F,M,6,F
66834,39,36-40,66572526,M,S,9,T
66977,29,26-30,61533702,F,S,10,F
67079,29,26-30,68030075,F,S,0,F
67304,65,61-65,63574649,F,M,10,F
67379,31,31-35,65674110,M,S,0,T
28181,26,26-30,61764446,M,S,0,F
67654,57,56-60,63108238,M,U,17,T
36001,26,26-30,67941834,M,S,0,F
67822,65,61-65,67916538,F,Sol,0,F
68263,65,61-65,69243349,M,M,12,T
49925,26,26-30,68536855,F,S,0,F
45344,28,26-30,66119713,M,S,0,F
83174,54,51-55,67855828,M,U,14,T
57292,32,31-35,63277566,F,S,0,F
83352,28,26-30,67684470,F,M,12,T
83263,27,26-30,60063231,M,M,6,T
83447,29,26-30,69631879,F,S,0,F
83485,26,26-30,68665575,M,S,0,F
86753,31,31-35,63509218,F,S,0,F
39697,30,26-30,60925384,F,S,0,T
83426,57,56-60,68555331,M,U,25,F
83512,29,26-30,61446031,M,S,0,F
83954,30,26-30,64291047,M,S,0,F
83846,62,61-65,64680973,M,U,35,F
84033,38,36-40,66994951,M,U,2,F
84058,79,76-80,64955052,M,U,48,T
84124,30,26-30,68418774,F,S,0,F
84011,62,61-65,60743666,F,M,18,F
84185,30,26-30,63205695,F,S,4,F
57086,30,26-30,68731702,F,S,0,F
84179,53,51-55,68055237,M,U,26,F
84346,53,51-55,69974209,M,U,22,F
84288,26,26-30,69152520,M,S,0,T
84438,54,51-55,65114570,M,S,13,F
84463,51,51-55,60920229,M,S,15,F
84554,52,51-55,66338523,F,S,19,T
84573,32,31-35,65580803,M,S,12,F
84590,64,61-65,62761354,M,U,16,T
84637,57,56-60,65066709,M,U,14,F
84724,29,26-30,69837279,F,S,11,T
84908,57,56-60,67072740,M,S,18,T
84745,28,26-30,69038622,F,U,8,T
84812,54,51-55,60553093,F,U,18,F
84806,31,31-35,68818077,F,U,2,F
84857,29,26-30,66763507,F,S,8,T
63310,53,51-55,67653892,M,U,23,F
63433,29,26-30,65136446,M,M,6,F
63460,36,36-40,66883304,M,U,5,F
63474,55,51-55,67736982,M,M,11,F
69090,58,56-60,63860949,M,U,14,F
69183,32,31-35,64617344,M,M,12,F
69283,53,51-55,64735613,F,S,26,T
69299,51,51-55,62398595,M,U,21,F
69435,54,51-55,65359221,F,M,23,F
69542,31,31-35,64471346,M,S,7,T
69551,34,31-35,69484468,M,S,7,F
69753,51,51-55,67869041,F,U,8,T
69937,51,51-55,63383762,F,M,20,F
79807,30,26-30,60485663,M,S,0,F
84965,52,51-55,64369052,M,S,26,F
72346,51,51-55,60866221,F,U,22,T
38453,33,31-35,69667296,M,S,0,F
85156,49,46-50,66418457,M,U,16,F
90306,53,51-55,60335095,F,M,24,F
72446,29,26-30,66351733,M,S,6,F
72547,30,26-30,63144165,F,U,10,T
72595,32,31-35,68778795,F,U,11,F
85285,79,76-80,69998826,F,S,51,F
85328,61,61-65,62377056,F,S,19,T
85225,58,56-60,64685931,F,U,11,F
85409,53,51-55,66734245,M,M,25,T
85394,29,26-30,60951732,F,S,0,F
85562,53,51-55,67673053,F,U,10,F
85459,44,41-45,64727731,M,U,13,F
85539,62,61-65,65891575,M,S,17,T
73082,36,36-40,64017998,M,S,7,F
85655,31,31-35,62323692,M,M,7,F
62232,27,26-30,62747700,M,S,0,T
85837,61,61-65,64496508,F,M,14,F
85846,31,31-35,65535208,M,M,7,T
73234,59,56-60,62839174,M,U,12,T
42161,28,26-30,69496986,F,S,0,F
85953,27,26-30,61612344,M,S,0,F
73384,56,56-60,69704664,F,M,12,F
73482,29,26-30,64093072,F,U,1,T
73532,30,26-30,62173681,F,U,6,F
85958,54,51-55,61917329,M,U,16,T
86007,62,61-65,62614546,F,S,35,F
86296,55,51-55,69542432,M,S,0,F
86398,57,56-60,62555878,M,S,26,F
86489,58,56-60,64054819,F,M,15,T
10844,28,26-30,64132991,M,S,0,F
86226,62,61-65,68883866,F,U,17,F
86227,56,56-60,60113653,F,M,22,F
73884,30,26-30,67347515,F,S,0,T
73916,30,26-30,66734302,M,M,9,T
73982,35,31-35,62051315,M,S,0,T
73983,49,46-50,66884091,F,M,7,F
86580,28,26-30,63658634,M,U,2,T
86707,26,26-30,64185375,M,M,4,F
86378,30,26-30,63777886,F,S,8,F
86410,31,31-35,63800961,F,M,1,F
74234,29,26-30,62848211,F,U,3,T
86891,57,56-60,67631296,F,S,30,F
87000,26,26-30,68200608,M,S,0,F
86695,28,26-30,61282902,M,S,0,F
85046,59,56-60,62024852,F,U,18,T
86760,31,31-35,63439826,M,S,0,F
86828,28,26-30,67624165,M,M,7,F
85382,27,26-30,62348420,F,S,0,T
85514,55,51-55,68861201,M,M,24,F
51033,26,26-30,60146102,F,S,0,F
25408,29,26-30,64998114,M,S,0,F
85684,31,31-35,62685215,M,U,4,T
86002,57,56-60,67363080,F,M,21,F
86049,32,31-35,67248215,M,S,0,T
46797,29,26-30,69457707,F,S,0,F
86168,31,31-35,62198961,F,S,0,T
53444,29,26-30,67722583,M,S,0,F
86350,60,56-60,67051597,M,S,0,F
86634,53,51-55,64843621,M,M,26,T
41992,28,26-30,68845897,M,S,0,F
57960,51,51-55,63455987,F,M,22,F
74381,68,66-70,61376511,F,S,35,T
88352,31,31-35,67939587,M,Sol,0,F
74433,31,31-35,68046421,F,S,7,F
74488,28,26-30,69323597,M,U,5,F
74790,31,31-35,64333268,M,U,5,F
74924,32,31-35,61789061,M,M,2,T
75051,27,26-30,62644293,M,U,7,F
75056,29,26-30,69696755,M,S,0,F
75081,42,41-45,62042427,M,U,52,F
75160,26,26-30,66290603,M,S,0,T
75483,32,31-35,67862548,M,U,5,F
75510,40,36-40,67440359,F,M,16,F
77693,28,26-30,61208510,F,S,3,F
87009,59,56-60,61607666,F,S,0,F
77817,26,26-30,68319633,F,S,0,F
78051,57,56-60,61993925,M,S,14,F
77836,63,61-65,69172375,F,S,20,F
44639,34,31-35,61099999,F,S,0,F
78080,56,56-60,64330666,M,S,0,T
74130,30,26-30,60372023,F,S,0,F
78122,64,61-65,65695228,M,M,20,F
78153,73,71-75,60817070,M,M,42,F
78372,58,56-60,63665052,M,M,18,F
60975,31,31-35,67390554,F,S,0,F
78453,33,31-35,69547619,F,S,0,T
78455,63,61-65,60624604,F,U,14,F
78515,64,61-65,69749972,F,S,35,F
78579,30,26-30,68898672,M,S,0,F
78819,51,51-55,64967403,F,M,15,T
78571,55,51-55,69526206,F,M,3,T
78946,58,56-60,66664177,F,Sol,0,T
79010,56,56-60,69399419,F,U,15,T
79026,39,36-40,67154852,F,S,0,F
78841,62,61-65,60551805,F,S,17,F
78921,44,41-45,65556113,M,U,12,T
79246,59,56-60,66887035,M,U,15,F
79278,27,26-30,66433226,F,S,0,F
79450,27,26-30,69251810,M,M,1,T
11565,31,31-35,68281255,M,S,0,T
8175,29,26-30,67864152,F,S,0,F
79125,40,36-40,65974451,F,M,8,F
79155,30,26-30,64706878,M,U,7,T
79421,30,26-30,64824678,F,S,8,F
79426,50,46-50,61010913,M,S,16,F
79238,55,51-55,64083005,F,M,10,F
79241,54,51-55,62420774,M,S,23,F
79325,33,31-35,66225551,F,S,0,T
79389,51,51-55,63484645,F,U,12,F
95640,54,51-55,63898753,M,M,12,F
95722,26,26-30,68750624,M,S,0,T
79575,27,26-30,66459037,M,S,0,F
95790,53,51-55,64902433,M,M,25,F
96056,28,26-30,66544719,M,M,8,F
96133,29,26-30,67137809,M,U,11,F
96176,45,41-45,69317437,M,S,0,F
96274,61,61-65,62449652,M,U,30,T
96599,52,51-55,60412013,M,M,11,F
96719,51,51-55,65233920,M,S,0,F
97262,27,26-30,63939393,F,M,2,F
97412,63,61-65,67374098,F,U,15,F
68390,32,31-35,62263521,M,S,0,F
68892,56,56-60,68535851,F,S,20,F
68901,56,56-60,66609077,M,M,32,T
49321,30,26-30,63180037,M,S,0,T
68990,30,26-30,62967531,M,M,12,T
79754,28,26-30,64281269,M,S,0,T
79888,51,51-55,64125705,F,S,11,F
79904,60,56-60,60818142,M,S,11,F
79922,29,26-30,64463177,F,S,0,T
80265,60,56-60,65431084,M,M,13,F
80272,46,46-50,61877180,M,S,16,F
80347,61,61-65,60452915,F,M,33,F
80413,60,56-60,64746533,F,S,18,F
80506,64,61-65,64403806,F,S,8,F
80633,31,31-35,61158454,M,S,0,T
80683,57,56-60,65614247,M,M,15,F
80817,30,26-30,62498443,F,S,0,F
80840,62,61-65,65811388,F,S,36,F
97487,55,51-55,69682955,F,S,16,F
97651,56,56-60,62421444,M,M,21,F
79584,29,26-30,64819546,M,M,1,T
79649,38,36-40,62745856,F,S,0,F
79650,30,26-30,68930513,M,S,0,T
90329,44,41-45,66260294,M,S,0,F
90402,30,26-30,68504899,F,M,5,F
90471,63,61-65,68430330,F,M,37,T
90410,51,51-55,67207012,M,S,17,T
90499,30,26-30,62357451,M,S,0,F
90444,27,26-30,62696991,M,S,0,F
90570,31,31-35,61533747,M,S,5,F
90751,58,56-60,62448714,F,M,18,T
90679,40,36-40,60249604,M,S,0,F
90820,33,31-35,64064643,F,S,8,T
90823,29,26-30,65962077,F,U,3,T
90835,72,71-75,64741356,F,M,42,F
90851,55,51-55,67993151,M,M,13,F
91206,58,56-60,64699541,F,M,13,F
91257,33,31-35,60779535,M,M,10,F
21353,28,26-30,69661162,M,S,0,F
91390,57,56-60,68319558,M,S,29,F
91098,29,26-30,64658471,F,S,0,F
91116,34,31-35,67304536,M,S,5,F
39040,28,26-30,61279531,F,S,0,F
91228,44,41-45,64781685,M,M,15,T
91451,46,46-50,63524787,M,U,15,F
91423,30,26-30,63855702,M,S,0,F
91542,29,26-30,63037339,F,S,0,T
91299,27,26-30,65640922,M,U,3,T
91316,32,31-35,60876311,F,M,13,F
91487,40,36-40,69131047,M,M,22,F
91596,32,31-35,67574665,F,U,12,F
91762,55,51-55,67730266,F,U,17,F
91828,35,31-35,65105124,M,S,0,T
91926,47,46-50,67592149,F,S,17,F
92010,58,56-60,62009913,M,U,17,F
91784,52,51-55,63072780,M,S,0,F
91831,27,26-30,60913051,F,S,0,F
91896,28,26-30,61138443,F,Sol,9,F
92169,47,46-50,65996621,M,S,12,F
70478,31,31-35,67314117,F,S,6,F
70485,57,56-60,64535690,F,U,21,F
70555,28,26-30,60176476,M,S,0,F
70703,28,26-30,65942718,F,U,7,T
70714,33,31-35,63919480,F,U,1,F
70744,33,31-35,65409578,M,S,0,F
70914,48,46-50,67536144,M,U,14,F
70996,28,26-30,61320019,M,S,0,F
71173,33,31-35,61712187,M,S,0,F
42114,35,31-35,65498136,F,S,0,T
72282,28,26-30,64572925,F,S,0,F
75783,27,26-30,69764948,F,S,0,F
87132,33,31-35,63901597,F,S,0,F
11125,26,26-30,67284172,M,S,0,T
87268,31,31-35,64188517,F,S,0,F
87368,57,56-60,62299696,M,M,27,T
87222,51,51-55,69634842,M,S,19,F
87238,58,56-60,62178008,F,U,13,F
87387,33,31-35,67330161,F,S,0,F
87775,58,56-60,60500647,F,S,29,T
87866,27,26-30,68541784,M,S,0,F
75969,29,26-30,60705934,M,U,11,F
88043,47,46-50,60407737,F,S,15,F
88093,29,26-30,67519473,M,S,0,T
88154,31,31-35,68830967,F,S,0,F
88184,46,46-50,62634084,F,S,0,T
79075,29,26-30,62652306,F,S,0,F
88393,37,36-40,67917388,M,S,0,F
88411,55,51-55,69153784,M,M,15,F
88513,28,26-30,64648831,M,S,55,F
88520,45,41-45,66035544,F,U,14,T
88707,48,46-50,67719384,M,U,7,F
88708,63,61-65,63418301,F,M,13,F
88742,31,31-35,66553999,M,U,8,F
88859,31,31-35,69026352,F,U,6,T
88973,51,51-55,63966574,F,S,19,F
76210,29,26-30,65613277,F,U,6,F
76387,33,31-35,61023454,M,S,8,F
76430,54,51-55,64893764,F,S,0,F
76485,31,31-35,60045120,M,S,0,T
76678,28,26-30,61518232,F,S,0,T
76719,28,26-30,67807577,F,U,1,F
