Customer_ID,Personal_Debt_to_Equity_Ratio,Months_Current_Account,Number_of_Loan_Accounts,,Has_Bad_Payment_Record,Members_Within_Household,Number_of_Workers_in_Household,Percentage_White_Collar_Workers,Household_Debt_to_Equity_Ratio,Average_Balance_Feed_Index,Income
5409,40,13,0,,0,5,6,37,56,229,39498
5477,47,5,2,,0,4,13,30,56,8,68600
5507,35,31,0,,0,4,9,33,57,0,38791
8,45,-3,0,,0,1,7,30,62,0,82831
158,13,39,0,,0,6,7,27,64,0,38097
173,45,6,3,,0,5,10,28,60,119,47127
5408,40,5,0,,0,4,10,40,48,0,38218
5579,36,28,0,,0,1,4,36,58,0,36741
63318,73,17,0,,0,7,12,30,57,0,34458
5732,33,25,1,,0,5,12,29,57,120,37474
5747,64,14,0,,0,7,14,23,62,0,34560
5832,43,7,1,,0,3,12,42,44,219,69490
5803,37,6,3,,0,5,16,37,45,0,36830
5833,35,19,0,,0,3,14,44,40,279,37672
5960,59,8,0,,0,4,10,24,65,84,23494
323,15,26,0,,0,3,7,27,64,139,38882
442,52,12,3,,0,6,11,36,51,0,31873
6101,41,20,0,,0,3,4,36,58,120,44750
6331,78,-5,0,,0,3,7,31,61,0,25259
6366,37,16,0,,0,3,14,44,40,0,36951
21778,72,32,1,,0,7,13,40,46,520,30741
6337,48,33,0,,0,5,12,43,44,229,71966
29858,71,-4,1,,0,3,14,20,64,0,32245
959,49,-2,5,,0,4,10,32,56,0,71831
6882,52,27,1,,0,6,8,46,45,699,33489
6946,20,5,0,,0,5,7,33,58,0,38319
7068,42,-4,4,,0,3,10,24,65,0,49045
7100,28,17,1,,0,2,10,36,52,154,39618
7186,28,12,2,,0,4,14,29,55,0,36763
7266,41,24,1,,0,1,7,39,52,0,82231
6989,28,-1,0,,0,1,18,18,63,0,37440
7048,49,25,1,,0,2,14,26,59,0,45868
7367,43,18,0,,0,2,9,42,48,100,42356
10692,44,10,1,,0,3,7,39,52,0,51527
1478,40,36,2,,0,2,8,44,47,0,
1644,43,17,1,,0,6,10,36,53,0,73024
81446,71,7,1,,0,5,10,31,57,0,33928
37,32,-4,1,,0,1,8,25,66,0,39083
65873,69,25,2,,0,7,4,28,66,254,32581
53,34,36,0,,0,2,14,33,51,129,37896
1695,38,32,0,,0,5,11,43,45,0,39656
1794,33,9,1,,0,4,12,46,41,150,39238
11362,39,39,0,,0,3,11,27,61,148,37638
11380,50,-1,0,,0,2,14,21,63,0,77648
469,37,24,1,,0,4,8,40,51,200,38730
11548,44,36,1,,0,4,13,26,59,169,53877
43246,66,13,1,,0,6,20,26,53,0,32696
769,33,24,0,,0,2,10,19,69,299,39231
85739,65,28,0,,0,3,8,27,63,0,37103
5504,40,8,0,,0,3,9,22,67,0,39125
5520,46,32,0,,0,5,11,23,64,249,67116
11044,64,32,0,,0,5,8,27,63,0,30789
11831,58,5,2,,0,7,9,41,48,0,21304
1012,41,31,0,,0,2,8,33,57,0,78620
5606,36,8,1,,0,2,13,36,49,0,37152
5656,44,32,0,,0,1,8,32,58,109,42888
12080,31,-5,0,,0,1,14,38,47,0,39436
12333,49,-1,2,,0,6,7,43,49,0,52447
12366,18,11,0,,0,3,4,30,64,0,38119
1416,33,-4,2,,0,6,13,37,48,0,37418
12450,48,27,0,,0,5,12,27,59,148,72487
25758,64,37,0,,0,4,9,31,58,13,39429
1707,25,12,4,,0,3,16,32,50,0,39521
6258,40,-1,4,,0,1,22,38,38,0,37586
6275,40,11,0,,0,3,11,43,45,0,36925
6390,52,19,1,,0,4,14,27,58,0,32818
6407,13,18,2,,0,1,16,24,59,0,37438
1975,39,-6,1,,0,3,7,39,52,0,38340
449,29,33,1,,0,3,10,36,52,0,39396
6592,59,30,0,,0,7,11,42,45,0,21082
6706,40,40,0,,0,3,11,27,61,0,37762
515,57,21,0,,0,4,8,32,59,349,25128
6757,28,26,1,,0,1,13,47,38,0,39755
7110,54,33,0,,0,6,8,31,59,362,34001
7176,43,10,0,,0,4,10,27,61,249,72055
31204,64,-2,0,,0,3,14,23,61,0,42939
15255,63,-6,1,,0,5,11,29,59,0,44333
11635,36,19,4,,0,1,15,34,49,124,36772
11749,35,-6,0,,0,1,7,39,52,0,38786
11753,50,23,0,,0,5,12,27,59,0,40300
7294,54,-6,0,,0,6,16,43,40,0,33916
10684,52,11,3,,0,4,9,28,61,0,33499
1586,27,32,0,,0,2,15,31,52,506,11663
1620,49,15,1,,0,6,9,25,65,0,47206
10719,39,17,0,,0,5,14,34,51,179,36559
10853,60,13,2,,0,5,14,25,59,248,25570
1669,24,-4,0,,0,6,7,33,58,0,39255
20015,62,5,0,,0,7,11,14,73,0,52907
12192,32,38,1,,0,1,16,39,43,0,39367
10918,34,38,1,,0,1,9,42,47,0,37922
10955,38,36,0,,0,2,9,28,61,0,36947
11002,24,33,0,,0,5,4,30,64,0,36405
1968,35,33,0,,0,1,14,32,53,0,38970
12237,48,35,0,,0,7,11,37,50,97,61276
12401,35,13,0,,0,1,9,39,50,0,38849
11254,44,40,0,,0,2,6,30,62,0,63441
16174,49,20,0,,0,1,11,24,63,0,63162
12603,19,-1,2,,0,6,14,29,55,0,36531
7364,51,17,0,,0,7,11,36,52,0,32078
7371,35,13,1,,0,1,9,42,47,0,37479
11353,18,37,0,,0,2,4,30,64,0,39928
11473,23,15,1,,0,1,10,29,59,0,53906
16542,49,29,0,,0,1,14,25,59,0,66367
16595,55,29,1,,0,3,8,35,56,0,34703
38751,62,39,0,,0,7,10,19,70,238,34060
11740,61,0,1,,0,6,12,45,42,0,33598
16760,41,36,0,,0,3,8,38,52,0,80113
70233,61,13,2,,0,7,14,25,59,106,59812
11954,54,0,3,,0,2,11,29,58,0,33864
7957,52,-4,7,,0,2,8,41,49,0,30020
16912,65,28,7,,0,7,13,30,56,0,33376
16929,31,40,0,,0,4,13,32,54,0,37486
4896,60,-2,2,,0,3,13,25,60,0,58481
17060,75,26,0,,0,7,9,46,43,0,25982
12057,32,5,0,,0,3,13,32,54,0,38866
8089,32,6,4,,0,6,10,41,47,355,39593
43827,60,9,0,,0,2,12,36,51,67,42810
17193,43,7,1,,0,3,9,41,49,378,76769
8359,41,10,4,,0,5,7,39,52,109,55885
12241,32,15,3,,0,6,11,29,58,443,38930
12389,20,30,0,,0,3,7,43,49,59,49881
17529,34,35,3,,0,3,10,25,64,0,38033
8716,64,23,0,,0,6,11,14,73,0,34589
12574,49,35,0,,0,1,16,28,54,120,41130
17713,23,23,3,,0,3,15,65,19,104,54215
17798,16,24,0,,0,6,7,27,64,91,25231
54671,60,14,3,,0,2,10,41,48,0,46625
8825,69,14,7,,0,3,12,32,55,137,34123
8918,35,32,0,,0,4,9,43,46,4,39855
8961,41,33,0,,0,1,13,45,41,0,45653
55938,59,28,5,,0,5,12,18,69,0,67017
7459,43,25,1,,0,5,9,42,47,69,65380
7542,36,31,0,,0,1,15,27,56,0,39672
8977,35,35,0,,0,5,9,22,67,69,37894
9184,39,6,0,,0,1,7,28,63,0,38680
9193,82,41,0,,0,4,10,49,39,0,68915
7629,11,14,0,,0,2,7,33,58,0,38336
7695,50,-4,0,,0,5,6,30,62,0,66329
9361,43,5,2,,0,6,10,39,50,122,82004
9393,51,5,1,,0,1,14,44,40,0,30153
13085,49,10,3,,0,6,10,33,55,42,56579
7929,46,14,3,,0,5,7,40,52,185,71467
2234,40,38,0,,0,4,11,27,61,0,37240
8144,29,9,0,,0,2,4,30,64,338,38882
2302,38,-5,2,,0,5,7,23,68,0,39352
2382,38,-7,4,,0,5,14,26,59,0,39684
13585,50,31,2,,0,2,17,44,37,169,47192
8361,23,25,1,,0,2,10,36,52,0,36554
8364,29,22,0,,0,6,7,27,64,142,79103
8445,51,6,2,,0,2,7,38,54,0,31090
2850,48,33,1,,0,4,9,25,65,0,79665
13935,42,20,1,,0,1,10,36,53,0,44774
8781,56,17,1,,0,3,22,49,27,599,20465
8913,44,-3,0,,0,4,9,29,60,0,82013
3070,23,37,2,,0,2,14,53,31,208,73485
14220,47,21,1,,0,5,16,46,36,0,78686
3395,42,9,3,,0,2,12,24,62,368,49248
9131,42,30,0,,0,6,12,24,62,0,38295
14436,49,34,1,,0,7,8,41,50,0,76856
14539,39,26,1,,0,2,9,20,69,0,39660
539,58,5,0,,0,7,11,26,61,0,42991
3636,51,26,0,,0,2,16,28,54,0,30491
14654,49,-5,1,,0,2,14,44,40,0,62962
9213,49,6,2,,0,3,7,29,63,0,47448
9263,36,28,0,,0,5,13,18,67,0,37711
7684,30,31,3,,0,2,7,33,59,0,39513
7820,38,-1,2,,0,2,9,42,47,0,38812
2296,33,17,2,,0,3,8,35,55,399,36986
2297,31,27,1,,0,6,14,32,53,0,38873
2344,40,23,0,,0,4,11,43,45,0,37026
2495,23,34,2,,0,1,6,21,71,0,37142
2529,50,8,4,,0,6,17,15,67,0,45600
9747,40,35,1,,0,6,9,38,51,0,38387
9804,53,12,1,,0,4,12,18,69,0,32174
2664,47,15,5,,0,6,12,51,36,129,50958
2749,36,37,1,,0,3,6,31,61,0,39283
8523,51,23,2,,0,7,12,44,43,109,30512
8603,34,-3,3,,0,4,9,21,68,0,36433
10304,30,14,0,,0,3,4,30,64,49,37468
2982,64,6,0,,0,3,9,39,51,0,31231
3014,62,13,1,,0,3,11,29,58,0,30430
3046,38,5,0,,0,4,10,32,57,0,36638
3133,21,33,0,,0,2,15,31,52,0,17784
3330,58,20,3,,0,6,9,31,59,219,25077
8972,54,26,2,,0,6,13,44,42,174,32724
21318,45,25,2,,0,3,12,43,43,0,72530
66898,58,6,1,,0,3,12,33,53,0,45906
9124,34,23,0,,0,3,6,38,54,0,38752
3599,41,-3,0,,0,4,13,33,52,0,63609
3667,45,37,0,,0,2,16,16,67,150,56069
3766,45,16,1,,0,3,8,34,57,89,57689
3784,37,5,0,,0,3,14,44,40,284,37630
9341,59,0,0,,0,2,14,36,49,0,24340
2136,47,24,1,,0,5,14,35,50,349,76585
21836,36,10,0,,0,5,13,18,67,0,39397
3818,27,7,0,,0,5,7,33,58,551,38011
3849,51,-6,2,,0,7,7,18,73,0,32145
2369,56,13,3,,0,3,9,19,70,193,22177
4050,40,23,1,,0,6,15,22,62,0,37422
2489,35,12,4,,0,6,5,28,66,0,37160
16088,42,-2,3,,0,3,11,30,57,0,54875
16136,17,37,1,,0,4,16,26,56,0,78988
61316,57,5,0,,0,2,10,25,63,0,42949
2656,37,32,0,,0,6,4,36,58,199,37325
63697,57,6,0,,0,5,14,23,62,0,61260
16381,41,17,1,,0,2,6,27,66,0,76971
16488,49,18,0,,0,6,3,24,71,0,55932
9699,38,30,0,,0,5,7,30,62,0,37063
54545,57,36,1,,0,2,8,47,43,0,27330
3223,14,24,0,,0,4,15,31,52,64,38209
3524,42,15,7,,0,1,8,28,62,0,52154
17006,49,-4,4,,0,3,16,37,45,0,63884
17040,46,27,0,,0,2,7,50,42,0,58046
5030,56,-6,0,,0,4,6,40,52,0,38212
17101,28,31,0,,0,5,15,31,52,0,37157
4816,56,20,0,,0,4,8,31,59,0,33597
10369,48,37,3,,0,7,17,38,43,0,57051
10453,31,15,1,,0,2,14,32,53,0,36986
3876,18,25,1,,0,1,14,39,45,299,58174
17360,42,23,1,,0,6,15,33,51,0,62982
21265,45,5,1,,0,3,15,39,44,0,58269
21280,33,16,2,,0,5,8,34,56,0,39052
21350,27,-4,0,,0,5,7,33,58,0,38374
17594,20,37,0,,0,5,7,33,58,0,39018
17649,26,9,0,,0,1,7,33,58,0,39656
21464,71,-5,1,,0,6,10,21,67,0,25340
84964,56,6,0,,0,7,8,31,59,100,33597
17826,44,28,1,,0,2,5,49,45,120,82978
78037,56,22,0,,0,2,7,36,55,140,44461
16827,55,27,1,,0,7,11,22,65,299,48428
21848,56,13,3,,0,2,10,40,49,297,26010
21918,41,-5,1,,0,2,15,21,62,0,51929
16017,34,34,0,,0,2,9,33,57,164,37558
16115,40,34,2,,0,6,13,38,48,0,39210
16754,30,7,0,,0,3,7,27,64,249,38669
17121,34,-3,0,,0,4,13,18,67,0,38058
17403,37,37,0,,0,5,8,32,59,0,39107
17487,32,35,0,,0,3,9,39,50,20,39572
17539,36,38,2,,0,4,8,35,55,0,36997
17673,59,-6,0,,0,7,10,24,65,0,21782
6418,46,37,1,,0,3,10,49,39,0,56119
6513,39,0,0,,0,4,19,34,45,0,36683
6579,38,16,1,,0,3,10,28,61,69,38841
6638,27,37,0,,0,3,15,31,52,150,36461
23951,55,7,0,,0,3,13,26,59,0,54213
6979,36,25,1,,0,3,6,36,56,40,36468
7029,39,20,1,,0,4,15,39,44,0,38451
7197,29,8,3,,0,6,18,52,28,89,37068
7222,30,15,0,,0,1,7,33,58,0,38714
17921,46,13,0,,0,2,7,26,66,0,50004
17944,38,16,4,,0,1,6,29,64,0,39801
12705,34,-5,0,,0,3,10,20,69,0,39448
12760,67,36,1,,0,7,9,41,48,304,31841
12805,49,27,2,,0,7,9,34,55,179,78183
12912,36,36,0,,0,5,9,23,67,0,36970
14939,34,6,1,,0,4,7,55,36,94,38108
18636,55,5,0,,0,2,8,27,63,0,37103
13089,45,16,0,,0,3,12,11,75,0,69317
13125,43,-2,2,,0,2,7,46,45,0,55414
13143,49,37,2,,0,3,12,36,51,0,73619
13355,40,15,0,,0,5,14,34,50,0,38811
13362,46,5,1,,0,6,6,36,57,0,76505
37441,54,33,1,,0,5,13,18,68,0,43808
13582,22,19,3,,0,6,14,47,38,0,37350
15472,34,11,1,,0,5,11,31,57,0,39160
13225,48,34,2,,0,7,12,37,50,0,76410
13358,38,40,1,,0,5,12,25,62,0,39509
13830,49,34,1,,0,5,10,22,66,159,41073
13458,33,26,4,,0,3,13,46,39,0,37251
13610,26,23,0,,0,5,15,31,52,0,38321
25169,52,0,6,,0,6,14,34,51,0,51342
14282,34,9,2,,0,4,18,32,49,59,39257
14602,37,-4,0,,0,5,10,32,57,0,39176
17190,51,28,2,,0,5,7,29,63,0,34495
13911,44,37,0,,0,1,12,40,46,656,70514
13945,50,33,2,,0,4,15,44,39,120,47187
14378,35,-2,0,,0,6,10,32,57,0,39517
14545,53,8,0,,0,6,10,42,47,0,32346
14580,29,36,0,,0,5,4,30,64,89,39940
14581,44,28,1,,0,5,12,42,44,0,82519
27139,28,-6,3,,0,5,9,21,68,0,38796
27140,39,33,0,,0,4,13,33,52,0,37128
27156,42,13,0,,0,3,15,45,39,0,59531
27157,39,25,1,,0,1,12,38,49,0,39482
27255,33,10,0,,0,3,14,38,47,299,38800
27306,33,10,2,,0,5,9,26,63,74,37158
14681,45,28,3,,0,6,15,27,56,299,82680
15211,49,36,1,,0,5,6,29,64,0,44782
15079,43,7,1,,0,5,15,39,44,0,79315
15181,32,20,1,,0,2,11,21,66,65,39784
15213,48,19,3,,0,1,7,27,64,0,59492
15214,42,14,0,,0,5,12,38,49,219,57108
15359,39,32,0,,0,4,14,34,50,0,37682
15477,23,35,3,,0,5,10,38,50,0,38824
15695,39,28,2,,0,5,7,23,68,0,37513
15849,44,17,3,,0,6,5,14,79,0,52010
26618,42,9,3,,0,2,8,33,58,0,57162
26813,40,14,1,,0,3,10,36,53,89,36570
26859,45,35,0,,0,4,10,27,61,0,82993
27084,32,16,1,,0,3,11,21,66,847,36673
61674,51,-1,3,,0,7,7,30,62,0,40437
27268,51,12,0,,0,6,13,31,55,0,31357
4590,50,31,0,,0,2,11,29,58,438,25785
27333,23,17,2,,0,5,9,65,25,19,37650
10698,26,21,0,,0,6,7,43,49,179,53410
10782,63,28,0,,0,2,8,32,59,0,33797
10807,36,17,1,,0,2,6,56,37,178,36803
10855,36,21,3,,0,4,13,33,53,0,38239
10898,36,22,0,,0,3,9,26,64,0,37270
11050,24,22,0,,0,3,7,33,58,0,39986
43161,50,13,0,,0,5,18,29,51,178,52999
11457,39,18,1,,0,2,11,32,55,0,37887
11602,44,8,1,,0,1,6,36,57,0,68215
11607,39,-3,2,,0,4,7,23,68,0,38695
11609,39,-2,0,,0,4,11,43,45,0,39633
11616,26,26,1,,0,4,10,36,52,0,23221
11659,68,-6,2,,0,2,8,22,68,0,33085
11916,38,-3,6,,0,3,18,50,30,0,37678
11943,27,37,1,,0,1,20,21,58,0,38445
12645,61,20,0,,0,4,12,48,38,0,32671
12654,38,0,1,,0,2,11,31,56,0,36849
4102,42,13,1,,0,6,12,42,44,0,40683
4226,40,38,0,,0,4,13,45,41,104,38325
4374,37,9,1,,0,1,11,35,52,0,39041
61281,50,-1,0,,0,7,11,39,49,0,73827
63767,50,39,1,,0,6,9,37,52,0,64012
4520,59,41,0,,0,3,15,28,55,45,26223
4310,42,14,0,,0,2,11,43,45,49,63787
4497,46,9,0,,0,5,11,24,63,308,51138
82227,50,-6,1,,0,4,10,36,53,0,47995
4651,33,9,0,,0,1,13,41,44,229,36934
4686,20,20,2,,0,2,16,24,59,0,71011
4643,37,-6,1,,0,1,18,27,54,0,36532
85565,50,-3,0,,0,7,9,36,54,0,45621
5008,50,28,4,,0,4,11,29,59,408,67871
16163,49,31,0,,0,4,17,47,34,0,36701
5170,35,13,1,,0,6,13,34,52,0,39112
10457,49,8,7,,0,5,9,28,61,0,42567
51689,49,12,0,,0,6,9,39,51,0,36431
5147,42,-3,0,,0,4,13,21,64,0,48814
5306,29,11,3,,0,1,19,16,64,0,39987
32075,64,-1,1,,0,7,9,32,57,0,32590
32150,28,38,1,,0,1,10,29,59,249,37275
5197,36,-1,3,,0,3,8,49,42,0,37877
5231,39,18,0,,0,6,11,27,60,0,38828
32229,16,8,4,,0,6,11,39,49,16,39350
32309,41,22,1,,0,3,7,39,52,0,78185
31987,58,23,3,,0,3,10,20,69,0,20827
71793,49,37,2,,0,6,13,17,68,0,55731
32534,54,11,2,,0,4,9,34,55,958,31371
32566,31,15,0,,0,4,11,23,65,0,38054
32573,25,-5,1,,0,5,14,32,53,0,36818
93,28,15,0,,0,1,4,30,64,0,41488
104,74,18,3,,0,2,5,40,53,0,24806
202,39,21,2,,0,6,10,36,52,0,37550
311,30,38,2,,0,3,17,33,49,399,37699
361,59,31,1,,0,7,9,47,43,15,24004
445,75,31,0,,0,5,12,41,46,0,25596
636,44,20,0,,0,2,10,27,61,0,52721
670,46,26,1,,0,2,8,31,59,219,46604
1031,42,-1,1,,0,6,9,47,43,0,55738
1315,44,38,1,,0,6,6,36,57,0,73557
1363,40,23,2,,0,5,9,46,44,0,37366
1781,45,21,0,,0,6,7,26,66,487,68314
1917,63,0,1,,0,4,13,27,59,0,30392
1958,33,28,7,,0,5,14,28,56,0,39796
83603,49,8,5,,0,4,9,22,68,0,54321
2008,54,-6,0,,0,7,12,36,51,0,34567
2015,29,27,1,,0,2,10,36,52,405,37781
32553,31,-5,3,,0,2,10,51,37,0,37143
13727,48,9,2,,0,2,8,26,64,0,51772
32686,59,-4,0,,0,6,9,38,51,0,23960
22099,25,31,1,,0,4,10,36,52,0,37218
32684,54,31,0,,0,5,9,32,58,0,34569
4988,48,33,0,,0,4,14,21,63,0,54532
22181,39,37,1,,0,4,7,39,52,0,38377
22297,37,28,1,,0,3,5,25,69,317,39898
9942,48,13,0,,0,3,8,38,52,124,47326
9659,42,27,0,,0,5,13,27,58,0,38880
22688,40,41,0,,0,2,9,42,48,0,38114
33252,48,-4,1,,0,7,11,27,61,0,59921
9991,39,-6,1,,0,1,15,28,55,0,39815
22756,22,23,1,,0,4,21,35,43,0,18417
22813,40,22,0,,0,2,9,28,61,0,38198
10124,15,12,0,,0,5,7,27,64,0,37378
26930,47,22,1,,0,2,10,35,53,0,29959
22600,37,21,1,,0,1,12,38,49,0,39643
22619,53,8,2,,0,5,8,23,67,134,31899
23056,39,38,1,,0,6,7,32,59,0,38873
10311,42,37,1,,0,6,11,37,50,0,63942
10345,18,23,2,,0,6,16,24,59,0,39050
22952,39,35,0,,0,4,16,34,48,129,39271
23001,65,10,0,,0,6,18,50,31,0,33419
23340,55,6,0,,0,7,7,36,56,150,31477
23220,39,14,0,,0,1,6,37,56,0,39504
23774,52,17,0,,0,4,11,37,50,0,31010
23656,31,33,1,,0,6,14,39,45,0,37353
23869,45,-4,1,,0,3,8,20,70,0,76222
21653,47,37,0,,0,5,14,21,63,313,54532
68543,47,0,5,,0,5,8,20,70,0,36650
23907,37,25,1,,0,3,11,31,56,0,38316
23957,30,17,0,,0,3,4,30,64,0,38099
21740,64,16,0,,0,4,8,32,59,0,33261
21843,20,-5,0,,0,2,7,27,64,0,24059
16039,44,38,0,,0,2,13,33,52,0,73498
16098,36,24,5,,0,6,14,40,45,348,37025
16255,47,39,0,,0,2,6,30,62,705,60686
16262,45,10,0,,0,2,12,11,75,279,72650
16598,19,17,0,,0,6,15,31,52,0,38795
16632,70,8,0,,0,4,9,39,51,349,33693
16689,40,31,2,,0,1,18,36,44,0,37281
16798,20,11,0,,0,4,4,30,64,405,37761
17284,39,9,0,,0,6,7,39,52,0,39501
17309,46,39,2,,0,3,10,25,64,189,75658
17393,49,39,0,,0,4,9,39,51,348,47243
17707,22,10,0,,0,5,7,33,58,349,39109
17718,35,33,1,,0,5,5,25,69,249,39240
17927,43,-1,1,,0,1,15,28,55,0,46274
17950,16,-2,1,,0,3,6,25,67,0,38817
21974,45,34,0,,0,1,8,24,66,0,67067
22025,51,29,0,,0,6,13,31,54,124,33035
24055,30,33,5,,0,1,6,38,54,29,38611
27433,54,9,2,,0,4,4,36,58,0,32275
27698,17,-1,4,,0,4,15,34,50,0,38649
27711,39,27,1,,0,4,11,31,56,0,38101
27779,50,36,3,,0,6,16,30,52,429,56503
27605,26,16,1,,0,3,10,23,66,592,36689
27707,17,29,1,,0,1,10,36,52,0,38788
27792,27,14,2,,0,1,8,33,58,0,37379
27884,35,-2,0,,0,4,9,33,57,0,39871
27843,44,32,3,,0,1,7,26,66,0,39127
27861,40,15,2,,0,2,8,44,47,0,37472
28040,59,24,1,,0,3,11,32,56,0,20792
28149,44,28,2,,0,1,10,43,45,0,48866
28088,37,11,0,,0,4,11,36,51,199,36463
28179,41,30,1,,0,6,9,38,51,430,47167
76183,47,29,1,,0,3,9,25,65,0,35796
28074,44,-3,1,,0,1,10,36,53,0,79041
28257,19,34,1,,0,4,21,35,43,517,37765
28429,57,31,3,,0,6,8,17,73,65,22263
28417,28,37,0,,0,3,7,27,64,0,39202
28574,42,38,2,,0,6,8,44,47,0,63851
28601,44,-4,0,,0,6,5,26,67,0,67033
28702,38,9,1,,0,2,11,40,47,0,36548
28644,67,-6,1,,0,5,7,27,65,0,32381
28820,60,16,0,,0,6,12,48,38,0,24978
28835,61,19,1,,0,2,9,34,55,0,32800
28903,43,5,3,,0,6,10,33,55,0,47586
29222,29,27,3,,0,6,10,51,37,124,38813
29109,26,10,3,,0,4,10,28,60,0,37213
29120,38,-4,0,,0,5,11,45,43,0,37030
29411,53,26,1,,0,6,11,10,78,278,31726
7708,38,23,0,,0,3,14,19,66,0,38532
7842,41,40,1,,0,5,5,49,45,0,42309
8142,19,21,1,,0,6,13,47,38,122,36465
8433,44,25,0,,0,6,11,23,64,120,38439
8485,41,5,3,,0,6,8,35,55,59,48614
8490,39,19,0,,0,5,13,21,64,0,38806
8692,39,28,3,,0,6,17,39,43,179,38562
8883,41,14,1,,0,3,11,40,47,0,75872
9126,39,23,1,,0,6,11,31,56,0,37780
9221,31,32,1,,0,2,10,36,52,0,38006
9335,21,8,0,,0,5,7,27,64,249,36846
12720,43,39,1,,0,4,14,37,48,0,73308
29188,40,12,1,,0,2,9,29,61,299,38353
29272,35,28,1,,0,5,6,31,61,0,36711
32837,69,23,5,,0,7,8,29,62,0,32584
33038,35,27,2,,0,3,15,31,53,158,37624
33120,53,37,1,,0,3,17,31,51,0,34696
33146,32,19,0,,0,6,9,33,57,0,37508
33141,36,29,1,,0,4,12,48,38,0,38713
33273,39,34,0,,0,2,16,34,48,0,39443
33332,62,31,0,,0,6,9,38,51,0,34636
1266,46,-5,1,,0,4,10,36,53,0,47995
33591,60,36,6,,0,6,6,34,59,248,25541
33715,36,30,1,,0,4,13,35,50,0,37149
33816,32,9,1,,0,2,14,39,45,278,36908
34034,41,32,4,,0,5,9,35,54,279,66177
37202,46,31,1,,0,5,10,41,47,0,47692
79864,46,22,1,,0,2,9,37,52,0,64012
34135,48,-5,1,,0,4,8,20,70,0,51845
34285,19,23,0,,0,6,7,27,64,617,36780
34316,38,-2,0,,0,2,16,29,54,0,37178
34360,50,13,0,,0,3,9,32,57,189,43564
34511,42,23,2,,0,6,13,30,56,203,38003
34517,44,38,7,,0,3,10,50,38,179,46594
34361,67,30,0,,0,7,3,38,57,0,34898
34563,63,28,0,,0,6,11,14,73,0,32246
12870,53,9,2,,0,4,10,35,53,0,31396
13120,38,18,3,,0,3,9,23,67,169,39595
13190,46,23,1,,0,5,9,27,62,10,52575
74661,46,5,0,,0,6,14,19,66,59,59681
13867,36,18,2,,0,3,18,36,44,299,38336
34704,24,18,1,,0,2,14,32,53,89,36487
24110,45,10,0,,0,4,12,39,48,0,82682
24133,43,20,1,,0,1,9,27,62,75,43370
22291,36,-5,0,,0,3,16,29,54,0,39575
24317,34,23,1,,0,1,11,35,52,0,37153
24469,39,-1,0,,0,6,16,34,48,0,36927
24478,50,8,0,,0,4,16,36,47,0,62359
24474,26,16,2,,0,1,14,29,55,0,37754
24505,56,-6,0,,0,4,6,40,52,0,20054
24556,48,-1,1,,0,4,9,19,70,0,74853
24574,44,17,2,,0,2,17,24,57,0,42501
74388,46,20,1,,0,5,6,17,75,182,52862
24769,33,27,3,,0,6,11,37,51,0,37622
24773,24,-1,0,,0,1,7,33,58,0,39156
54371,45,19,1,,0,2,15,28,55,0,54742
24957,28,-4,0,,0,3,7,33,58,0,39471
25057,39,23,0,,0,3,14,34,51,0,39970
23210,36,31,0,,0,1,9,28,61,0,37161
25287,33,32,0,,0,2,12,25,61,104,39699
25414,28,23,3,,0,3,6,32,61,0,36822
25193,28,35,0,,0,6,15,31,52,0,37740
25208,40,10,2,,0,1,13,28,58,119,36552
25326,40,29,2,,0,6,13,28,57,211,39456
23330,22,37,1,,0,1,6,25,67,0,45914
23379,32,-4,0,,0,3,20,40,39,0,36437
23445,44,40,2,,0,3,13,17,68,0,72725
23480,51,40,0,,0,6,8,48,43,0,34417
82741,45,-6,1,,0,1,9,29,61,0,19666
25623,37,28,2,,0,5,14,29,55,0,37638
25392,39,26,3,,0,5,9,41,48,299,36626
8743,44,-3,2,,0,5,10,24,64,0,67397
25542,37,7,1,,0,6,10,28,61,0,37180
25810,48,13,0,,0,4,11,29,58,0,72055
23829,61,25,1,,0,5,12,45,42,0,31207
25898,28,17,1,,0,4,10,36,52,80,37765
2117,50,-4,0,,0,2,9,36,54,0,55846
2158,73,14,0,,0,4,7,51,40,0,24592
2408,34,36,2,,0,1,15,31,53,0,37043
2442,50,36,1,,0,2,16,28,55,499,43237
2583,31,30,4,,0,1,18,44,37,799,37598
2624,26,15,3,,0,5,15,65,19,223,36403
2667,43,-3,0,,0,2,10,26,62,0,58863
2728,28,23,0,,0,5,15,31,52,299,38876
3144,39,13,1,,0,6,10,27,61,105,36687
3344,51,29,0,,0,3,7,30,61,0,34636
3587,29,-1,0,,0,2,7,43,49,0,36645
3669,36,17,4,,0,1,10,38,51,0,36844
3696,42,34,1,,0,2,7,32,59,0,75921
3898,41,-4,0,,0,2,16,34,48,0,39110
3923,39,7,2,,0,6,7,23,68,0,37213
4003,73,15,0,,0,5,11,29,58,164,25116
9430,54,36,0,,0,2,6,35,58,559,33683
24014,63,28,0,,0,2,5,37,56,70,30639
24096,57,35,0,,0,7,9,31,59,228,20409
29431,63,9,0,,0,2,12,42,44,0,32129
29433,42,19,1,,0,2,10,36,53,293,41918
29881,49,-4,0,,0,2,13,17,68,0,78553
29837,45,-1,0,,0,1,16,36,47,0,71381
29971,30,29,1,,0,3,14,39,45,0,36408
24647,44,23,0,,0,2,7,41,50,0,68536
30103,46,27,1,,0,5,9,29,61,94,55759
30210,51,36,0,,0,3,8,24,66,89,31257
30174,25,30,7,,0,6,9,41,48,0,37410
30207,50,9,0,,0,7,9,32,58,257,70933
58301,44,0,2,,0,5,13,30,56,0,24882
30440,71,31,0,,0,3,18,30,51,0,24161
30523,35,14,6,,0,2,12,38,49,194,37549
30501,33,-3,0,,0,3,9,43,46,0,38565
30512,72,14,5,,0,7,6,29,63,164,24865
30653,40,35,3,,0,6,7,27,64,0,38796
30799,30,17,0,,0,4,15,31,52,0,39939
30815,38,15,1,,0,5,15,39,44,0,38915
30931,25,41,0,,0,3,7,33,58,0,27621
30741,41,-5,0,,0,6,4,36,58,0,70184
76315,44,15,3,,0,5,10,35,53,0,20497
31015,45,34,1,,0,3,6,17,75,0,49927
31135,28,-6,5,,0,3,12,29,58,0,37354
30809,21,28,5,,0,6,7,34,57,124,36875
30824,48,-4,0,,0,6,12,27,59,0,74223
31268,39,34,2,,0,5,12,21,65,0,37542
31299,48,33,2,,0,4,8,24,66,59,71230
31246,48,21,0,,0,5,9,36,54,0,65752
31328,33,31,7,,0,2,9,13,76,204,37374
31124,24,-6,1,,0,1,10,23,66,0,38157
31193,42,-3,0,,0,5,16,39,43,0,65787
31207,38,6,0,,0,4,8,26,65,0,37170
31308,31,24,2,,0,4,18,34,46,0,39861
31360,37,15,5,,0,5,7,34,58,0,37011
84433,44,8,3,,0,4,9,23,67,0,42306
9878,31,9,0,,0,3,11,23,65,0,39329
10214,44,28,0,,0,1,13,21,64,0,55445
10230,60,17,0,,0,3,8,27,63,0,20302
10264,40,8,0,,0,6,9,28,61,0,38457
10298,10,13,1,,0,5,10,29,59,423,39993
10382,31,33,1,,0,1,10,36,52,160,36765
68981,44,0,1,,0,2,10,41,47,0,47692
2837,43,31,1,,0,5,7,39,52,0,24598
21446,19,7,0,,0,4,15,31,52,0,37884
21471,62,37,1,,0,4,13,30,56,0,34738
21521,52,8,0,,0,4,11,36,52,0,33378
21562,35,39,5,,0,5,17,25,57,129,37159
34721,43,39,0,,0,1,11,43,45,129,24777
21728,31,16,1,,0,5,14,39,45,129,36750
55882,43,26,3,,0,1,8,35,56,0,35867
21839,41,36,1,,0,6,11,31,56,0,48991
21844,57,-4,3,,0,3,8,17,73,0,22774
21855,39,27,1,,0,5,15,39,44,0,36979
34818,55,10,0,,0,6,8,38,52,188,32066
34820,22,16,0,,0,4,7,33,58,188,37409
86133,43,-4,1,,0,2,9,42,47,0,41576
35038,34,16,0,,0,4,9,43,46,129,38520
34968,44,-3,4,,0,1,17,26,56,0,72330
35019,24,30,0,,0,5,7,27,64,0,25743
35118,43,16,0,,0,2,12,22,64,458,50705
34926,36,0,0,,0,2,12,29,57,0,38306
35046,41,24,0,,0,6,14,19,66,0,54866
35236,28,8,2,,0,5,8,32,59,0,37468
35304,41,17,1,,0,1,7,32,59,0,78293
35406,21,0,0,,0,6,7,33,58,0,38245
35465,52,14,0,,0,6,11,29,58,0,33859
35360,18,25,0,,1,3,7,33,58,0,39815
35402,42,25,2,,0,4,11,38,50,25,68135
35552,26,30,0,,0,4,9,33,57,0,37138
35555,28,32,0,,0,4,13,41,44,699,38061
35606,49,-5,1,,0,4,7,40,51,0,70070
35624,48,31,4,,0,4,16,34,49,0,53578
35667,53,41,1,,0,3,8,46,45,0,33624
35724,35,34,1,,0,4,12,64,22,0,38917
35447,60,-2,0,,0,3,12,31,55,0,25536
35577,14,10,2,,0,6,9,65,25,0,36934
35935,21,15,1,,0,6,6,38,55,279,
35960,46,23,2,,0,3,10,24,64,0,65924
35636,48,9,2,,0,6,10,21,68,63,80299
77888,43,10,1,,0,2,10,22,66,200,22734
36144,23,9,0,,0,1,7,33,58,0,38285
35928,16,33,0,,0,4,7,43,49,459,39135
35995,40,9,0,,0,6,11,43,45,0,39505
35823,28,6,3,,0,5,10,28,60,159,38740
36476,23,21,2,,0,4,8,32,59,0,37216
36046,41,14,0,,0,3,13,33,52,0,74974
36196,26,36,0,,0,6,4,30,64,0,37406
36256,39,13,1,,0,4,9,29,61,209,39921
36560,34,11,0,,0,3,10,20,69,128,37406
36431,43,-1,1,,0,3,9,38,51,0,39813
36497,37,34,0,,0,2,4,36,58,0,36581
12012,42,-2,3,,0,5,8,35,55,0,53548
36421,33,35,1,,0,1,9,42,47,0,39817
36581,42,15,0,,0,1,17,25,56,0,68948
36640,42,32,0,,0,6,14,34,50,0,41805
36706,27,17,2,,0,4,9,47,42,49,38647
36755,40,17,0,,0,1,9,17,73,0,39051
18150,45,30,0,,0,2,9,39,51,0,43892
18452,36,23,1,,0,5,13,34,52,0,39443
18468,34,0,0,,0,5,13,18,67,0,38371
18552,54,-5,2,,0,6,13,32,53,0,31281
30878,42,15,1,,0,2,9,35,54,0,24696
18956,36,18,1,,0,1,12,38,49,0,37341
19038,39,5,0,,0,4,10,20,69,0,36905
19188,36,28,0,,0,2,7,39,52,0,37620
19220,22,8,1,,0,6,14,32,53,149,39074
19256,37,15,2,,0,3,10,35,54,0,38212
38152,42,19,1,,0,1,10,36,53,0,52325
24179,35,-4,0,,0,5,9,31,59,0,37669
26216,59,35,1,,0,6,8,32,58,0,21515
24366,51,-3,1,,0,7,22,49,27,0,33872
40778,42,16,0,,0,1,15,45,39,0,28742
56665,42,9,0,,0,4,11,23,64,0,19741
37298,47,19,3,,0,2,12,34,52,174,57130
37387,32,0,6,,0,3,15,46,37,0,37041
85515,42,15,0,,0,6,11,27,61,149,22818
37546,39,19,1,,0,5,11,33,54,0,38086
37664,33,35,1,,0,6,3,28,67,182,39137
37832,24,-4,0,,0,2,4,30,64,0,39830
38048,52,25,2,,0,3,4,36,58,95,30955
38107,37,11,4,,0,1,10,45,43,148,37691
25017,29,18,1,,0,3,14,39,45,0,38351
25033,44,20,2,,0,4,10,42,46,294,70986
25067,34,6,1,,0,1,5,26,68,759,38878
25216,82,40,2,,0,3,6,29,64,0,54417
25336,39,8,3,,0,2,12,24,63,149,38750
25436,38,12,0,,0,5,11,43,45,0,37126
25553,51,18,1,,0,5,9,30,59,0,33613
25568,47,6,1,,0,4,10,22,66,0,59443
38382,25,29,4,,0,5,15,34,50,70,38934
25717,40,28,1,,0,2,15,39,44,199,38663
14988,41,-6,0,,0,3,10,27,61,0,20962
26085,30,17,1,,0,2,6,25,67,0,53268
15435,63,30,2,,0,5,9,32,58,199,33634
15487,39,27,4,,0,1,10,45,43,0,39337
15655,27,15,0,,0,6,18,18,63,0,37784
15894,42,-4,0,,0,5,17,25,56,0,71937
26942,43,32,1,,0,6,14,28,56,0,53612
26983,41,23,0,,0,3,19,41,39,0,69116
27076,19,-3,0,,0,4,15,31,52,0,39000
27183,43,19,2,,0,2,13,29,56,0,45959
27208,38,9,1,,0,5,11,40,47,0,38250
27262,32,23,4,,0,6,15,34,49,248,36800
4148,25,9,1,,0,2,11,18,69,0,27440
38791,41,33,1,,0,4,9,29,61,461,56006
31493,44,15,0,,0,3,8,42,48,0,64659
31544,39,36,1,,0,6,15,39,44,0,39081
31500,47,20,2,,0,2,10,43,45,663,41216
31502,46,40,1,,0,5,11,37,50,0,45899
31601,33,14,1,,0,6,9,24,65,70,36599
31616,61,-6,0,,0,3,10,25,63,0,34662
31596,47,-3,1,,0,6,9,19,70,0,52383
31707,56,-6,4,,0,7,20,23,56,0,21114
31843,30,14,0,,0,5,7,27,64,349,62376
42512,27,25,4,,0,1,16,32,50,0,47731
42541,39,8,0,,0,1,17,25,56,0,39762
42703,43,28,1,,0,3,17,36,46,0,53996
42907,40,25,1,,0,6,9,38,51,130,39207
42976,44,-4,0,,0,4,11,43,45,0,74512
42803,25,0,0,,0,1,7,43,49,0,36735
42864,31,-6,1,,0,1,8,40,51,0,39419
31930,41,7,1,,0,1,9,29,61,129,62091
43048,39,10,0,,0,4,16,39,43,0,37873
43062,37,24,1,,0,4,7,35,57,0,39129
43121,40,16,1,,0,1,8,34,57,89,39272
34125,41,14,1,,0,3,11,33,54,0,23311
43269,45,37,0,,0,3,8,38,52,0,49432
43118,45,6,0,,0,4,11,43,45,118,70067
43360,36,24,0,,0,6,9,31,59,0,36841
43383,24,25,0,,0,4,15,31,52,558,38568
43416,50,35,2,,0,5,13,25,60,60,58044
43549,36,26,1,,0,4,9,19,71,0,36952
43353,34,-2,0,,0,1,7,39,52,0,36470
43412,42,0,0,,0,6,11,27,61,0,47165
43453,41,26,5,,0,6,15,37,47,89,40038
43724,38,22,1,,0,1,6,36,57,0,38169
43768,43,23,3,,0,1,11,35,53,0,63385
25448,41,0,1,,0,2,15,33,51,0,29682
43648,30,40,1,,0,4,10,36,52,0,37026
43698,44,27,5,,0,6,12,51,36,0,61119
43808,61,-1,1,,0,2,16,32,50,0,34819
22807,41,36,0,,0,2,16,39,43,59,17984
43841,62,35,4,,0,7,12,43,43,0,31555
43893,24,-2,3,,0,5,10,28,60,0,37451
43944,18,9,1,,0,1,16,26,56,0,37114
43737,26,-2,2,,0,1,14,29,55,0,76636
4541,51,-5,1,,0,4,13,26,59,0,30057
4571,39,-6,0,,0,3,12,41,45,0,36732
4605,18,18,0,,0,6,18,18,63,35,61845
4675,46,18,1,,0,4,9,27,62,0,72502
41688,41,40,1,,0,1,5,49,45,0,49260
4855,38,5,1,,0,1,9,20,69,0,38212
31913,33,20,1,,0,1,7,26,65,0,36815
31972,41,25,0,,0,6,15,45,39,64,39297
32013,29,17,1,,0,4,21,35,43,544,36759
22096,31,9,2,,0,1,17,33,49,0,37495
44060,32,23,1,,0,2,8,25,66,0,38046
43971,53,17,1,,0,3,11,18,70,664,32045
36832,13,10,1,,0,5,14,32,53,0,37051
37037,30,34,0,,0,2,15,31,52,129,37134
36931,46,38,0,,0,5,11,29,59,0,46866
36966,37,-4,1,,0,2,16,29,53,0,38349
37109,45,-4,0,,0,2,16,36,47,0,51766
37085,35,6,0,,0,3,9,22,67,249,38709
47851,26,8,0,,0,2,18,18,63,474,38704
47830,37,34,0,,0,4,9,35,54,179,39887
47973,64,19,0,,0,4,12,31,55,179,32453
48046,62,-5,1,,0,4,9,32,57,0,32067
48229,50,-5,0,,0,3,12,24,62,0,57022
48431,34,-3,2,,0,2,11,49,38,0,38381
48579,38,30,0,,0,1,8,35,55,25,39931
62766,41,29,0,,0,1,12,24,62,0,21126
48488,43,14,0,,0,5,7,26,66,0,68533
48538,36,25,0,,0,4,11,27,60,249,38157
48628,31,36,0,,0,6,8,34,57,0,39977
48687,55,14,1,,0,5,10,38,50,0,34938
48766,41,28,1,,0,3,15,33,51,0,73905
48835,83,16,1,,0,4,9,36,53,948,36697
48969,53,35,4,,0,3,11,42,45,0,30767
48996,38,5,0,,0,2,12,38,49,158,39069
49121,24,5,1,,0,1,11,18,69,0,37519
49244,34,31,5,,0,4,7,37,55,119,38685
49116,41,-6,1,,0,1,14,37,48,0,53313
48841,35,35,2,,0,3,10,32,56,343,39547
49006,28,22,0,,0,2,7,27,64,0,36628
70734,41,37,1,,0,3,10,28,61,755,50826
23030,35,25,3,,0,6,8,49,42,244,37788
23593,28,26,0,,0,6,15,31,52,0,39749
23791,32,-6,0,,0,3,7,27,65,0,37577
23909,47,20,3,,0,6,9,20,69,109,74631
26303,31,31,2,,0,3,10,44,44,690,38396
26488,50,13,3,,0,5,12,26,60,326,79183
49376,43,16,0,,0,6,15,45,39,0,50322
49393,43,16,0,,0,1,9,42,48,0,40850
26556,37,6,2,,0,1,11,36,51,0,38686
37199,52,18,0,,0,5,8,31,59,109,33248
37251,24,35,5,,0,5,10,36,53,518,18813
37317,38,8,0,,0,4,13,18,67,199,38246
26261,58,35,2,,0,2,11,50,38,49,20747
26447,47,8,0,,0,5,9,58,31,209,56703
37499,45,34,1,,0,5,16,46,36,349,40994
37223,40,34,3,,0,2,10,43,46,129,36600
73151,41,27,4,,0,4,8,23,68,0,64234
86218,41,23,4,,0,2,5,27,66,214,63910
37936,37,10,0,,0,3,11,26,61,0,37749
37860,30,20,0,,0,3,18,18,63,0,38636
10125,40,8,1,,0,5,9,29,61,89,20155
38169,36,28,0,,0,1,19,22,57,0,37253
37892,51,27,3,,1,5,10,32,57,694,34793
38127,73,31,1,,0,4,13,35,50,179,25815
9805,40,27,1,,0,3,15,22,62,0,20486
38519,29,0,3,,0,1,10,38,50,0,37673
38160,30,11,0,,0,4,7,33,58,0,36446
38229,37,24,0,,0,4,9,31,59,0,36901
38786,22,23,0,,0,1,7,27,64,98,38444
38362,49,-6,2,,0,5,8,24,66,0,52137
38429,23,-1,0,,0,3,7,27,64,0,37932
27587,30,26,1,,0,4,2,43,54,0,39876
27669,52,37,1,,0,6,22,49,27,0,34151
27737,33,34,0,,0,3,7,39,52,0,38921
28187,64,-2,0,,0,3,12,42,44,0,33006
28305,33,33,3,,0,1,8,32,59,0,38094
28414,51,15,3,,0,4,12,34,52,89,31205
28687,44,-2,0,,0,1,13,33,52,0,44150
28764,49,19,4,,0,2,10,25,64,343,62992
28771,33,-4,7,,0,3,17,40,41,0,36423
28789,38,-4,0,,0,4,13,33,52,0,37518
28814,33,32,2,,0,3,11,51,36,0,37977
28816,49,31,1,,0,3,17,36,46,169,72943
28839,32,26,3,,0,5,10,28,60,0,39069
28939,50,31,1,,0,6,16,61,21,0,76806
29066,43,30,1,,0,3,7,39,52,0,71738
29091,29,11,2,,0,2,9,65,25,0,37643
49289,46,22,1,,0,3,10,35,53,0,49137
47684,40,-4,3,,0,3,8,19,72,0,23669
49550,33,40,1,,0,4,12,25,62,0,39118
49530,41,38,3,,0,1,9,30,60,444,72663
49668,39,5,1,,0,4,10,38,50,129,39101
49701,34,-1,1,,0,5,10,33,55,0,39853
49677,38,11,0,,0,4,10,40,48,0,37326
49792,47,35,0,,0,5,9,39,51,269,69568
67754,40,18,0,,0,4,11,43,45,199,56824
83300,40,-5,1,,0,6,13,35,50,0,17244
49928,67,-7,1,,0,3,16,43,40,0,31173
49992,58,31,2,,0,6,14,24,61,0,24312
49964,44,13,1,,0,2,5,22,71,0,72602
49884,57,8,1,,0,4,9,43,47,0,25229
49885,39,16,2,,0,5,10,40,48,89,39646
49951,25,-2,1,,0,5,14,39,45,0,63200
49952,42,17,4,,0,6,9,33,57,0,66754
83608,40,-4,2,,1,6,5,36,58,0,18385
50282,49,40,0,,0,2,3,24,71,0,41907
50560,36,-2,1,,0,1,12,48,38,0,37094
50185,41,-1,5,,0,2,11,27,60,0,62544
50284,37,19,2,,0,6,10,32,56,0,38911
50464,45,10,0,,0,3,8,35,55,219,79788
50616,40,-2,0,,0,3,11,43,45,0,38181
50816,35,40,0,,0,2,11,27,60,0,36550
50914,19,-3,0,,0,4,7,33,58,0,39773
50873,58,34,0,,0,7,6,38,54,149,21017
50907,42,30,1,,0,2,14,37,48,119,72384
50988,38,14,1,,0,5,14,33,52,0,37198
51261,40,33,2,,0,4,13,36,50,0,39796
51038,75,-4,2,,0,6,17,18,63,0,25027
51221,29,38,6,,0,1,15,32,51,0,39121
51340,23,0,0,,0,4,7,27,64,0,36623
51390,19,12,1,,0,6,10,23,66,0,36498
32774,55,-5,0,,0,2,9,26,63,0,31065
33019,46,32,1,,0,6,14,44,40,188,50566
33033,51,-4,1,,0,6,14,44,40,0,32761
33083,33,34,0,,0,4,7,36,55,329,37464
33308,18,-5,0,,0,1,15,31,52,0,36864
33503,29,10,1,,0,6,14,32,53,249,39559
33512,56,37,0,,0,4,14,36,49,439,23075
33537,35,35,1,,0,2,7,35,57,436,36596
33544,40,-3,0,,0,6,9,26,64,0,36650
33560,43,39,1,,0,2,11,39,48,0,63778
33728,22,-6,0,,0,2,7,33,58,0,53051
33751,22,13,7,,0,3,8,41,49,0,37995
33905,44,16,1,,0,2,8,20,70,0,67797
33955,55,38,0,,0,4,13,31,54,0,34278
33980,44,31,0,,0,3,14,19,66,0,78200
34155,32,30,2,,0,3,10,31,57,213,36838
34596,36,-5,1,,0,2,11,31,56,0,39228
34696,22,31,0,,0,4,7,33,58,0,36547
6208,39,17,1,,0,6,11,25,63,0,19471
34730,18,14,0,,0,3,15,31,52,0,36550
51309,38,39,1,,0,3,11,43,45,0,38911
51445,15,34,3,,0,6,10,38,51,0,43753
44160,47,7,1,,0,4,9,29,61,389,44719
44239,37,33,4,,0,4,12,28,58,89,37396
44291,56,0,1,,0,3,9,35,55,0,22770
44325,31,37,1,,0,5,11,35,52,293,39208
44194,39,33,0,,0,1,19,41,39,524,38856
44769,49,20,3,,0,1,4,34,61,0,60912
17694,39,25,7,,0,2,10,29,59,168,21251
44782,20,10,2,,0,5,17,33,49,249,38762
44882,30,-2,0,,0,5,7,27,64,0,37279
49907,39,11,0,,0,2,13,33,52,0,22066
45107,48,17,5,,0,7,8,43,47,159,52642
45220,38,24,1,,0,1,9,20,69,163,38339
45184,26,33,0,,0,5,18,18,63,590,24926
45291,26,20,0,,0,2,4,30,64,0,68323
45309,36,14,4,,0,2,13,30,56,448,37779
45440,47,13,0,,0,2,7,26,66,0,66383
45455,54,35,0,,0,6,13,31,54,0,30952
45456,28,-1,3,,0,4,9,66,24,0,39478
45280,54,24,1,,0,5,12,42,45,0,31406
45364,34,28,3,,0,5,11,42,45,0,36864
41824,39,-4,0,,0,5,12,41,45,0,24669
45588,21,25,4,,0,6,15,34,50,299,39511
45382,52,36,3,,0,7,10,27,61,0,34172
45465,20,33,0,,0,1,15,31,52,269,37452
45582,37,16,1,,0,1,7,39,52,179,36515
45842,20,-2,0,,0,6,4,30,64,0,58005
45957,40,10,0,,0,6,12,39,48,159,36838
45731,44,16,2,,0,2,17,24,57,169,48333
45799,27,35,3,,0,4,10,28,60,0,23751
24279,45,12,1,,0,1,10,49,39,0,82783
64858,39,13,3,,0,3,12,19,67,0,22049
24377,42,-6,0,,0,6,13,33,52,0,82218
75570,39,6,0,,0,2,16,34,48,0,41701
24502,36,10,1,,0,4,7,35,57,0,37578
25011,54,16,1,,0,3,9,25,64,518,32141
25079,34,25,0,,0,4,19,34,45,549,36911
25145,39,13,0,,0,1,9,35,54,299,39626
25163,25,-3,0,,0,2,7,33,58,0,37860
25206,42,-6,2,,0,3,12,30,57,0,51837
87157,39,38,3,,0,1,9,42,47,0,17308
46109,22,10,0,,0,2,15,31,52,0,66832
29443,40,-6,0,,0,1,18,26,54,0,38757
29523,42,37,0,,0,6,9,26,64,0,46382
29557,46,10,0,,0,5,8,42,48,110,57212
46168,28,34,2,,0,1,17,33,49,0,36522
38829,37,24,2,,0,1,9,64,26,120,39748
38989,24,10,2,,0,1,8,32,59,170,39200
5471,38,-5,1,,0,3,9,20,69,0,17800
39012,23,18,0,,0,4,15,31,52,308,58829
39063,38,32,1,,0,6,12,25,62,0,39901
39146,20,-1,4,,0,3,14,35,50,0,39659
39302,49,40,1,,0,4,11,31,56,0,65316
39459,40,26,1,,0,4,10,36,53,0,37599
39484,26,39,3,,0,6,10,28,60,99,53186
39536,41,34,1,,0,5,11,30,57,0,77945
39396,49,-6,0,,0,2,12,22,64,0,74591
39523,71,34,1,,0,6,11,35,53,129,25762
39729,47,-6,5,,0,4,9,22,68,0,44164
39923,50,40,0,,0,7,11,36,52,0,74419
39399,41,24,0,,0,1,13,21,64,0,47951
40138,38,7,0,,0,4,20,40,39,0,37090
40024,39,10,2,,0,2,4,29,65,109,39141
40025,30,26,0,,0,3,7,27,64,0,38406
39681,39,8,2,,0,2,9,46,44,0,39796
7394,38,-3,1,,0,5,10,27,61,0,18989
39781,35,17,1,,0,2,10,33,55,249,37818
40222,47,35,0,,0,1,9,22,68,0,73568
40345,30,13,0,,0,4,4,30,64,499,12427
40275,49,-1,1,,0,7,14,27,58,0,38783
40377,33,21,1,,0,2,6,36,56,324,36792
40488,34,17,1,,0,3,9,24,65,339,37054
40558,28,17,2,,0,6,9,65,25,79,39424
40575,46,24,1,,0,7,9,37,53,69,68544
40610,37,30,4,,0,2,12,15,72,0,36450
17049,38,33,2,,0,3,15,31,53,208,17714
40654,20,-5,0,,0,1,4,30,64,0,37519
40713,38,-1,2,,0,6,13,37,48,0,38677
40767,31,5,5,,0,5,19,30,49,0,38686
40769,34,37,1,,0,1,10,33,55,150,36423
29768,40,23,1,,0,3,5,22,71,610,37151
30284,25,16,3,,0,5,19,16,64,0,36808
30345,26,22,3,,0,5,10,38,51,0,38440
27277,38,9,0,,0,6,12,22,64,0,22208
46316,40,36,0,,0,5,13,33,52,329,36866
40831,40,10,0,,0,2,14,19,66,0,39340
23821,38,28,4,,0,4,18,29,52,104,23988
46322,44,23,2,,0,3,10,25,64,0,79012
46485,28,28,0,,0,5,7,27,64,0,37644
46538,38,16,7,,0,1,8,29,62,0,36552
46690,39,26,1,,0,1,15,39,44,649,38242
25936,38,28,2,,0,5,9,36,54,0,20518
46800,29,36,1,,0,3,14,32,53,299,37748
47067,34,5,0,,0,5,12,29,57,0,38584
47113,36,24,0,,0,2,14,34,51,199,38662
47224,27,20,1,,0,3,16,26,56,99,38203
47301,42,35,1,,0,2,11,33,54,159,70757
47453,32,-6,1,,0,1,12,46,41,0,36481
47671,34,24,1,,0,5,9,19,71,0,38476
47776,31,40,1,,0,3,11,21,66,0,38757
58451,31,36,1,,0,3,16,34,49,0,39284
58516,45,18,2,,0,2,11,38,50,0,71915
58549,20,7,2,,0,1,7,18,74,89,36516
58488,59,17,0,,0,6,8,39,52,164,26258
58513,33,5,2,,0,1,10,32,56,129,38239
34796,73,21,0,,0,2,11,38,49,0,24438
34914,30,-4,1,,0,1,5,25,69,0,39871
35005,35,33,0,,0,4,13,18,67,128,39118
35025,30,10,0,,0,6,11,23,65,0,36769
35273,34,8,1,,0,4,20,21,58,306,37191
35441,45,9,3,,0,2,13,23,63,463,38613
35543,47,30,1,,0,6,7,40,51,0,63319
35598,48,40,1,,0,4,9,19,70,0,67255
37834,38,22,0,,0,3,14,44,40,0,20676
36077,49,15,2,,0,6,9,31,59,219,53010
36100,26,5,2,,0,4,14,29,55,0,36685
36270,37,20,1,,0,5,18,27,54,269,36605
36368,29,39,3,,0,6,7,36,56,168,38250
36402,44,7,0,,0,3,11,37,50,0,68551
36445,42,18,2,,0,4,10,25,64,0,45207
36459,23,5,1,,0,4,6,38,55,117,39513
36495,21,-4,0,,0,2,7,33,58,0,39941
36763,36,-3,3,,0,4,11,42,45,0,37450
40644,46,-5,1,,0,2,10,36,53,0,43215
24352,38,14,1,,0,6,9,27,63,0,24092
40794,38,13,0,,0,4,17,25,56,340,38808
58722,42,22,1,,0,1,7,39,52,0,75359
58747,43,24,1,,0,4,9,38,51,449,47313
58902,28,15,0,,0,4,15,31,52,0,39524
59170,20,5,1,,0,6,10,36,52,0,12733
46477,41,26,0,,0,4,16,34,48,0,62672
59263,30,28,3,,0,3,10,38,51,0,37114
59235,36,12,0,,0,3,13,18,67,0,36976
59250,52,34,1,,0,2,10,35,53,74,30062
46793,42,17,1,,0,1,15,22,62,0,80710
59497,52,14,0,,0,6,14,21,63,0,30649
59531,36,-1,4,,0,3,21,46,31,0,38917
59503,59,33,2,,0,2,7,30,61,0,20032
59587,41,5,0,,0,1,16,34,48,0,57784
59635,40,5,7,,0,5,13,46,39,89,37023
59637,48,-6,0,,0,4,14,25,59,0,72169
59851,37,16,0,,0,2,13,18,67,0,37656
59908,37,30,0,,0,5,9,23,67,0,37921
47161,29,25,2,,0,5,11,51,36,0,38442
60092,38,22,2,,0,2,13,29,56,299,37935
47393,43,33,0,,0,6,6,28,65,124,58776
47513,36,6,1,,0,2,15,21,62,199,37936
47545,18,-4,4,,0,6,13,35,51,0,38860
58557,36,14,3,,0,1,9,42,47,405,37663
40960,38,25,0,,0,4,7,36,55,0,23091
58775,31,7,2,,0,6,7,18,74,299,39327
60120,26,39,0,,0,3,15,31,52,0,39151
58861,36,21,1,,0,6,9,50,39,0,38246
59078,39,30,0,,0,1,12,38,49,497,36655
59192,31,6,1,,0,4,12,25,62,970,37954
59211,36,-3,3,,0,5,6,22,70,0,36428
60540,29,37,1,,0,2,14,32,53,119,11188
60672,40,-3,1,,0,2,14,28,56,0,38130
26276,19,28,4,,0,1,18,44,36,0,39100
59694,37,-2,1,,0,6,10,37,52,0,38337
60029,33,21,3,,0,1,10,25,64,129,37201
66638,38,-4,0,,0,5,11,45,43,0,24902
60413,47,26,0,,0,6,14,21,63,258,77126
60697,18,0,0,,0,1,4,30,64,0,38268
26526,25,25,0,,0,3,7,27,64,0,37184
67637,38,31,0,,0,3,8,32,59,909,22526
37329,57,21,1,,0,5,12,33,53,0,23064
37415,47,20,4,,0,4,15,42,41,0,47888
37454,24,23,0,,0,5,4,30,64,349,10481
57590,38,11,1,,0,3,13,36,49,0,58877
63305,38,6,1,,0,2,11,43,45,94,18166
37974,52,30,1,,0,3,7,41,50,0,30345
38047,37,18,2,,0,6,10,31,58,0,37108
38222,29,28,1,,0,1,14,32,53,0,14156
38490,36,35,0,,0,4,9,33,57,0,39813
38615,32,36,2,,0,3,10,17,71,0,36751
91265,38,27,0,,0,3,7,39,52,0,55425
60816,48,23,0,,0,1,13,32,53,0,39117
51516,41,38,0,,0,1,8,33,57,410,55807
51600,33,9,0,,0,6,13,32,54,0,38023
51609,34,8,2,,0,3,17,30,52,94,39558
51679,37,22,3,,0,3,14,43,42,0,38973
51684,25,14,0,,0,6,7,27,64,89,36873
50241,37,29,0,,0,6,10,40,48,0,56607
51608,50,38,2,,0,4,18,44,37,189,68806
56393,37,10,0,,0,6,9,26,64,133,68819
51631,38,19,0,,0,3,16,29,54,124,39460
51843,37,28,0,,0,2,9,23,67,0,38028
51884,52,6,0,,0,5,16,27,56,0,31591
51822,49,33,2,,0,2,7,43,49,179,75408
51875,38,19,1,,0,2,11,43,45,100,37477
52004,36,16,1,,0,4,10,38,50,0,37139
52027,19,41,0,,0,4,4,30,64,0,39731
52120,53,39,3,,0,5,10,40,49,0,31028
52092,34,22,1,,0,6,11,35,52,0,37501
52156,46,31,1,,0,5,11,10,78,0,66256
52198,46,17,2,,0,3,7,36,55,0,59758
52233,67,35,1,,0,3,6,32,61,188,33101
52240,34,19,7,,0,1,9,40,50,279,38688
52400,76,5,1,,0,2,5,17,76,0,25817
52467,33,-5,0,,0,5,20,40,39,0,38082
52425,49,35,1,,0,3,10,14,75,0,52916
52583,38,19,0,,0,4,13,33,52,129,38332
52601,39,29,0,,0,5,18,26,54,0,36968
52661,50,6,1,,0,5,7,41,50,0,60870
52820,34,-6,0,,0,5,20,40,39,0,38774
52995,43,38,0,,0,6,8,38,52,258,68035
53069,80,12,0,,0,7,14,46,39,0,25887
63781,43,14,0,,0,5,20,55,23,0,40642
63813,30,35,1,,0,5,8,25,66,0,39852
63880,50,28,0,,0,6,16,28,54,149,52082
64031,57,36,0,,0,3,8,32,59,0,22182
63829,51,17,0,,0,3,11,39,49,0,32635
64095,32,20,1,,0,4,9,26,63,178,37704
64129,42,31,1,,0,3,9,29,61,59,53908
42518,43,37,0,,0,6,14,19,66,36,45061
42863,29,13,2,,0,6,13,42,43,0,38618
64396,37,5,0,,0,3,14,34,50,0,57317
43279,63,27,0,,0,7,16,30,53,248,32084
43613,40,28,0,,0,5,13,21,64,99,39361
43620,39,35,0,,0,4,16,34,48,69,39162
43806,38,5,1,,0,5,9,29,61,312,38799
43831,58,-3,0,,0,2,12,48,38,0,22990
43899,65,20,0,,0,2,9,26,63,59,32212
43956,62,34,0,,0,2,9,31,58,129,34966
43981,37,30,1,,0,5,16,34,49,0,39766
63974,31,22,0,,0,2,13,32,54,0,38166
36870,34,13,0,,0,4,11,23,65,0,39216
36929,41,40,3,,0,4,13,33,52,0,39377
40931,32,15,1,,0,6,11,35,52,0,39769
64131,37,28,1,,0,3,9,20,69,0,39128
64134,44,25,0,,0,6,12,38,49,179,81145
40918,36,-5,1,,0,3,10,33,55,0,39440
55586,37,39,1,,0,3,2,20,77,0,18876
86160,37,31,0,,0,3,14,44,40,349,21769
41060,40,-5,0,,0,3,9,28,61,0,38903
41095,61,-5,3,,0,2,6,36,56,0,31831
41135,52,31,1,,0,5,11,27,61,35,30884
41159,46,21,0,,0,7,13,31,55,134,82625
41212,69,19,0,,0,7,10,28,60,0,34526
41229,18,10,2,,0,3,9,65,25,0,38447
41277,40,-1,0,,0,4,9,26,64,0,39152
41345,53,36,0,,0,7,5,28,65,0,34921
41333,31,12,0,,0,5,9,23,67,0,36928
41433,39,8,0,,0,1,11,43,45,0,38861
41467,27,13,2,,0,4,10,44,44,232,37650
41286,37,11,0,,0,1,7,39,52,169,37927
41353,42,20,0,,0,2,9,58,31,1208,72026
41368,36,39,0,,0,2,4,36,58,0,37409
41517,50,17,0,,0,2,9,36,54,23,54959
41549,20,30,0,,0,5,4,30,64,508,37659
34098,36,40,0,,0,6,12,25,61,0,21732
24461,36,10,0,,0,3,15,14,69,0,18182
41946,49,7,2,,0,2,19,48,31,124,71864
41705,17,13,1,,0,6,10,36,52,0,37563
41820,14,24,0,,0,5,15,31,52,318,37637
41854,34,16,0,,0,6,14,34,50,489,38319
41856,30,37,7,,0,6,13,54,32,0,39038
66052,36,-1,0,,0,4,9,26,64,0,17231
38865,36,41,1,,0,1,8,40,51,0,22581
42213,10,21,5,,0,3,12,29,58,0,36724
42285,32,20,1,,0,1,12,25,62,0,39450
42342,28,-4,3,,0,4,14,47,38,0,36841
42419,52,-4,2,,0,4,8,23,67,0,31025
42313,47,18,1,,0,2,10,36,53,0,40526
42363,23,37,1,,0,4,16,26,56,223,13763
53288,46,26,1,,0,5,14,35,50,0,64941
53279,39,7,0,,0,6,14,34,50,59,36453
37086,73,-2,1,,0,4,3,39,56,0,24157
47875,35,11,0,,0,2,9,23,67,189,37353
48091,43,-4,2,,0,5,15,29,54,0,68506
48325,33,36,1,,0,1,11,35,52,0,39541
48343,29,34,0,,0,3,14,42,42,149,38359
48427,29,34,0,,0,1,18,18,63,0,36910
48618,22,25,0,,0,6,18,18,63,592,39064
48684,31,23,1,,0,1,10,23,66,224,39635
48743,37,-6,0,,0,3,14,38,47,0,39795
48768,40,5,3,,0,4,7,36,56,0,36442
48977,39,-2,0,,0,6,12,22,64,0,38997
48986,49,-1,4,,0,1,8,49,41,0,56964
49270,47,14,3,,0,5,10,43,46,0,78757
53393,54,11,2,,0,2,6,31,62,69,33101
61255,36,10,0,,0,5,13,18,67,0,23089
64504,52,22,0,,0,2,11,37,50,0,31623
71624,36,34,0,,0,3,9,26,64,0,23905
64679,31,40,0,,0,4,4,30,64,0,39966
64882,40,-6,1,,0,6,15,39,44,0,37729
64886,47,33,0,,0,6,9,39,51,0,40778
64965,38,7,1,,0,1,14,48,37,60,37534
65002,34,22,2,,0,6,13,37,48,0,38604
65118,54,-2,7,,0,4,8,34,57,0,30320
65104,49,-3,0,,0,2,16,28,54,0,56869
65281,31,-5,0,,0,6,10,19,69,0,37621
65370,44,-3,0,,0,5,15,45,39,0,77342
65385,53,17,0,,0,5,17,47,34,0,31113
65449,60,38,5,,0,5,12,18,69,59,25112
65603,59,-6,0,,0,5,12,48,38,0,22757
65545,56,32,0,,0,6,13,28,58,0,22941
65795,48,33,0,,0,6,12,40,46,0,39382
65858,53,12,2,,0,3,12,32,55,349,30603
65942,40,13,0,,0,5,6,37,56,208,37335
65976,19,6,0,,0,4,7,27,64,0,36627
79090,36,27,1,,0,5,12,64,22,0,21777
66156,37,-1,0,,0,1,10,32,57,0,38757
65961,41,18,0,,0,3,7,28,63,0,44265
38849,33,27,0,,0,1,6,28,65,0,37510
11594,35,23,1,,0,6,14,39,45,0,49921
39160,33,33,0,,0,5,20,40,39,124,39969
39219,26,-2,1,,0,5,10,29,59,0,14472
39226,51,10,3,,0,2,4,27,67,0,33734
39419,30,11,0,,0,5,15,31,52,708,37613
39962,45,5,0,,0,5,11,23,64,189,57424
40112,52,10,0,,0,6,11,29,58,139,30645
40214,33,33,0,,0,1,9,31,59,159,37370
40228,44,0,0,,1,6,9,37,53,0,54567
40294,39,38,1,,0,5,15,21,62,0,39235
40348,48,39,1,,0,5,6,29,64,0,63648
66165,60,9,3,,0,7,6,30,63,179,23615
3347,35,36,1,,0,2,8,28,63,270,58009
61250,60,20,4,,0,6,14,12,73,433,25120
61251,40,11,3,,0,5,13,38,48,0,36987
61106,37,21,0,,0,1,7,28,63,0,38245
61205,54,15,1,,0,6,14,27,58,0,32652
4383,35,20,1,,0,5,6,31,61,119,79287
61330,42,39,0,,0,2,15,45,39,668,62211
61360,39,26,0,,0,3,8,35,55,0,37753
32621,35,-4,0,,0,3,7,36,55,0,43366
63214,35,11,0,,0,4,13,18,67,129,56482
61399,30,15,0,,0,2,18,18,63,447,10742
61448,52,29,1,,0,7,16,46,36,69,32120
61451,71,5,4,,0,7,12,49,38,0,24060
61308,28,27,1,,0,1,14,39,45,219,36850
61374,36,17,0,,0,2,10,20,69,239,36442
61564,26,9,1,,0,2,10,35,54,0,39085
61516,31,-6,1,,0,4,9,19,71,0,39739
61584,46,-4,1,,0,3,5,49,45,0,72403
61667,35,9,1,,0,6,10,28,61,0,38975
57852,35,5,1,,0,2,19,21,59,0,58858
61692,52,12,0,,0,7,11,61,27,0,33794
61823,64,14,2,,0,6,10,40,49,0,30427
61898,28,-5,0,,0,6,15,31,52,0,38542
61925,55,22,1,,0,3,11,25,62,0,30402
62039,37,34,0,,0,1,16,29,54,0,39727
7625,34,36,0,,0,1,10,20,69,229,65343
62257,71,23,1,,0,4,12,26,60,0,25838
62059,38,17,1,,0,3,11,31,56,0,36560
62266,24,-3,2,,0,4,9,65,25,0,39641
62425,37,-1,0,,0,2,14,34,50,0,37379
62211,30,25,0,,0,6,7,33,58,0,36957
62387,40,37,0,,0,3,13,21,64,0,38884
62485,25,-6,2,,0,4,7,18,74,0,38485
62707,41,38,0,,0,6,7,26,66,0,52537
62720,36,25,1,,0,4,6,36,56,0,36761
62803,28,9,1,,0,4,6,25,67,0,39391
62778,56,-3,3,,0,6,16,18,65,0,25766
62795,36,19,1,,0,4,11,25,63,0,38524
62914,39,10,0,,0,6,6,37,56,58,39809
6829,34,32,0,,0,2,20,40,39,0,21103
50083,36,-5,1,,0,2,14,33,52,0,38672
50147,51,17,0,,0,7,14,21,63,0,30991
50188,17,29,1,,0,4,6,25,67,0,39318
50197,36,31,1,,0,6,10,27,61,0,39282
50240,38,15,0,,0,1,9,22,67,0,36431
50265,35,5,0,,0,3,6,28,65,0,38434
50347,33,39,1,,0,1,12,46,41,0,39349
50576,50,-4,0,,0,3,14,21,63,0,50374
50651,21,-4,0,,0,5,18,18,63,0,36575
50765,32,23,2,,0,4,6,14,78,0,39975
50776,46,15,2,,0,5,10,25,64,126,42026
50835,53,34,1,,0,3,8,35,56,299,34697
22449,34,18,1,,0,2,16,34,49,963,49518
51094,20,18,2,,0,2,9,65,25,0,12377
51101,50,11,0,,0,5,9,32,57,0,72405
51185,36,13,0,,0,1,11,23,65,249,38104
51244,41,-7,0,,0,3,12,38,49,0,71714
51258,24,38,2,,0,6,12,29,58,0,38173
51492,45,24,5,,0,2,17,23,59,0,57239
35625,34,-1,1,,0,3,10,28,61,0,31855
53542,58,-6,0,,0,7,8,31,59,0,25918
53701,15,8,1,,0,2,6,25,67,338,37241
53840,39,19,2,,0,5,7,44,48,425,39512
53810,30,-1,1,,0,5,21,35,43,0,14479
53878,34,34,1,,0,5,12,25,62,0,37071
53927,44,23,1,,0,2,14,28,56,0,43716
53962,45,38,2,,0,1,10,43,45,299,60573
54108,53,0,1,,0,2,13,43,42,69,30492
54238,24,12,0,,0,5,7,33,58,0,11837
54240,44,10,0,,0,3,17,25,56,49,81421
60230,34,8,0,,0,4,12,29,57,0,54063
54421,41,16,1,,0,4,15,21,62,50,51065
54460,47,23,0,,0,6,12,24,62,0,80699
54554,42,30,3,,0,6,8,35,56,449,67209
54572,50,38,2,,0,2,8,26,64,178,66404
54363,57,23,0,,0,3,8,29,62,356,25244
54544,34,25,0,,0,1,11,36,51,204,36579
54587,34,16,0,,0,5,20,40,39,69,37423
40950,34,17,2,,0,4,17,30,52,0,37636
54597,34,36,2,,0,1,11,36,51,0,37905
54633,54,14,1,,0,2,10,28,60,475,30315
54896,34,27,1,,0,5,12,46,41,0,38326
54996,27,7,0,,0,3,7,33,58,0,39128
55003,45,8,0,,0,2,6,30,62,129,59274
55022,68,9,1,,0,6,12,27,59,69,31720
54797,24,27,4,,0,3,16,32,50,0,36812
55178,45,6,1,,0,6,9,41,49,20,42561
55260,42,8,0,,0,6,8,33,57,129,80233
55285,36,11,4,,0,5,5,28,66,99,37027
74416,34,-4,1,,0,6,10,33,55,0,45378
55258,40,17,0,,0,1,9,42,48,495,39463
55116,15,41,1,,0,1,13,47,38,0,10479
55134,15,13,1,,0,5,11,18,69,249,39153
55183,46,13,1,,0,7,7,40,51,0,68054
55437,31,-3,3,,0,6,12,27,59,0,36522
55530,24,38,1,,0,1,10,23,66,0,37442
55283,34,27,0,,0,6,9,31,59,0,38549
44567,37,10,1,,0,3,13,36,49,133,37654
44617,40,10,0,,0,4,13,45,41,0,38203
44649,39,23,1,,0,3,15,22,62,0,37877
44760,15,22,1,,0,5,11,18,69,0,38083
44858,31,-5,3,,0,5,10,28,60,0,38960
45060,24,35,2,,0,3,8,33,58,115,39990
45258,54,-6,1,,0,5,9,40,49,0,32559
45317,28,38,1,,0,2,14,32,53,0,39431
78421,34,16,2,,0,5,10,32,56,178,54406
45551,26,-6,1,,0,2,10,23,66,0,13234
45653,23,26,2,,0,6,12,29,58,588,37110
45662,51,14,3,,0,3,9,32,57,0,31159
45828,30,8,1,,0,4,12,29,57,184,36931
45835,37,21,0,,0,3,4,36,58,0,39322
45887,42,27,0,,0,5,14,19,66,0,46334
66370,51,30,1,,0,7,10,27,62,347,32323
66363,58,32,0,,0,2,14,38,46,219,20467
66599,33,5,0,,0,6,9,43,46,94,36451
16979,33,-5,0,,0,3,14,44,40,0,56458
66657,31,17,0,,0,1,18,18,63,0,38796
66738,34,13,0,,0,3,19,22,57,69,38265
16622,33,7,1,,0,1,11,25,63,0,33861
66867,41,33,0,,0,4,14,19,66,0,66686
67037,54,16,0,,0,5,11,29,58,0,30348
66857,50,25,3,,0,5,17,38,43,607,77562
67025,24,26,1,,0,3,14,39,45,0,11632
67176,32,27,2,,0,3,12,17,70,0,37236
67058,24,15,1,,0,1,10,23,66,0,38075
67158,41,38,1,,0,1,11,43,45,0,80065
67478,35,24,3,,0,4,9,42,47,0,36891
67530,36,23,0,,0,1,13,18,67,59,38978
67481,31,12,1,,0,4,10,29,59,0,38621
67555,32,36,0,,0,2,7,27,64,175,39162
67571,31,29,3,,0,3,12,35,51,212,39286
24673,33,5,3,,0,4,9,21,68,395,48788
67543,19,18,1,,0,6,10,29,59,244,38488
67699,45,16,0,,0,2,16,16,67,0,59535
67939,51,10,0,,0,4,12,42,44,199,32522
67857,42,38,1,,0,3,6,17,75,0,80701
68119,23,-6,0,,0,1,15,31,52,0,39634
68091,36,10,7,,0,2,18,25,55,0,39143
68094,28,31,0,,0,6,7,33,58,0,39532
41105,36,9,0,,0,1,16,34,48,39,39946
41175,47,10,1,,0,3,10,22,66,807,60871
41355,27,14,0,,0,2,4,30,64,472,39232
41716,43,20,0,,0,1,6,37,56,0,64245
41900,67,33,2,,0,7,19,21,59,0,30091
41941,18,-1,1,,0,1,11,18,69,0,37144
42086,46,8,0,,0,2,12,38,49,89,67930
42951,33,6,0,,0,5,7,33,58,0,65263
42177,55,35,0,,0,7,9,36,54,0,32303
42193,24,27,1,,0,3,13,47,38,0,37526
42286,39,-1,1,,0,1,2,20,77,0,38729
42336,36,7,1,,0,5,16,29,53,0,39538
53148,25,36,0,,0,1,7,43,49,109,39080
53221,39,20,0,,0,6,6,38,54,117,38478
53432,42,20,0,,0,4,16,39,43,0,60524
68144,18,10,6,,0,5,14,40,44,238,14997
63114,31,21,1,,0,4,9,19,71,0,39004
46202,33,24,3,,0,3,7,33,58,349,48683
63041,20,5,0,,0,1,7,43,49,0,13691
63362,49,14,0,,0,7,6,35,58,0,57996
63378,47,17,0,,0,5,12,24,62,0,41098
37806,33,30,0,,0,4,9,33,57,0,43578
63334,33,-5,2,,0,1,10,32,56,0,37833
63343,53,36,3,,0,6,6,21,72,99,33266
63361,57,34,1,,0,4,8,32,58,0,26518
63548,34,24,0,,0,1,19,34,45,0,39973
63581,24,13,1,,0,4,6,38,55,0,38105
49929,33,-1,0,,0,1,12,25,61,0,38814
63484,57,9,1,,0,3,16,48,34,0,26539
63543,42,11,0,,0,1,9,35,54,0,65317
69144,42,37,0,,0,2,13,45,41,129,48514
69196,32,10,0,,1,4,9,33,57,0,38107
63625,52,11,0,,0,7,10,25,64,0,30376
69346,30,15,0,,0,5,10,43,45,254,37154
69445,33,28,1,,0,1,9,20,69,0,54304
69234,57,38,1,,0,6,11,30,58,0,23839
69502,45,33,1,,0,5,11,31,56,178,74291
69541,35,33,0,,0,4,14,42,42,219,37128
69577,46,33,0,,0,2,8,24,66,470,65672
70149,22,38,1,,0,1,11,18,69,89,38731
69900,46,-6,0,,0,4,12,27,59,0,69790
69918,30,10,0,,0,2,10,20,69,435,36793
70045,41,25,1,,0,6,15,22,62,0,59328
46480,50,17,0,,0,7,13,31,55,0,75747
46530,62,23,1,,0,3,9,42,48,104,31365
73300,33,36,0,,0,6,10,40,48,0,56607
46737,31,15,2,,0,1,9,45,44,0,38912
46989,42,25,1,,0,4,14,33,52,0,52668
47030,70,23,1,,0,5,9,28,62,0,30093
47248,30,-5,1,,0,4,9,26,63,0,11697
47625,32,-5,1,,0,2,12,29,57,0,37153
742,32,13,4,,0,2,15,34,50,0,26710
58512,53,34,0,,0,2,18,29,51,10,31021
58544,27,13,2,,0,6,12,29,58,124,38160
58787,53,-5,1,,0,2,10,28,60,0,33066
58803,25,-6,0,,0,2,7,43,49,0,11860
58921,39,35,0,,0,6,4,36,58,300,38829
58937,40,34,3,,0,6,7,29,62,0,39569
68153,37,7,1,,0,2,16,34,49,238,38641
22161,32,40,1,,0,5,14,32,53,0,49255
55927,43,10,0,,0,6,7,28,63,89,55771
55701,51,27,2,,0,5,7,29,63,0,33288
36407,32,39,1,,0,3,11,31,56,0,52239
55986,70,10,2,,0,4,11,26,62,0,34472
56069,30,26,0,,0,1,14,42,42,0,11282
56098,26,0,0,,0,3,4,30,64,0,37408
40640,32,23,0,,0,2,9,28,61,0,40295
56219,35,-2,0,,0,2,8,34,57,0,37680
58592,32,5,1,,0,3,14,39,45,0,49921
56389,33,20,0,,0,5,9,33,57,156,38719
56509,27,31,7,,0,3,15,51,32,0,37050
56546,14,5,1,,0,6,13,47,38,199,39159
56561,35,39,0,,0,5,9,33,57,0,37214
56436,30,6,1,,0,6,11,35,52,0,36464
56779,16,11,0,,0,1,7,27,64,329,37063
56895,43,23,0,,0,1,11,27,61,66,47481
56719,36,28,0,,0,1,9,43,46,0,36622
56891,50,-2,4,,0,7,7,22,70,0,50009
57046,32,21,4,,0,6,5,28,66,170,36853
57147,40,-6,1,,0,5,14,28,56,0,37766
57071,26,15,1,,0,4,10,36,52,305,10337
63270,32,10,4,,0,2,15,39,44,0,38913
57177,40,26,0,,0,2,12,41,45,49,37158
57200,33,10,2,,0,5,13,39,47,120,37239
57315,51,18,2,,0,6,18,44,37,119,34632
57103,28,27,4,,0,6,16,32,50,0,37191
59057,35,9,0,,0,5,9,26,64,0,38543
59525,40,26,0,,0,2,8,35,55,86,38766
59916,55,23,0,,0,4,13,31,54,0,30137
60066,55,32,0,,0,3,11,36,52,0,34216
60520,46,5,0,,0,3,7,26,66,0,74952
60745,39,15,1,,0,4,13,36,49,0,36507
57571,36,-2,0,,0,3,7,39,52,0,39659
67588,32,23,0,,0,6,14,32,53,0,45384
68351,31,39,0,,0,1,20,40,39,0,38005
57502,51,22,0,,0,6,11,37,50,119,34684
3463,31,25,0,,0,6,9,23,67,139,80647
68678,20,19,0,,0,1,7,27,64,219,12587
68897,65,29,0,,0,5,13,32,53,0,32475
68910,70,-3,0,,0,4,14,15,70,0,32483
68886,65,-6,1,,0,3,12,39,47,0,30221
68859,48,-2,1,,0,5,10,36,53,0,38220
68875,67,6,2,,0,4,3,46,49,299,30398
68982,34,-5,1,,0,2,12,64,22,0,37519
69007,37,38,1,,0,1,11,43,45,0,36546
68928,31,21,1,,0,6,9,24,65,0,39349
79803,45,30,1,,0,1,9,42,47,0,44828
26972,31,38,0,,0,3,7,27,64,129,37502
79889,40,18,0,,0,3,11,43,45,0,39342
26493,31,21,1,,0,6,10,27,61,124,60244
79975,30,37,0,,0,2,15,31,52,0,39903
80166,34,-1,0,,0,3,9,33,57,0,39251
80028,46,12,1,,0,2,5,49,45,0,64772
80105,38,25,1,,0,6,13,35,50,149,38275
80148,37,30,2,,0,6,4,29,65,0,37124
80198,30,-1,5,,0,2,5,35,59,0,37719
80205,31,32,2,,0,2,10,44,44,199,38442
80550,35,16,1,,0,6,12,25,62,94,38036
80392,36,7,3,,0,6,11,48,40,0,37190
80473,83,33,3,,0,5,19,40,39,269,38448
80630,48,33,0,,0,6,14,21,63,129,47842
80561,41,6,0,,0,5,13,33,52,0,55470
80723,38,17,1,,0,5,13,34,52,294,37037
51921,51,9,1,,0,7,11,10,78,312,30197
51969,35,14,0,,0,6,14,34,50,0,39536
52044,41,23,2,,0,5,7,40,51,109,64177
52671,43,22,0,,0,6,9,58,31,202,79524
52698,34,29,3,,0,4,7,35,56,0,38208
52830,27,36,2,,0,2,16,24,59,611,39151
53039,35,39,0,,0,2,13,41,44,0,38769
51727,31,37,2,,0,4,18,34,46,0,56174
63837,46,20,1,,0,5,9,25,65,0,75103
63962,53,12,1,,0,5,8,35,56,223,31847
80891,37,37,0,,0,4,19,34,45,65,39967
80898,18,5,1,,0,1,10,23,66,625,38819
70372,37,21,0,,0,3,13,18,67,0,37545
63138,29,10,4,,0,3,9,45,44,0,36467
70529,54,21,3,,0,7,9,32,57,401,32448
64664,31,26,0,,0,1,14,42,42,153,27747
11814,30,34,2,,0,6,10,44,44,0,41497
70747,45,34,2,,0,2,13,30,56,0,67063
70845,39,28,0,,0,2,11,36,51,0,39710
63439,20,0,2,,0,6,14,29,55,79,12824
63572,49,37,2,,0,5,19,48,31,402,55040
63690,61,33,0,,0,2,10,25,63,0,33329
70632,43,23,1,,0,4,2,20,77,9,71422
4463,30,13,3,,0,2,9,21,68,70,48788
70767,43,-2,1,,0,1,14,33,52,0,72542
71054,33,6,2,,0,1,17,30,52,0,39571
70882,46,30,0,,0,7,17,47,34,94,65025
70900,65,22,1,,0,6,15,26,57,0,30118
70919,17,26,0,,0,1,15,31,52,0,38975
69306,40,8,0,,0,2,9,58,31,224,36760
69323,61,34,0,,0,7,11,14,73,298,32947
69340,56,16,1,,0,3,13,18,68,0,23102
69356,30,-5,1,,0,2,11,18,69,0,37006
69470,21,-2,1,,0,3,14,32,53,0,37775
71583,36,35,2,,0,5,8,35,55,0,37316
71116,47,23,1,,0,5,11,10,78,493,72245
69604,46,21,1,,0,3,14,37,48,0,72908
48406,30,26,0,,0,4,11,23,65,529,59932
71692,46,-6,0,,0,4,20,55,23,0,71013
71301,26,39,0,,0,6,7,27,64,387,37285
71369,61,27,1,,0,4,8,32,58,124,31089
71387,29,19,0,,0,1,18,18,63,219,39629
71967,38,13,3,,0,6,11,42,45,0,38388
69975,52,31,0,,0,6,12,33,53,0,30274
70024,38,27,0,,0,6,13,18,67,13,39598
70155,46,32,1,,0,3,16,46,36,183,56764
72042,25,-1,0,,0,4,7,27,64,0,38450
72067,41,28,0,,0,6,16,39,43,0,54299
71805,30,-3,0,,0,1,14,33,51,0,39280
71987,45,-4,0,,0,2,11,27,61,0,57935
72052,50,37,2,,0,6,11,17,71,139,52930
72071,31,7,1,,0,3,14,32,53,299,37578
53952,35,-6,0,,0,2,7,36,55,0,37253
54134,43,21,1,,0,3,14,28,56,0,66532
54236,43,9,3,,0,3,12,24,62,108,51918
54252,53,24,0,,0,6,14,36,49,0,32765
54261,48,35,0,,0,7,13,31,55,0,74905
54327,33,37,0,,0,1,9,33,57,0,36807
54491,48,-3,0,,0,4,11,61,27,0,79204
58031,30,13,3,,0,4,10,37,52,0,61512
54570,26,17,0,,0,3,7,33,58,0,38938
54586,37,36,1,,0,2,15,22,62,0,38911
54659,25,29,0,,0,5,18,18,63,0,36654
54759,39,32,0,,0,1,8,33,57,0,36634
55036,43,18,1,,0,5,11,39,48,42,65820
55236,38,23,0,,0,4,6,37,56,268,38880
55263,32,-4,0,,0,2,16,29,54,0,38277
55379,32,16,3,,0,2,8,39,52,0,39200
55404,42,19,1,,0,1,10,27,61,183,76434
55420,66,24,4,,0,7,8,27,64,245,34549
57693,51,14,0,,0,2,7,30,61,0,31234
77488,30,15,0,,0,4,4,30,64,95,40287
57893,37,32,0,,0,4,10,32,57,0,36653
57970,43,-4,0,,0,6,15,45,39,0,60310
57977,32,38,0,,0,1,13,41,44,109,37392
57789,48,19,1,,0,3,10,36,53,0,81337
58145,35,38,0,,0,5,14,33,51,0,36994
58211,43,33,3,,0,3,9,23,67,70,45877
58057,40,-6,0,,0,6,7,28,63,0,39934
21818,29,39,2,,0,1,12,17,70,0,46816
58164,35,31,0,,0,2,19,41,39,0,36753
58263,27,21,1,,0,5,14,32,53,0,12250
58277,35,37,1,,0,5,11,21,66,0,37544
58336,43,0,1,,1,1,12,42,44,0,50068
58345,27,32,4,,0,2,18,44,36,383,38776
58427,30,21,1,,0,2,7,55,36,0,36993
58225,36,29,1,,0,5,8,28,63,432,36891
58242,61,33,3,,0,6,8,34,56,0,31084
34949,29,30,0,,0,6,7,27,64,440,37502
44918,29,-3,1,,0,1,10,29,59,0,63015
74441,30,23,0,,0,4,4,30,64,0,38455
74569,29,29,2,,0,5,8,32,59,0,39413
74393,36,15,1,,0,4,2,20,77,79,38955
74703,37,12,3,,0,3,4,24,71,0,38925
74736,28,-2,2,,0,3,9,47,42,0,39359
74596,50,6,0,,0,4,11,37,50,69,55963
45488,29,15,4,,0,4,15,39,44,60,38913
74898,31,19,3,,0,2,10,38,51,119,39300
75293,49,19,1,,0,2,11,27,61,0,52892
75120,15,21,1,,0,6,6,38,55,0,10261
75229,24,23,1,,0,2,10,36,52,0,37505
75280,60,-5,4,,0,3,9,31,59,0,21750
37488,29,24,2,,0,3,16,24,59,676,50177
64335,35,29,0,,0,3,7,39,52,79,39612
65750,29,16,2,,0,3,12,29,58,0,43991
64437,23,31,1,,0,5,10,36,52,0,38717
64453,11,5,0,,0,4,7,27,64,0,38357
64496,40,24,3,,0,4,8,33,58,99,38907
82957,29,30,0,,0,4,7,33,58,69,65263
71675,29,-2,2,,0,5,8,33,58,0,58465
65764,41,-4,0,,0,2,14,19,66,0,39599
65814,33,8,1,,0,1,5,25,69,89,39476
65823,25,10,0,,0,3,15,31,52,0,36530
2001,28,16,1,,0,4,6,25,67,0,39207
65893,27,21,0,,0,3,7,33,58,0,39874
66000,49,18,1,,0,7,9,19,70,559,50506
66134,45,24,1,,0,2,11,31,56,0,48331
61027,46,9,5,,0,6,15,40,43,620,80250
24398,28,-5,2,,0,6,18,34,46,0,56174
75577,43,30,0,,0,1,11,43,45,349,76793
80973,32,37,4,,0,4,11,42,46,0,37696
81009,40,14,0,,0,1,9,17,73,476,37306
81044,43,23,1,,0,6,15,39,44,293,72121
81071,42,23,0,,0,5,9,58,31,153,78089
81135,26,13,0,,0,3,7,33,58,0,13522
81152,61,29,0,,0,3,16,30,53,0,32705
81243,48,27,0,,0,3,14,25,59,0,44103
81097,32,32,0,,0,4,14,38,47,0,38039
81287,44,16,0,,0,1,12,11,75,25,60736
81350,44,18,3,,0,3,13,38,48,339,45026
81364,44,-6,2,,0,2,16,12,70,0,61428
43573,28,20,1,,0,2,14,39,45,189,49921
81611,19,35,0,,0,1,7,27,64,0,36787
81579,58,14,0,,0,4,18,29,51,0,25311
81581,37,16,0,,0,4,12,41,45,0,36871
81904,48,24,0,,0,5,17,47,34,0,64599
81881,35,8,0,,0,5,9,33,57,631,36764
81980,31,-5,0,,0,2,9,43,46,0,37067
82038,75,29,1,,0,4,13,35,50,0,25540
82098,47,20,0,,0,7,11,37,50,0,79848
82163,43,30,0,,0,6,14,19,66,30,52766
82340,35,36,0,,0,3,6,28,65,246,37783
55109,28,-5,2,,0,2,17,33,49,0,32093
82414,48,-2,2,,0,3,7,38,54,0,67483
82466,41,6,0,,0,2,13,33,52,79,68342
82467,63,33,3,,0,6,13,40,46,0,32171
82457,19,6,1,,0,2,14,32,53,229,39056
82495,52,36,7,,0,6,10,20,69,0,32564
82552,48,-4,2,,0,2,18,44,37,0,57249
82551,33,30,0,,0,4,20,40,39,0,37028
46723,28,19,1,,0,6,14,39,45,119,49921
82756,37,6,1,,0,1,15,22,62,0,37009
82760,48,14,1,,0,4,9,37,53,408,58852
82702,48,12,4,,0,7,8,41,50,183,72732
61220,49,17,1,,0,5,8,41,50,69,43330
61556,36,24,0,,0,5,9,33,57,595,39571
61588,38,17,0,,0,4,7,39,52,0,39031
61681,21,-4,0,,0,3,15,31,52,0,37823
61788,41,13,1,,0,1,14,48,37,0,69646
61854,37,36,0,,0,2,14,34,50,369,37419
62106,30,40,0,,0,4,10,19,69,0,37397
62238,33,28,3,,0,3,7,33,58,119,39449
62333,28,25,2,,0,4,8,33,58,0,37175
62522,20,18,1,,0,2,16,26,56,109,13250
62606,48,10,1,,0,6,9,25,65,91,72932
62776,43,8,0,,0,2,11,27,61,0,68132
62892,27,29,1,,0,4,14,32,53,0,37581
55572,25,18,0,,0,2,15,31,52,0,14475
56270,28,-6,0,,0,5,15,31,52,0,42752
82866,40,19,0,,0,3,11,43,45,0,36516
82867,46,17,1,,0,2,5,49,45,0,48767
72442,45,16,1,,0,6,11,27,61,0,66640
70308,39,31,1,,0,3,14,37,48,0,39256
70423,40,10,1,,0,1,6,56,37,0,36865
70624,40,12,1,,0,1,11,33,54,0,37372
70676,33,31,2,,0,4,10,44,44,177,38701
72471,28,33,6,,0,2,8,48,42,134,37858
72503,57,33,0,,0,3,14,38,46,144,24973
72594,47,19,0,,0,7,17,47,34,0,56474
72628,54,36,1,,0,7,9,43,47,0,31641
72773,43,36,0,,0,5,12,38,49,219,39462
72853,41,-7,0,,0,3,12,38,49,0,41400
72935,21,15,1,,0,5,14,32,53,120,37291
70994,58,13,0,,0,6,12,20,67,0,21437
73012,43,24,1,,0,4,11,31,56,238,78810
73146,44,32,3,,0,6,7,45,46,258,55474
84922,28,34,0,,0,6,4,30,64,222,40287
71342,40,16,0,,0,3,13,33,52,0,39528
73142,47,18,3,,0,3,12,40,46,932,50733
73442,52,14,3,,0,4,11,31,57,49,33000
73540,40,38,1,,0,3,11,40,47,597,39102
73541,38,21,2,,0,3,7,23,68,0,38423
73556,35,24,0,,0,2,14,34,51,150,
73512,37,30,0,,0,6,8,32,59,0,36640
73519,35,6,0,,0,1,14,33,51,119,36454
73539,29,-3,3,,0,1,15,65,19,0,38267
73569,73,-2,1,,0,5,9,28,62,0,25886
73589,38,-4,2,,0,3,10,36,52,0,36942
71743,56,40,1,,0,7,9,43,47,0,22382
32363,27,23,0,,0,2,7,27,64,0,37502
71830,28,31,0,,0,5,15,31,52,0,38946
73743,35,14,4,,0,4,16,35,47,489,39483
73775,36,39,0,,0,4,8,34,57,0,37487
73680,40,23,0,,0,2,14,34,50,431,38358
72063,38,5,1,,0,2,14,48,37,0,36416
13813,27,36,1,,0,3,11,18,69,0,43220
74226,43,15,1,,0,1,10,38,50,59,54153
55729,62,23,0,,0,4,6,38,54,74,34178
55806,53,6,0,,0,2,5,28,65,0,31983
30599,27,-2,0,,0,1,4,30,64,0,40287
75362,27,35,0,,0,2,7,27,64,0,37502
56826,36,9,0,,0,1,14,44,40,69,37065
56865,20,15,1,,0,2,14,39,45,219,39540
57067,35,32,0,,0,2,9,39,50,115,37163
57217,28,13,0,,0,3,7,27,64,60,38711
91389,27,27,2,,0,5,9,65,25,45,46236
74287,43,5,0,,0,5,12,22,64,299,81206
72228,58,35,0,,0,7,21,17,61,0,21907
74345,26,18,0,,0,2,7,43,49,0,38763
75630,37,23,0,,0,1,6,38,54,0,37628
75691,42,25,1,,0,2,7,32,59,0,72048
75711,33,12,3,,0,4,17,39,43,429,39776
75830,63,23,1,,0,5,10,36,53,0,30250
75881,31,0,3,,0,4,14,33,52,0,38043
75841,46,-5,3,,0,2,8,40,50,0,52110
76032,49,23,0,,0,2,12,24,62,0,65705
76099,50,25,1,,0,5,8,41,50,94,40126
76182,18,15,1,,0,3,14,32,53,518,38331
75938,39,39,2,,0,2,9,46,44,0,36806
76074,24,17,0,,0,4,7,27,64,0,36939
76143,53,-6,1,,0,3,14,27,58,0,33859
76277,30,31,0,,0,1,18,18,63,304,10553
5695,26,8,0,,0,5,15,31,52,179,42752
76265,40,26,2,,0,1,8,33,57,0,38169
21699,26,38,0,,0,3,15,31,52,189,42752
76224,49,26,0,,0,3,16,28,54,0,57096
76504,23,6,0,,0,4,7,27,64,0,38183
76499,64,16,0,,0,5,8,39,52,139,34049
76631,30,8,0,,0,4,7,33,58,0,37673
76538,40,10,1,,0,5,15,22,62,0,36783
76576,14,-4,1,,0,3,14,32,53,0,10396
76660,39,8,0,,0,4,10,32,57,0,39562
76692,36,22,1,,0,5,9,19,71,0,39496
77016,40,-3,1,,0,2,11,30,57,0,38995
76925,57,-4,0,,0,7,11,34,54,0,25760
76974,40,15,0,,0,5,9,58,31,35,38740
77185,38,-2,0,,0,3,15,14,69,0,36414
77203,41,-5,1,,0,2,15,22,62,0,73234
77419,41,34,1,,0,4,9,29,61,366,60479
77467,50,28,0,,1,2,12,40,46,0,54050
77534,43,30,0,,0,2,12,38,49,0,54667
77272,32,16,0,,0,4,9,23,67,0,39761
77315,32,9,1,,0,3,5,25,69,0,39299
77194,27,-2,1,,0,5,10,23,66,0,38120
77211,44,21,1,,0,3,9,47,43,408,56626
77259,43,5,0,,0,4,8,42,48,0,81093
77426,39,31,2,,0,3,8,26,64,87,39363
66527,44,28,0,,0,6,7,26,66,0,79614
66618,45,8,5,,0,6,17,23,59,299,68186
66650,46,23,4,,0,6,15,35,48,149,55041
66727,39,23,0,,0,4,14,12,72,0,39392
66834,39,27,3,,0,5,11,40,47,37,38449
66977,37,40,0,,0,4,11,43,45,0,38693
67079,27,17,1,,0,3,6,38,55,0,38574
67304,41,37,1,,0,5,2,20,77,249,46514
67379,24,30,2,,0,3,12,29,58,349,36687
28181,26,-6,1,,0,6,10,23,66,0,31972
67654,46,-4,1,,0,2,17,36,46,0,61831
36001,26,24,3,,0,3,19,16,64,126,40494
67822,22,7,2,,0,5,9,65,25,329,38014
68263,47,-3,1,,0,5,14,37,48,0,58601
49925,26,-2,0,,0,1,7,27,64,0,37502
45344,25,16,1,,0,1,14,32,53,0,24127
83174,45,31,1,,0,5,15,33,51,0,62527
57292,25,7,3,,0,1,10,37,52,0,17864
83352,40,10,1,,0,1,9,29,61,0,37397
83263,33,37,1,,0,5,12,38,49,0,38596
83447,29,32,1,,0,2,10,29,59,0,39032
83485,34,35,4,,0,2,9,45,44,299,37212
86753,25,-1,3,,0,6,14,33,52,0,23679
39697,24,17,0,,0,3,7,33,58,0,18180
83426,57,25,0,,0,3,15,22,62,0,26379
83512,24,21,3,,0,1,14,47,38,59,39894
83954,21,-4,0,,0,4,18,18,63,0,39569
83846,62,5,4,,0,6,18,12,68,0,31648
84033,30,25,0,,0,3,13,41,44,0,36468
84058,79,-6,0,,0,4,11,10,77,0,24104
84124,18,-3,0,,0,6,7,43,49,0,36494
84011,47,19,1,,0,2,14,44,40,0,49126
84185,38,19,0,,0,6,12,29,57,0,37871
57086,24,23,0,,0,6,7,27,64,0,19806
84179,53,36,0,,0,4,16,27,56,0,33907
84346,53,28,1,,0,4,7,32,60,0,32935
84288,32,31,0,,0,6,4,30,64,0,37834
84438,44,28,4,,0,4,7,39,52,0,67065
84463,43,38,2,,0,6,6,32,61,199,46315
84554,52,24,0,,0,5,16,16,67,89,33233
84573,40,25,0,,0,2,13,21,64,0,37986
84590,49,-6,2,,0,5,16,51,32,0,54900
84637,42,-4,0,,0,6,11,43,45,0,76651
84724,40,-6,0,,0,6,6,37,56,0,38455
84908,49,14,1,,0,2,11,31,56,299,66466
84745,36,7,2,,0,5,10,36,52,89,39991
84812,47,9,1,,0,3,6,27,66,29,47918
84806,31,37,2,,0,5,12,17,70,299,39377
84857,38,22,0,,0,3,9,26,64,0,39681
63310,53,-4,3,,0,4,12,35,51,0,34406
63433,36,39,2,,0,5,10,32,56,0,39374
63460,36,23,0,,0,6,12,25,61,131,37794
63474,44,38,1,,0,2,15,39,44,278,82162
69090,43,13,3,,0,4,11,30,57,189,53140
69183,40,-3,1,,0,6,14,37,48,0,39386
69283,53,22,0,,0,5,9,31,59,0,31151
69299,51,15,3,,0,4,9,28,61,0,31276
69435,54,12,0,,0,2,9,32,57,0,33424
69542,36,11,2,,0,4,10,22,67,59,36626
69551,34,39,2,,0,3,10,22,67,0,36507
69753,41,27,3,,0,4,12,35,52,905,48947
69937,51,17,4,,0,2,11,28,60,399,34174
79807,24,38,0,,0,4,15,31,52,170,18680
84965,52,21,0,,0,7,8,31,59,543,34538
72346,51,26,4,,0,7,12,31,56,307,32251
38453,23,33,0,,0,2,15,31,52,0,22791
85156,42,18,1,,0,2,8,20,70,0,61068
90306,53,37,3,,0,3,15,20,64,0,32000
72446,35,24,2,,0,3,14,33,52,60,38190
72547,38,15,0,,0,5,8,35,55,198,39894
72595,39,33,0,,0,5,13,33,52,95,37981
85285,79,13,0,,0,2,14,48,37,17,25325
85328,46,10,0,,0,4,16,16,67,0,75277
85225,41,38,3,,0,3,18,35,45,199,53747
85409,53,-2,4,,0,7,13,26,60,0,30340
85394,29,9,1,,0,3,10,36,52,0,36455
85562,42,15,0,,0,5,8,35,55,252,79638
85459,43,27,0,,0,2,12,11,75,392,48325
85539,43,40,1,,0,2,10,49,39,0,39744
73082,36,29,0,,0,4,13,18,67,82,37715
85655,34,40,2,,0,3,8,35,55,0,39368
62232,23,27,1,,0,2,10,23,66,0,19864
85837,47,17,2,,0,6,10,25,64,143,75528
85846,36,9,1,,0,1,6,31,61,0,37171
73234,44,36,1,,0,2,11,31,56,0,65055
42161,23,35,1,,0,4,11,18,69,0,22909
85953,23,8,0,,0,2,4,30,64,452,38119
73384,44,27,1,,0,5,9,29,61,0,54561
73482,28,12,1,,0,2,9,26,63,0,39243
73532,37,7,4,,0,4,8,35,56,0,37033
85958,42,24,1,,0,5,8,20,70,519,39896
86007,62,14,1,,0,6,12,39,47,0,30213
86296,28,24,0,,0,5,18,18,63,149,62862
86398,57,-6,0,,0,2,8,31,59,0,20375
86489,44,33,0,,0,6,11,23,64,0,44813
10844,22,-2,2,,0,6,8,32,59,0,23998
86226,44,36,4,,0,5,7,44,48,0,58620
86227,56,41,2,,0,6,10,21,68,0,24091
73884,26,17,1,,0,3,14,39,45,0,39839
73916,38,27,0,,0,1,9,17,73,199,37864
73982,25,11,0,,0,4,15,31,52,0,38458
73983,41,23,1,,0,1,11,25,63,0,59681
86580,30,-4,0,,0,3,13,41,44,0,39254
86707,34,29,3,,0,4,11,37,51,0,38783
86378,33,35,0,,1,5,9,26,64,90,39167
86410,32,20,2,,0,4,15,49,35,249,39992
74234,35,29,0,,0,2,7,27,65,0,38450
86891,57,6,2,,0,2,12,57,30,0,23683
87000,32,21,3,,0,4,19,55,24,0,39058
86695,29,9,2,,0,1,10,44,44,0,38156
85046,45,25,1,,0,3,6,27,66,0,60020
86760,32,-5,0,,0,6,15,31,52,0,38455
86828,36,9,1,,0,2,6,31,61,109,38581
85382,21,-6,0,,0,6,7,27,64,0,38881
85514,55,26,2,,0,3,4,36,58,0,34966
51033,22,28,0,,0,3,7,27,64,269,24276
25408,21,19,0,,0,1,18,18,63,112,24815
85684,33,25,0,,0,1,10,20,69,0,38110
86002,49,7,0,,0,4,13,13,72,163,44510
86049,24,7,6,,0,5,9,49,41,0,37804
46797,21,-5,2,,0,3,16,24,59,0,23442
86168,18,27,3,,0,4,14,33,52,0,38983
53444,20,27,4,,0,1,9,45,44,0,10635
86350,27,39,0,,0,1,18,18,63,0,62064
86634,53,39,2,,0,3,13,32,53,0,32783
41992,19,14,0,,0,4,4,30,64,169,10849
57960,51,17,3,,0,3,14,26,58,150,34094
74381,68,13,6,,0,5,5,40,54,0,34165
88352,19,14,1,,0,5,16,26,56,519,10024
74433,40,30,1,,0,5,9,50,39,35,36839
74488,34,40,0,,0,3,12,25,61,0,36467
74790,37,27,0,,0,3,12,25,61,0,38879
74924,32,34,4,,0,6,10,47,41,0,37683
75051,34,-5,0,,0,5,10,40,48,0,37375
75056,33,17,1,,0,1,14,32,53,60,37533
75081,81,12,1,,0,2,11,35,52,0,65165
75160,25,33,0,,0,5,15,31,52,206,39258
75483,36,27,0,,0,5,12,25,61,363,36420
75510,49,39,1,,0,3,10,36,53,429,59695
77693,29,32,0,,0,2,9,31,59,65,38201
87009,23,31,1,,0,1,14,39,45,0,19352
77817,20,-7,1,,0,3,10,36,52,0,39859
78051,42,26,0,,0,4,15,45,39,0,51434
77836,46,28,0,,0,3,10,25,64,35,57108
44639,18,25,0,,0,3,7,33,58,0,10757
78080,29,8,1,,0,4,14,32,53,0,23433
74130,18,36,1,,0,2,14,39,45,0,12568
78122,45,25,1,,0,7,11,27,61,239,39229
78153,73,26,2,,0,3,13,33,53,249,25805
78372,46,7,0,,0,6,13,32,53,0,46815
60975,17,34,0,,0,2,7,43,49,214,10302
78453,11,15,2,,0,1,17,33,49,0,37124
78455,44,16,0,,0,1,8,33,57,0,64198
78515,64,28,1,,0,2,12,39,47,0,31760
78579,19,24,7,,0,6,9,28,62,0,37642
78819,45,26,1,,0,1,9,42,47,0,78257
78571,27,19,1,,0,6,11,21,66,119,61417
78946,18,13,1,,0,6,14,39,45,0,78542
79010,43,27,2,,0,3,9,34,56,0,78695
79026,30,-4,1,,0,6,10,36,52,0,38675
78841,48,27,1,,0,2,9,29,61,69,73430
78921,45,30,0,,0,6,13,45,41,0,47654
79246,41,9,0,,0,6,7,30,62,0,43436
79278,29,30,2,,0,4,9,47,42,528,38985
79450,32,24,3,,0,3,12,35,51,0,38342
11565,16,35,1,,0,3,16,26,56,0,12748
8175,16,24,1,,0,5,11,18,69,0,10141
79125,40,21,0,,0,2,12,25,61,149,36453
79155,38,18,0,,0,5,10,40,48,89,37693
79421,39,18,4,,0,3,13,45,40,0,36813
79426,43,11,2,,0,6,15,29,54,0,52633
79238,41,27,1,,0,5,2,20,77,0,42515
79241,50,30,0,,0,7,11,29,58,0,82051
79325,27,25,0,,0,5,7,33,58,0,54607
79389,41,24,0,,0,3,12,22,64,0,81487
95640,42,37,2,,0,1,9,46,44,0,52960
95722,34,16,1,,0,1,14,32,53,0,38914
79575,28,37,3,,0,2,10,38,51,0,38096
95790,53,12,3,,0,7,8,17,73,0,33761
96056,36,15,1,,0,5,12,48,38,0,39912
96133,38,28,1,,0,5,15,21,62,109,37116
96176,25,37,0,,0,5,15,31,52,0,17642
96274,61,25,0,,0,4,6,38,54,0,32221
96599,43,21,2,,0,4,13,36,50,0,82644
96719,22,37,0,,0,2,4,30,64,0,58215
97262,31,19,3,,0,5,11,29,58,20,38183
97412,47,35,1,,0,1,15,28,55,150,75759
68390,18,12,0,,0,5,15,31,52,0,39573
68892,47,33,0,,0,6,10,25,64,430,49133
68901,56,27,1,,0,4,6,13,80,0,25582
49321,16,7,0,,0,1,18,18,63,0,10202
68990,40,9,1,,0,6,14,37,48,0,38405
79754,29,13,3,,0,5,14,47,38,0,37562
79888,41,23,1,,0,2,11,37,50,158,73722
79904,41,7,2,,0,2,13,15,71,218,60995
79922,22,17,0,,0,6,7,33,58,0,37613
80265,41,8,0,,0,1,10,27,61,40,57340
80272,46,27,0,,0,2,9,29,60,0,50316
80347,61,14,0,,0,5,9,28,61,0,33680
80413,46,27,0,,1,3,16,28,54,0,52972
80506,43,29,0,,0,2,9,26,64,0,75442
80633,22,30,2,,0,4,14,53,31,79,38278
80683,43,-6,2,,0,4,14,24,60,0,47798
80817,25,6,0,,0,5,7,33,58,69,38226
80840,62,16,0,,0,7,11,31,56,0,32750
97487,43,17,0,,0,1,8,42,48,60,82310
97651,56,22,1,,0,6,14,27,58,0,20908
79584,34,-4,3,,0,4,12,35,51,0,39815
79649,26,-4,0,,0,4,7,33,58,0,38792
79650,21,27,2,,0,6,14,29,55,239,39364
90329,30,34,0,,0,4,15,31,52,0,42946
90402,34,20,0,,0,1,6,38,54,159,39998
90471,63,-4,4,,0,5,11,9,79,0,33055
90410,51,-4,1,,0,3,10,49,39,0,33194
90499,24,38,0,,0,4,4,30,64,804,37096
90444,30,34,1,,0,5,16,26,56,431,37636
90570,37,14,1,,0,6,18,27,54,0,39077
90751,50,8,1,,0,4,14,44,40,179,73607
90679,26,35,1,,0,4,13,47,38,69,53820
90820,37,-3,0,,0,2,9,26,64,0,38317
90823,34,18,0,,0,4,7,27,65,179,37747
90835,72,-3,2,,0,3,9,41,48,0,24029
90851,44,29,1,,0,6,9,38,51,0,40700
91206,46,28,3,,0,2,12,19,67,0,68183
91257,40,36,1,,0,4,11,43,45,127,36819
21353,15,35,2,,0,3,14,53,31,0,10928
91390,57,14,1,,0,6,9,18,71,200,22108
91098,25,14,2,,0,4,16,24,59,436,37218
91116,34,12,0,,0,4,7,39,52,0,38301
39040,15,7,1,,0,4,14,39,45,0,12616
91228,44,30,1,,0,3,15,39,44,0,63328
91451,42,8,0,,0,1,7,30,62,183,43941
91423,31,22,0,,0,4,4,30,64,0,37969
91542,28,18,0,,0,3,7,43,49,0,38514
91299,31,5,1,,0,4,9,24,65,128,36581
91316,40,12,4,,0,3,12,28,59,0,38904
91487,47,26,1,,0,7,7,41,50,0,65339
91596,39,11,1,,0,2,11,33,54,0,36700
91762,49,32,2,,0,6,10,27,62,123,38230
91828,22,25,2,,0,2,14,29,55,0,38970
91926,44,23,0,,0,1,8,24,66,0,58104
92010,49,28,2,,0,6,10,39,50,242,39979
91784,25,41,4,,0,2,18,44,36,0,39263
91831,20,41,2,,0,4,16,24,59,0,36694
91896,39,39,0,,0,4,12,41,45,0,36987
92169,42,16,0,,0,3,13,21,64,511,57100
70478,34,17,0,,0,6,19,22,57,0,39371
70485,49,14,2,,0,4,12,37,50,0,68284
70555,25,28,0,,0,3,15,31,52,0,38372
70703,36,16,0,,0,1,10,32,57,0,39714
70714,29,25,0,,0,2,9,33,57,0,37632
70744,23,30,2,,0,2,6,21,71,0,36677
70914,42,36,0,,0,4,11,43,45,441,48999
70996,24,24,1,,0,1,10,23,66,0,39188
71173,24,10,1,,0,1,21,35,43,99,39250
42114,15,37,1,,0,1,11,18,69,0,11191
72282,12,37,0,,0,3,7,43,49,299,38713
75783,28,14,2,,0,5,16,24,59,199,36470
87132,26,18,2,,0,1,17,33,49,0,38186
11125,14,29,0,,0,1,15,31,52,0,10578
87268,23,8,1,,0,5,11,18,69,0,39666
87368,57,10,1,,0,3,15,26,58,0,21576
87222,51,-5,0,,0,6,20,55,23,0,30532
87238,44,10,2,,0,3,9,34,55,278,41816
87387,26,-4,1,,0,1,14,39,45,0,38055
87775,58,32,1,,0,4,10,28,61,59,24287
87866,18,38,1,,0,3,10,23,66,0,39192
75969,40,33,2,,0,4,12,30,57,0,38752
88043,41,32,4,,0,1,17,38,43,0,80063
88093,31,-3,1,,0,5,14,32,53,0,37865
88154,31,0,3,,0,3,10,37,52,0,39307
88184,29,25,1,,0,1,6,25,67,0,41432
79075,14,6,5,,0,1,7,34,57,0,12167
88393,29,20,1,,0,5,21,35,43,0,36740
88411,44,39,4,,0,1,12,36,50,466,72698
88513,83,5,1,,0,2,9,40,49,299,63578
88520,45,37,0,,0,3,8,33,57,129,53632
88707,42,7,1,,0,1,13,34,52,0,82423
88708,42,14,5,,0,1,4,25,69,0,67828
88742,39,-2,1,,0,6,13,35,50,0,39276
88859,33,6,1,,0,6,11,32,55,69,39032
88973,51,-3,0,,0,4,16,16,67,0,33908
76210,38,-1,0,,0,4,14,44,40,0,39312
76387,38,35,1,,0,5,6,56,37,0,37014
76430,11,20,0,,0,1,7,33,58,70,76662
76485,23,27,1,,0,5,14,32,53,109,38853
76678,28,5,0,,0,4,7,33,58,474,36675
76719,30,16,0,,0,4,9,33,57,109,14199
