Customer_ID,Months_as_a_Customer,Number_of_Products,RFM_Score,Number_of_Transactions,Number_of_Call_Center_Contacts,Weeks_Since_Last_Offer,Annual_value,Accepted_Home_Equity_Loan,Accepted_Credit_Card
5409,36,3,9.82899,2,9,17,90,F,F
5477,48,2,11.80799,1,9,22,260,F,F
5507,36,0,0,0,0,27,0,T,F
8,0,0,0,1,11,51,0,F,F
158,48,0,0,3,11,8,0,T,F
173,48,2,11.819,2,9,32,360,F,F
5408,36,0,0,1,7,16,0,T,F
5579,36,0,0,1,8,21,0,F,F
63318,24,0,20.26,0,11,34,0,F,T
5732,36,2,9.91999,1,9,46,160,T,F
5747,36,0,0,2,0,48,0,F,F
5832,24,2,12.719,2,8,32,160,F,F
5803,48,0,0,1,10,14,300,F,F
5833,36,4,10.745667,2,8,28,120,F,F
5960,36,3,7.584,2,11,46,90,F,F
323,36,2,9.772333,0,11,49,60,T,F
442,48,0,0,1,10,41,300,F,F
6101,48,2,11.81999,1,11,30,60,F,F
6331,0,0,0,1,9,9,0,F,F
6366,36,0,0,2,10,12,0,F,F
21778,36,13,25.2,13,0,2,490,F,T
6337,36,5,12.762313,1,11,5,150,F,F
29858,0,0,20.26,0,11,26,100,F,T
959,0,0,0,0,5,42,500,F,F
6882,36,4,7.865667,2,10,31,220,F,F
6946,12,0,0,3,7,33,0,T,F
7068,0,0,0,0,9,50,400,T,F
7100,48,2,8.85399,1,6,25,160,F,F
7186,36,0,0,0,0,9,200,F,F
7266,36,0,0,0,0,10,100,F,F
6989,0,0,0,2,0,35,0,F,F
7048,36,0,0,1,0,2,100,F,F
7367,48,3,8.966657,2,11,10,90,T,F
10692,48,0,0,1,10,4,100,F,F
1478,48,0,0,2,4,2,200,F,F
1644,48,0,0,1,10,31,100,F,F
81446,12,0,28.21,0,10,42,100,F,T
37,0,0,0,0,0,49,100,F,F
65873,36,4,26.33,3,8,35,320,F,T
53,48,4,12.995667,2,9,37,120,F,F
1695,36,0,0,0,9,35,0,F,F
1794,48,1,8.083323,3,10,2,130,T,F
11362,48,4,11.248,0,11,14,120,F,F
11380,36,2,0,1,9,17,60,F,F
469,36,3,12.39993,0,8,25,190,F,F
11548,48,4,9.902333,0,9,36,220,F,F
43246,24,0,23.31,0,11,47,100,F,T
769,36,2,8.665667,1,10,47,60,F,F
85739,36,0,21.32,0,11,27,0,F,T
5504,36,0,0,0,9,9,0,F,F
5520,36,2,9.215667,1,10,6,60,F,F
11044,36,0,26.3,0,10,14,0,F,T
11831,24,0,0,1,6,43,200,F,F
1012,36,0,0,3,11,43,0,F,F
5606,36,0,0,1,9,43,100,T,F
5656,36,4,8.60899,1,11,22,120,F,F
12080,0,0,0,3,8,2,0,F,F
12333,0,2,0,2,9,17,260,F,F
12366,48,0,0,1,8,32,0,F,F
1416,0,0,0,1,11,50,200,F,F
12450,36,2,8.348,1,9,18,60,F,F
25758,48,2,26.26,1,11,15,60,F,T
1707,48,0,0,2,10,15,400,F,F
6258,0,0,0,3,0,19,400,F,F
6275,48,0,0,0,7,29,0,T,F
6390,36,0,0,2,9,13,100,F,F
6407,48,0,0,2,11,36,200,T,F
1975,0,0,0,2,10,36,100,F,F
449,36,0,0,2,8,47,100,F,F
6592,36,0,0,1,9,44,0,F,F
6706,48,0,0,2,0,44,0,F,F
515,48,2,7.582333,2,5,52,60,F,F
6757,36,0,0,1,8,3,100,F,F
7110,36,4,10.928667,2,8,22,120,F,F
7176,48,4,9.049,3,11,27,120,F,F
31204,0,0,33.22,0,10,27,0,F,T
15255,0,0,30.23,0,11,47,100,F,T
11635,36,3,7.624,1,9,48,490,F,F
11749,0,0,0,0,11,3,0,F,F
11753,36,0,0,3,9,18,0,F,F
7294,0,0,0,1,7,47,0,F,F
10684,12,0,0,0,9,27,300,F,F
1586,36,7,14.872637,1,11,5,210,F,F
1620,36,0,0,2,10,9,100,F,F
10719,36,1,9.579,2,8,28,30,T,F
10853,48,6,10.214657,0,10,13,380,F,F
1669,0,1,0,1,10,17,30,F,F
20015,12,0,24.31,0,9,6,0,F,T
12192,48,0,0,1,9,8,100,F,F
10918,48,0,0,1,10,52,100,F,F
10955,48,0,0,0,8,24,0,F,F
11002,36,0,0,0,0,5,0,F,F
1968,36,0,0,3,10,34,0,T,F
12237,48,4,10.49697,3,5,51,120,F,F
12401,48,0,0,1,8,30,0,F,F
11254,48,0,0,0,7,17,0,F,F
16174,36,0,0,0,11,19,0,T,F
12603,0,0,0,3,11,49,200,F,F
7364,48,0,0,3,8,15,0,F,F
7371,48,0,0,3,10,12,100,F,F
11353,48,0,0,2,10,9,0,F,F
11473,48,0,0,1,10,33,100,F,F
16542,36,0,0,1,11,45,0,F,F
16595,36,0,0,3,9,23,100,F,F
38751,48,4,31.27,2,9,10,120,F,T
11740,12,2,28.3,0,8,2,160,F,T
16760,48,0,0,1,9,41,0,T,F
70233,24,4,20.21,3,6,43,320,F,T
11954,36,2,0,1,9,33,360,F,F
7957,0,0,0,1,9,23,700,F,F
16912,36,0,0,2,9,43,700,F,F
16929,48,0,0,3,10,25,0,F,F
4896,0,0,21.28,0,10,42,200,F,T
17060,36,0,0,0,11,41,0,F,F
12057,48,0,0,0,11,36,0,F,F
8089,48,2,9.25449,3,0,44,460,F,F
43827,12,2,23.22,2,8,18,60,F,T
17193,24,14,9.978,3,9,31,520,F,F
8359,48,3,10.842323,0,0,36,490,F,F
12241,36,2,9.009667,1,5,7,360,F,F
12389,36,4,7.525667,2,8,39,120,F,F
17529,48,0,0,2,9,25,300,F,F
8716,36,0,0,0,7,51,0,F,F
12574,36,2,9.91999,1,9,50,60,F,F
17713,36,1,9.804,3,7,6,330,F,F
17798,36,4,8.79099,1,10,7,120,F,F
54671,24,0,22.32,16,9,52,300,F,T
8825,36,6,12.103637,2,11,6,880,F,F
8918,36,2,7.337323,2,11,1,60,F,F
8961,36,0,0,1,6,20,0,F,F
55938,36,0,30.21,0,8,23,500,F,T
7459,36,2,9.869,1,11,52,160,F,F
7542,36,0,0,1,10,9,0,F,F
8977,48,3,11.16899,1,0,43,90,F,F
9184,36,0,0,1,10,26,0,F,F
9193,48,0,0,3,7,45,0,F,F
7629,48,0,0,1,9,27,0,F,F
7695,0,1,0,1,9,33,30,T,F
9361,36,3,13.42199,2,7,51,290,F,F
9393,36,0,0,0,0,10,100,F,F
13085,36,2,12.64199,3,8,13,360,F,F
7929,36,5,8.48498,3,0,24,450,F,F
2234,48,0,0,3,11,24,0,F,F
8144,36,4,10.304667,0,9,15,120,F,F
2302,0,0,0,0,10,4,200,F,F
2382,0,0,0,2,0,9,400,F,F
13585,36,2,11.869,0,0,40,260,T,F
8361,36,0,0,0,11,43,100,F,F
8364,12,4,10.44197,0,1,40,120,F,F
8445,36,0,0,3,8,39,200,F,F
2850,36,0,0,0,7,27,100,T,F
13935,36,0,0,2,10,3,100,F,F
8781,36,2,11.399,3,0,38,160,F,F
8913,0,0,0,2,10,9,0,F,F
3070,48,3,11.641323,1,9,38,290,F,F
14220,48,0,0,3,10,46,100,F,F
3395,36,5,13.701323,0,9,7,450,F,F
9131,36,0,0,3,10,41,0,F,F
14436,36,0,0,1,9,10,100,T,F
14539,36,0,0,2,0,40,100,F,F
539,12,0,33.21,19,8,43,0,F,T
3636,36,0,0,0,6,6,0,F,F
14654,0,0,0,3,10,17,100,F,F
9213,48,0,0,2,8,41,200,F,F
9263,36,0,0,3,9,48,0,F,F
7684,36,0,0,3,11,30,300,F,F
7820,0,1,0,3,0,17,230,F,F
2296,36,2,7.765667,0,0,2,260,F,F
2297,36,0,0,3,10,40,100,F,F
2344,48,0,0,0,8,7,0,F,F
2495,36,0,0,3,11,50,200,F,F
2529,36,0,0,2,9,32,400,F,F
9747,36,0,0,1,0,34,100,F,F
9804,36,0,0,1,8,44,100,F,F
2664,24,2,8.695667,0,7,31,560,F,F
2749,48,0,0,3,9,16,100,T,F
8523,36,2,10.609,2,9,36,260,F,F
8603,0,1,0,0,0,18,330,F,F
10304,48,2,8.549,3,7,40,60,F,F
2982,36,0,0,1,9,45,0,F,F
3014,36,0,0,3,11,10,100,F,F
3046,48,0,0,3,8,36,0,F,F
3133,36,0,0,0,10,20,0,T,F
3330,48,3,12.952333,3,9,30,390,F,F
8972,36,3,9.007323,2,0,48,290,F,F
21318,36,0,0,1,0,39,200,T,F
66898,12,0,26.31,29,10,44,100,F,T
9124,36,0,0,3,4,10,0,T,F
3599,0,0,0,1,7,14,0,F,F
3667,48,3,7.34999,0,11,1,90,T,F
3766,48,1,11.355667,0,7,12,130,F,F
3784,48,4,9.150617,1,8,29,120,F,F
9341,24,0,0,3,7,11,0,F,F
2136,36,1,10.849,1,8,20,130,F,F
21836,48,0,0,1,0,31,0,F,F
3818,36,4,10.784333,1,7,47,120,F,F
3849,0,0,0,1,10,19,200,T,F
2369,36,3,11.326333,2,9,10,390,F,F
4050,36,0,0,3,11,17,100,F,F
2489,48,0,0,3,11,29,400,F,F
16088,0,1,0,2,0,12,330,F,F
16136,48,0,0,0,0,27,100,F,F
61316,12,0,25.23,0,8,43,0,F,T
2656,36,2,8.199,1,9,17,60,F,F
63697,12,0,28.33,24,8,20,0,F,T
16381,36,0,0,0,0,16,100,F,F
16488,48,0,0,1,11,24,0,F,F
9699,36,0,0,0,9,42,0,F,F
54545,48,0,25.31,0,11,8,100,F,T
3223,36,4,12.76398,3,11,19,120,F,F
3524,24,0,0,0,10,43,700,F,F
17006,0,8,0,2,8,48,640,F,F
17040,36,0,0,0,11,2,0,F,F
5030,0,0,27.27,0,11,9,0,F,T
17101,36,0,0,1,9,44,0,F,F
4816,24,0,28.28,0,0,18,0,F,T
10369,48,0,0,1,10,17,300,F,F
10453,48,0,0,2,8,21,100,F,F
3876,36,4,11.465667,2,10,19,220,F,F
17360,36,0,0,0,11,14,100,F,F
21265,48,0,0,1,10,4,100,F,F
21280,36,0,0,0,0,36,200,F,F
21350,0,0,0,3,9,11,0,F,F
17594,48,0,0,0,0,10,0,F,F
17649,36,0,0,3,10,31,0,T,F
21464,0,0,0,1,10,17,100,F,F
84964,12,1,26.26,1,11,48,30,F,T
17826,36,2,9.91999,0,8,36,160,F,F
78037,24,1,33.26,25,9,4,30,F,T
16827,36,1,26.31,29,9,23,130,F,T
21848,48,3,11.697,0,11,49,390,F,F
21918,0,0,0,2,0,34,100,F,F
16017,36,4,12.330567,2,10,27,120,F,F
16115,36,0,0,2,11,36,200,F,F
16754,36,2,9.94899,1,10,32,60,F,F
17121,0,3,0,3,10,24,90,F,F
17403,48,0,0,3,9,47,0,F,F
17487,36,2,7.453323,2,11,21,60,F,F
17539,48,0,0,1,11,49,200,F,F
17673,0,0,0,2,10,47,0,F,F
6418,48,0,0,1,9,9,100,F,F
6513,48,1,0,3,0,42,30,F,F
6579,48,3,10.96899,1,7,52,190,T,F
6638,48,1,11.14999,0,11,25,30,F,F
23951,12,0,31.32,26,9,35,0,F,T
6979,36,2,7.673283,3,0,8,160,F,F
7029,48,0,0,1,10,35,100,F,F
7197,36,1,7.689,1,9,5,330,F,F
7222,36,0,0,1,7,47,0,F,F
17921,48,0,0,0,11,36,0,F,F
17944,36,0,0,2,9,35,400,F,F
12705,0,0,0,1,9,23,0,F,F
12760,48,2,9.070617,3,11,12,160,F,F
12805,36,2,11.179,1,10,4,260,T,F
12912,48,0,0,0,10,4,0,F,F
14939,36,4,9.527283,1,11,29,220,F,F
18636,12,0,26.21,24,9,18,0,F,T
13089,36,0,0,2,8,45,0,F,F
13125,0,0,0,2,9,3,200,F,F
13143,48,0,0,1,9,22,200,F,F
13355,36,0,0,3,11,8,0,F,F
13362,48,0,0,0,9,47,100,F,F
37441,36,0,26.27,26,11,51,100,F,T
13582,36,0,0,2,10,36,300,F,F
15472,36,0,0,1,10,19,100,T,F
13225,36,0,0,3,11,44,200,T,F
13358,48,0,0,0,11,42,100,F,F
13830,36,4,0,1,9,34,220,F,F
13458,36,0,0,1,0,16,400,F,F
13610,36,0,0,1,10,11,0,F,F
25169,12,0,32.2,25,8,24,600,F,T
14282,36,2,8.292333,3,9,35,260,F,F
14602,0,0,0,0,10,37,0,F,F
17190,36,0,29.33,21,10,39,200,F,T
13911,48,55,33.289082,2,6,45,1650,T,F
13945,36,1,8.486657,3,0,21,230,F,F
14378,0,0,0,0,9,41,0,F,F
14545,48,0,0,1,7,31,0,F,F
14580,48,2,11.222333,2,10,18,60,T,F
14581,36,0,0,2,10,16,100,T,F
27139,0,0,0,0,10,3,300,F,F
27140,36,0,0,1,8,6,0,F,F
27156,36,0,0,3,10,52,0,F,F
27157,36,0,0,3,9,13,100,F,F
27255,36,3,8.365667,2,10,30,90,F,F
27306,48,4,9.940147,1,11,20,320,F,F
14681,36,3,9.299,2,10,7,390,T,F
15211,48,0,0,0,9,20,100,T,F
15079,36,0,0,3,0,47,100,F,F
15181,36,5,10.931637,3,10,42,250,T,F
15213,48,0,0,2,11,7,300,F,F
15214,36,2,8.152333,2,4,28,60,F,F
15359,36,0,0,2,10,11,0,F,F
15477,36,0,0,3,5,52,300,F,F
15695,36,0,0,1,1,3,200,F,F
15849,36,0,0,2,9,37,300,F,F
26618,48,0,0,1,9,44,300,F,F
26813,48,2,9.355667,3,0,27,160,F,F
26859,36,0,0,0,11,42,0,F,F
27084,48,7,11.480313,0,10,22,310,F,F
61674,0,1,25.33,24,10,33,330,F,T
27268,36,0,0,1,8,43,0,F,F
4590,36,3,31.28,28,11,34,90,F,T
27333,36,4,9.752313,1,8,23,320,F,F
10698,36,2,11.445667,0,9,39,60,F,F
10782,36,0,0,2,10,41,0,F,F
10807,48,6,11.711323,3,9,32,280,F,F
10855,36,0,0,0,10,31,300,F,F
10898,48,0,0,0,10,44,0,F,F
11050,36,0,0,1,7,31,0,F,F
43161,24,2,22.27,25,11,13,60,F,T
11457,48,0,0,1,10,40,100,F,F
11602,48,0,0,2,10,15,100,T,F
11607,0,1,0,0,6,17,230,F,F
11609,0,0,0,3,6,33,0,F,F
11616,36,0,0,3,11,28,100,F,F
11659,0,0,0,3,9,31,200,F,F
11916,0,0,0,2,10,13,600,F,F
11943,48,0,0,0,9,8,100,F,F
12645,48,0,0,1,9,15,0,F,F
12654,48,0,0,0,0,18,100,F,F
4102,36,0,0,3,9,6,100,F,F
4226,48,3,10.837233,0,0,50,90,F,F
4374,36,0,0,2,11,37,100,F,F
61281,0,1,22.2,25,7,23,30,F,T
63767,48,0,26.3,25,0,7,100,F,T
4520,48,5,12.64498,3,8,19,150,F,F
4310,36,4,7.415667,3,10,48,120,F,F
4497,48,4,13.041323,1,10,52,120,F,F
82227,0,0,27.28,26,10,14,100,F,T
4651,48,3,12.12899,0,11,12,90,F,F
4686,36,0,0,0,9,37,200,F,F
4643,0,0,0,1,11,22,100,F,F
85565,0,0,33.23,16,10,45,0,F,T
5008,36,3,9.974657,1,0,12,490,F,F
16163,36,0,32.2,16,9,27,0,F,T
5170,48,0,0,1,10,23,100,F,F
10457,12,0,23.2,23,0,19,700,F,T
51689,24,0,25.22,24,9,17,0,F,T
5147,0,0,0,3,8,49,0,F,F
5306,48,0,0,2,11,15,300,F,F
32075,0,0,0,2,11,22,100,F,F
32150,48,2,8.615657,1,0,15,160,F,F
5197,0,1,0,1,0,22,330,F,F
5231,48,0,0,1,9,17,0,F,F
32229,36,3,10.482647,1,10,44,490,F,F
32309,48,0,0,2,10,6,100,F,F
31987,36,0,0,1,11,29,300,F,F
71793,48,0,30.28,17,11,49,200,F,T
32534,36,2,9.358,3,9,51,260,F,F
32566,48,0,0,3,9,21,0,F,F
32573,0,0,0,2,9,48,100,F,F
93,48,0,0,3,6,43,0,F,F
104,48,0,0,0,6,44,300,F,F
202,36,0,0,2,8,11,200,F,F
311,48,1,7.665667,2,9,50,230,F,F
361,36,2,12.148323,0,11,26,160,F,F
445,36,0,0,1,0,30,0,T,F
636,48,0,0,0,0,19,0,T,F
670,36,2,9.885667,1,10,2,160,F,F
1031,0,0,0,2,10,22,100,T,F
1315,48,0,0,3,11,31,100,F,F
1363,36,0,0,3,10,7,200,F,F
1781,48,4,12.120263,0,9,6,120,F,F
1917,36,0,0,2,9,12,100,F,F
1958,36,0,0,2,9,37,700,F,F
83603,12,0,28.25,22,9,48,500,T,T
2008,0,0,0,3,11,20,0,F,F
2015,36,10,11.60498,1,8,46,400,F,F
32553,0,0,0,2,9,3,300,F,F
13727,12,0,32.21,19,10,22,200,F,T
32686,0,0,0,1,10,49,0,F,F
22099,36,0,0,0,9,11,100,F,F
32684,36,0,0,0,7,44,0,F,F
4988,36,0,25.28,28,0,6,0,T,T
22181,48,0,0,1,10,13,100,F,F
22297,36,3,10.41649,1,10,10,190,F,F
9942,24,2,33.28,27,10,8,60,F,T
9659,36,0,0,2,1,23,0,F,F
22688,48,0,0,2,9,11,0,F,F
33252,0,0,29.2,16,9,18,100,F,T
9991,0,0,0,3,6,19,100,F,F
22756,36,0,0,0,8,45,100,F,F
22813,36,0,0,0,10,12,0,T,F
10124,48,0,0,0,10,13,0,F,F
26930,24,0,30.22,22,1,37,100,F,T
22600,36,0,0,3,10,38,100,F,F
22619,36,3,9.467323,1,10,27,290,F,F
23056,48,0,0,0,11,22,100,T,F
10311,48,0,0,1,10,41,100,F,F
10345,48,0,0,2,0,21,200,F,F
22952,48,3,9.995657,1,9,23,90,F,F
23001,48,0,0,2,11,19,0,F,F
23340,48,2,8.14999,2,10,18,60,T,F
23220,36,0,0,2,9,44,0,T,F
23774,48,0,0,3,8,29,0,F,F
23656,36,0,0,2,10,13,100,F,F
23869,0,0,0,3,11,31,100,F,F
21653,48,56,33.28,27,6,23,1680,F,T
68543,12,2,29.29,22,0,3,560,F,T
23907,36,0,0,1,9,1,100,F,F
23957,36,0,0,1,11,1,0,T,F
21740,36,0,0,2,0,17,0,F,F
21843,0,0,0,1,6,36,0,F,F
16039,48,0,0,1,8,29,0,F,F
16098,36,3,11.414667,3,7,26,590,F,F
16255,48,7,12.238333,2,1,4,210,F,F
16262,48,4,12.479,2,11,15,120,T,F
16598,36,0,0,1,10,25,0,F,F
16632,48,2,9.082333,2,8,7,60,F,F
16689,36,0,0,2,11,21,200,F,F
16798,48,32,30.470917,0,11,29,960,T,F
17284,36,0,0,0,10,51,0,F,F
17309,48,3,10.822323,0,11,27,290,F,F
17393,48,3,11.681333,0,0,38,90,T,F
17707,48,4,11.04894,0,0,10,120,F,F
17718,36,2,8.749,2,10,2,160,F,F
17927,0,0,0,0,10,44,100,F,F
17950,0,0,0,3,11,44,100,F,F
21974,36,0,0,2,9,3,0,F,F
22025,36,3,10.090667,2,10,6,90,F,F
24055,36,3,9.629,3,9,50,590,F,F
27433,36,0,0,3,11,13,200,F,F
27698,0,0,0,1,9,20,400,F,F
27711,36,0,0,1,10,50,100,F,F
27779,48,35,22.962202,0,8,17,1350,F,F
27605,36,18,26.357967,2,11,45,640,F,F
27707,36,0,0,0,8,20,100,F,F
27792,48,0,0,3,9,42,200,F,F
27884,0,1,0,3,0,19,30,F,F
27843,36,0,0,2,0,42,300,F,F
27861,48,0,0,1,11,19,200,F,F
28040,36,0,0,2,0,12,100,F,F
28149,36,0,0,0,11,18,200,F,F
28088,36,3,11.832333,1,11,6,90,F,F
28179,36,25,12.763293,3,10,8,850,F,F
76183,36,0,30.32,28,9,33,100,F,T
28074,0,0,0,0,0,25,100,F,F
28257,36,23,30.1168,3,10,13,790,T,F
28429,36,3,12.46498,2,3,22,390,F,F
28417,48,0,0,1,10,46,0,F,F
28574,48,0,0,0,11,3,200,F,F
28601,0,0,0,2,11,12,0,T,F
28702,48,0,0,3,0,48,100,F,F
28644,0,0,0,3,5,16,100,F,F
28820,48,0,0,3,11,51,0,F,F
28835,48,0,0,3,5,5,100,F,F
28903,48,0,0,3,10,20,300,F,F
29222,36,4,11.257313,0,8,11,420,F,F
29109,36,0,0,0,1,2,300,F,F
29120,0,0,0,1,8,23,0,F,F
29411,36,6,11.244657,1,8,1,280,F,F
7708,36,0,0,0,11,20,0,F,F
7842,48,0,0,1,8,35,100,F,F
8142,48,2,10.655323,2,10,10,160,F,F
8433,36,3,8.086657,0,10,18,90,F,F
8485,36,6,10.85898,0,10,5,480,F,F
8490,48,0,0,3,0,30,0,F,F
8692,36,3,9.812333,0,0,24,390,F,F
8883,36,0,0,2,11,1,100,T,F
9126,36,0,0,3,0,23,100,F,F
9221,36,0,0,2,9,51,100,F,F
9335,48,1,9.882333,1,0,44,30,F,F
12720,48,0,0,0,8,22,100,F,F
29188,48,2,7.465667,0,8,9,160,F,F
29272,36,0,0,2,0,21,100,F,F
32837,48,0,0,0,11,21,500,F,F
33038,36,3,12.524667,3,10,30,290,F,F
33120,48,0,0,1,9,32,100,F,F
33146,48,0,0,3,10,48,0,F,F
33141,36,0,0,2,10,43,100,F,F
33273,36,0,0,3,10,11,0,F,F
33332,36,0,0,0,10,9,0,F,F
1266,0,0,21.32,24,11,45,100,F,T
33591,48,3,12.24799,0,9,22,690,F,F
33715,36,0,0,0,11,33,100,T,F
33816,48,3,12.711333,1,10,11,190,F,F
34034,36,1,8.612333,2,9,33,430,F,F
37202,36,0,32.26,20,6,29,100,F,T
79864,24,0,27.33,19,10,41,100,F,T
34135,0,2,0,0,8,7,160,F,F
34285,36,24,15.71692,1,10,42,720,F,F
34316,0,1,0,3,0,52,30,T,F
34360,36,2,10.589,3,9,40,60,F,F
34511,36,5,11.30295,0,10,34,350,T,F
34517,48,2,8.412333,1,11,33,760,F,F
34361,36,0,0,3,10,40,0,F,F
34563,36,0,0,3,9,48,0,F,F
12870,48,0,0,3,9,32,200,T,F
13120,48,4,10.735657,1,11,17,420,F,F
13190,36,3,10.243323,1,11,20,190,T,F
74661,12,3,25.26,16,10,3,90,F,T
13867,36,4,10.432273,0,11,8,320,F,F
34704,36,1,9.555667,1,0,1,130,F,F
24110,48,0,0,1,10,40,0,F,F
24133,36,4,11.908323,2,11,14,220,F,F
22291,0,1,0,2,8,36,30,F,F
24317,36,0,0,2,11,9,100,T,F
24469,0,0,0,2,8,13,0,F,F
24478,36,0,0,3,9,7,0,T,F
24474,36,0,0,1,9,6,200,F,F
24505,0,0,0,3,10,39,0,F,F
24556,48,0,0,3,10,51,100,F,F
24574,36,0,0,0,9,22,200,F,F
74388,24,4,33.32,19,0,8,220,F,T
24769,36,0,0,3,10,1,300,F,F
24773,0,0,0,1,11,21,0,F,F
54371,24,0,32.25,28,11,42,100,F,T
24957,0,0,0,2,8,34,0,F,F
25057,48,0,0,2,7,34,0,F,F
23210,36,0,0,1,0,16,0,F,F
25287,36,5,9.670617,2,8,19,150,F,F
25414,36,0,0,3,0,37,300,F,F
25193,36,0,0,2,0,51,0,F,F
25208,48,2,8.985667,3,9,34,260,F,F
25326,36,29,21.61035,0,10,28,1070,F,F
23330,48,0,0,2,6,50,100,F,F
23379,0,0,0,0,10,50,0,F,F
23445,48,0,0,0,11,51,200,T,F
23480,48,0,0,2,0,11,0,F,F
82741,0,0,33.33,16,0,30,100,F,T
25623,36,0,0,1,10,44,200,T,F
25392,36,2,11.199,1,9,14,360,F,F
8743,0,1,20.3,20,10,50,230,F,T
25542,48,0,0,0,11,32,100,F,F
25810,48,0,0,2,8,25,0,F,F
23829,36,0,0,2,9,13,100,F,F
25898,48,2,12.346647,2,9,24,160,F,F
2117,0,1,0,2,10,35,30,F,F
2158,36,0,0,1,0,39,0,F,F
2408,48,0,0,2,9,20,200,F,F
2442,48,1,12.932333,1,11,14,130,F,F
2583,36,4,9.465667,3,0,24,520,T,F
2624,36,3,8.489667,2,0,6,390,F,F
2667,0,0,0,1,11,10,0,F,F
2728,36,2,10.399,0,9,16,60,F,F
3144,36,3,10.171657,2,9,13,190,F,F
3344,36,0,0,0,8,32,0,T,F
3587,0,0,0,1,0,18,0,F,F
3669,36,0,0,1,11,30,400,F,F
3696,36,0,0,2,10,2,100,T,F
3898,0,0,0,0,8,28,0,F,F
3923,48,0,0,3,7,26,200,F,F
4003,36,3,10.997323,2,10,4,90,F,F
9430,48,4,8.559,3,9,27,120,F,F
24014,36,2,8.336657,3,9,9,60,F,F
24096,36,2,9.094667,0,9,31,60,F,F
29431,48,0,0,1,0,1,0,F,F
29433,48,4,10.326333,3,5,7,220,F,F
29881,0,0,0,2,10,38,0,F,F
29837,0,0,0,3,11,4,0,F,F
29971,36,0,0,3,0,37,100,F,F
24647,24,0,24.27,28,10,45,0,F,T
30103,36,4,9.627313,0,8,3,220,F,F
30210,48,3,13.655657,1,9,8,90,F,F
30174,36,0,0,1,8,5,700,F,F
30207,48,27,19.3564,0,10,41,810,F,F
58301,12,0,24.25,28,9,23,200,F,T
30440,36,0,0,1,8,35,0,F,F
30523,36,5,8.99399,3,11,10,750,F,F
30501,0,0,0,3,9,24,0,F,F
30512,36,4,9.997273,2,9,20,620,F,F
30653,36,0,0,1,7,23,300,F,F
30799,36,0,0,0,9,7,0,F,F
30815,48,0,0,0,11,11,100,F,F
30931,48,0,0,0,10,15,0,F,F
30741,0,0,0,0,0,43,0,F,F
76315,24,0,25.2,23,8,48,300,F,T
31015,36,0,0,0,11,47,100,T,F
31135,0,0,0,2,10,30,500,F,F
30809,36,1,9.757333,3,11,47,530,F,F
30824,0,1,0,3,0,38,30,F,F
31268,36,0,0,0,10,12,200,F,F
31299,36,3,7.292333,1,10,27,290,F,F
31246,48,0,0,3,5,12,0,F,F
31328,36,7,11.670637,2,8,18,910,F,F
31124,0,1,0,3,0,5,130,F,F
31193,0,1,0,3,9,4,30,F,F
31207,48,0,0,1,10,48,0,F,F
31308,36,0,0,2,9,38,200,F,F
31360,36,0,0,3,7,5,500,F,F
84433,12,0,23.22,17,7,29,300,F,T
9878,36,0,0,3,7,3,0,F,F
10214,36,0,0,2,10,2,0,F,F
10230,48,0,0,3,9,23,0,F,F
10264,36,0,0,1,11,1,0,F,F
10298,36,5,12.889637,0,0,1,250,F,F
10382,36,6,11.093303,3,6,49,280,T,F
68981,12,2,21.28,18,0,16,160,F,T
2837,36,0,23.25,27,8,6,100,F,T
21446,48,0,0,0,10,35,0,F,F
21471,48,0,0,1,11,36,100,F,F
21521,48,0,0,1,8,48,0,F,F
21562,48,2,7.895667,2,7,27,560,T,F
34721,48,2,32.28,26,0,29,60,F,T
21728,48,2,7.762333,1,11,49,160,F,F
55882,36,0,28.33,24,10,16,300,T,T
21839,48,0,0,3,10,38,100,F,F
21844,0,0,0,2,6,25,300,T,F
21855,36,0,0,3,7,40,100,F,F
34818,48,4,9.888,3,10,26,120,F,F
34820,36,2,8.588,0,8,41,60,F,F
86133,0,0,28.32,19,10,41,100,F,T
35038,36,3,8.329,1,10,29,90,F,F
34968,0,1,0,2,11,41,430,F,F
35019,36,0,0,0,11,44,0,F,F
35118,36,39,21.890713,1,10,38,1170,F,F
34926,36,1,0,2,11,17,30,F,F
35046,36,0,0,0,9,1,0,F,F
35236,48,0,0,2,11,22,200,F,F
35304,48,0,0,0,0,44,100,F,F
35406,48,1,0,3,0,26,30,F,F
35465,48,0,0,3,8,36,0,F,F
35360,36,0,0,1,1,45,0,F,F
35402,36,4,12.591657,2,10,21,320,F,F
35552,36,0,0,0,9,46,0,F,F
35555,36,6,12.632313,3,10,45,180,F,F
35606,0,0,0,2,10,32,100,F,F
35624,36,0,0,1,11,27,400,F,F
35667,48,0,0,0,9,15,100,T,F
35724,36,0,0,3,11,38,100,F,F
35447,0,1,0,2,0,36,30,F,F
35577,48,0,0,0,8,42,200,F,F
35935,48,2,8.445667,0,9,38,160,F,F
35960,36,0,0,2,8,49,200,F,F
35636,36,5,11.929657,1,10,46,350,F,F
77888,12,17,20.25,20,10,11,610,F,T
36144,48,0,0,1,11,2,0,F,F
35928,36,23,18.391743,3,11,27,690,F,F
35995,48,0,0,2,7,18,0,T,F
35823,36,4,9.525657,1,0,42,420,F,F
36476,48,0,0,1,10,21,200,F,F
36046,36,0,0,1,10,6,0,F,F
36196,48,0,0,3,10,5,0,F,F
36256,48,3,10.742323,3,10,16,190,F,F
36560,48,3,12.194667,0,10,25,90,F,F
36431,0,1,0,3,9,23,130,F,F
36497,36,0,0,0,7,25,0,F,F
12012,0,0,33.33,16,9,32,300,F,T
36421,36,0,0,2,9,18,100,T,F
36581,48,0,0,2,8,22,0,F,F
36640,36,0,0,2,10,44,0,F,F
36706,48,1,10.415667,2,11,5,230,F,F
36755,48,0,0,2,11,49,0,F,F
18150,36,0,0,1,9,51,0,F,F
18452,48,0,0,2,10,41,100,F,F
18468,48,2,0,2,10,16,60,F,F
18552,0,0,0,0,9,28,200,F,F
30878,24,0,33.28,21,11,37,100,F,T
18956,48,0,0,1,10,3,100,F,F
19038,36,0,0,2,10,5,0,F,F
19188,36,0,0,1,10,5,0,F,F
19220,36,5,7.815667,0,11,37,250,F,F
19256,36,0,0,1,8,49,200,F,F
38152,24,0,31.32,17,9,35,100,F,T
24179,0,0,0,1,9,38,0,F,F
26216,36,0,0,2,11,23,100,F,F
24366,0,0,0,1,11,47,100,T,F
40778,24,0,25.31,24,0,42,0,F,T
56665,12,0,26.26,20,9,35,0,F,T
37298,48,4,9.640647,1,8,11,420,F,F
37387,48,0,0,1,9,3,600,F,F
85515,24,2,25.24,20,5,43,60,F,T
37546,36,0,0,3,8,23,100,T,F
37664,36,3,11.948657,1,6,37,190,T,F
37832,0,0,0,1,6,32,0,F,F
38048,36,4,11.09497,2,9,8,320,F,F
38107,36,4,11.181323,0,9,28,520,F,F
25017,48,0,0,1,8,44,100,F,F
25033,36,5,12.69398,3,10,1,350,F,F
25067,36,6,8.492333,1,5,23,280,F,F
25216,48,0,0,3,9,47,200,F,F
25336,36,3,7.449,3,11,21,390,F,F
25436,36,0,0,3,9,40,0,F,F
25553,36,0,0,3,9,15,100,F,F
25568,36,0,0,2,10,26,100,F,F
38382,36,2,8.836657,3,11,46,460,F,F
25717,36,2,7.665667,3,7,7,160,F,F
14988,0,0,26.2,28,0,7,0,F,T
26085,48,0,0,0,8,26,100,F,F
15435,36,38,28.398279,2,0,22,1340,F,F
15487,36,0,0,1,9,9,400,F,F
15655,36,0,0,2,9,18,0,F,F
15894,0,0,0,3,9,41,0,F,F
26942,36,0,0,1,9,47,100,F,F
26983,36,0,0,3,7,47,0,F,F
27076,0,1,0,0,0,1,30,F,F
27183,36,0,0,0,11,20,200,F,F
27208,48,0,0,3,9,24,100,F,F
27262,36,4,9.348,1,8,20,520,F,F
4148,48,0,0,3,10,44,100,F,F
38791,36,6,12.46099,0,0,9,280,F,F
31493,48,0,0,1,11,17,0,F,F
31544,48,0,0,0,0,41,100,T,F
31500,36,25,27.895653,3,5,37,950,F,F
31502,48,0,0,1,0,20,100,F,F
31601,48,6,10.903263,1,7,28,280,F,F
31616,0,0,0,3,10,7,0,F,F
31596,0,0,0,0,11,9,100,F,F
31707,0,0,0,1,8,4,400,F,F
31843,48,1,7.815667,2,10,9,30,F,F
42512,36,0,0,2,1,7,400,F,F
42541,48,0,0,1,9,49,0,F,F
42703,36,0,0,3,9,1,100,F,F
42907,36,3,8.363313,3,11,13,190,F,F
42976,0,0,0,0,9,23,0,F,F
42803,36,0,0,1,7,52,0,F,F
42864,0,0,0,2,11,36,100,F,F
31930,12,2,26.27,23,0,7,160,F,T
43048,36,0,0,0,0,25,0,F,F
43062,36,0,0,2,0,20,100,F,F
43121,48,3,11.322323,1,9,11,190,T,F
34125,24,0,31.31,18,11,25,100,F,T
43269,48,0,0,3,0,34,0,F,F
43118,36,4,11.751323,2,9,11,120,F,F
43360,36,0,0,3,9,39,0,F,F
43383,36,18,20.724007,2,7,15,540,F,F
43416,36,6,9.692803,0,11,47,380,T,F
43549,36,0,0,1,10,31,100,F,F
43353,0,9,0,0,11,27,270,F,F
43412,36,0,0,0,8,41,0,T,F
43453,36,1,9.089,2,10,45,530,F,F
43724,36,0,0,1,9,18,100,F,F
43768,36,0,0,0,0,13,300,F,F
25448,12,0,33.24,17,6,41,100,F,T
43648,48,0,0,0,8,33,100,F,F
43698,36,0,0,1,8,12,500,F,F
43808,0,6,0,2,0,43,280,F,F
22807,48,2,22.32,16,11,31,60,F,T
43841,48,0,0,3,11,2,400,F,F
43893,0,0,0,1,11,13,300,F,F
43944,48,0,0,3,10,51,100,F,F
43737,0,9,0,2,8,30,470,F,F
4541,0,0,0,3,11,41,100,F,F
4571,0,0,0,3,10,20,0,F,F
4605,36,2,10.868323,1,10,42,60,F,F
4675,48,0,0,0,10,13,100,F,F
41688,48,0,28.28,18,10,44,100,F,T
4855,36,0,0,3,10,34,100,F,F
31913,36,0,0,0,7,9,100,F,F
31972,36,3,13.130667,2,11,50,90,F,F
32013,36,22,18.34391,3,11,3,760,F,F
22096,48,0,0,0,8,44,200,F,F
44060,48,0,0,0,10,32,100,F,F
43971,48,14,20.830538,2,11,43,520,F,F
36832,48,0,0,2,0,28,100,F,F
37037,36,2,7.929,1,10,1,60,F,F
36931,48,0,0,1,9,26,0,F,F
36966,0,0,0,2,11,22,100,F,F
37109,0,0,0,1,9,24,0,F,F
37085,36,2,7.982333,1,11,29,60,F,F
47851,36,37,22.640038,2,10,20,1110,F,F
47830,36,1,8.445667,3,11,35,30,F,F
47973,48,3,7.812333,1,9,26,90,F,F
48046,0,0,0,0,0,32,100,F,F
48229,0,0,0,3,10,4,0,F,F
48431,0,0,0,1,10,33,200,F,F
48579,36,2,7.42499,1,8,6,60,F,F
62766,36,0,29.33,22,0,34,0,F,T
48488,48,0,0,0,0,6,0,F,F
48538,36,3,9.782333,1,11,44,90,F,F
48628,48,0,0,0,11,13,0,F,F
48687,48,0,0,3,11,44,100,F,F
48766,36,0,0,3,11,35,100,F,F
48835,36,4,11.248,2,11,33,220,F,F
48969,48,0,0,2,9,13,400,F,F
48996,48,3,8.958,2,9,22,90,F,F
49121,48,0,0,1,8,19,100,F,F
49244,36,2,7.719,3,10,1,560,F,F
49116,0,0,0,3,10,7,100,F,F
48841,36,3,13.943,2,9,2,290,F,F
49006,36,0,0,2,0,11,0,F,F
70734,48,51,27.31,27,10,20,1630,F,T
23030,36,5,9.677323,1,9,18,450,F,F
23593,36,0,0,3,10,12,0,F,F
23791,0,0,0,1,8,40,0,F,F
23909,48,3,12.742333,2,10,19,390,F,F
26303,36,19,20.489361,3,10,21,770,F,F
26488,48,37,30.925751,3,11,25,1410,F,F
49376,48,0,0,0,10,30,0,F,F
49393,48,0,0,1,10,11,0,F,F
26556,36,0,0,0,11,40,200,F,F
37199,36,1,8.242333,3,9,33,30,F,F
37251,48,5,8.884667,1,0,13,650,F,F
37317,36,1,9.865667,0,10,18,30,T,F
26261,48,2,7.382333,2,9,24,260,F,F
26447,48,3,9.10899,1,9,11,90,F,F
37499,36,3,7.582333,3,8,42,190,T,F
37223,36,2,7.862333,0,11,51,360,F,F
73151,36,0,20.2,29,9,27,400,F,T
86218,36,2,30.27,28,10,46,460,F,T
37936,48,0,0,1,0,6,0,T,F
37860,48,0,0,0,11,21,0,F,F
10125,12,1,20.21,25,10,38,130,F,T
38169,36,0,0,1,10,34,0,F,F
37892,36,5,10.827313,1,1,29,450,F,F
38127,36,1,9.245667,3,0,19,130,F,F
9805,36,0,20.21,16,8,49,100,F,T
38519,48,0,0,3,10,27,300,F,F
38160,36,0,0,0,11,15,0,F,F
38229,36,0,0,3,11,21,0,F,F
38786,36,6,13.19794,3,11,40,180,T,F
38362,0,0,0,2,10,8,200,F,F
38429,0,2,0,3,11,44,60,F,F
27587,36,0,0,0,0,48,100,F,F
27669,48,0,0,2,8,24,100,F,F
27737,36,0,0,2,11,46,0,F,F
28187,0,0,0,0,11,10,0,F,F
28305,36,0,0,1,8,39,300,F,F
28414,48,1,10.722333,3,10,46,330,F,F
28687,0,3,0,3,0,2,90,T,F
28764,36,2,9.709667,0,10,20,460,F,F
28771,0,0,0,3,0,4,700,F,F
28789,0,0,0,1,6,22,0,F,F
28814,36,0,0,3,9,49,200,T,F
28816,36,3,11.769,2,0,25,190,F,F
28839,36,0,0,2,11,40,300,F,F
28939,36,0,0,0,8,31,100,T,F
29066,36,0,0,0,9,34,100,F,F
29091,48,0,0,0,10,19,200,F,F
49289,36,0,0,3,7,35,100,F,F
47684,0,0,22.2,24,0,25,300,F,T
49550,48,0,0,2,8,23,100,F,F
49530,48,22,18.377203,2,0,19,960,F,F
49668,48,2,7.529,2,11,50,160,F,F
49701,0,2,0,2,9,2,160,F,F
49677,36,0,0,1,7,20,0,F,F
49792,36,2,7.502333,1,10,33,60,F,F
67754,24,3,29.21,27,0,29,90,F,T
83300,0,0,21.32,16,10,38,100,F,T
49928,0,0,0,3,8,32,100,F,F
49992,36,0,0,0,10,15,200,F,F
49964,36,0,0,2,0,36,100,F,F
49884,48,0,0,3,7,4,100,F,F
49885,48,3,8.622323,0,9,43,290,F,F
49951,0,0,0,1,10,3,100,F,F
49952,48,0,0,2,0,34,400,F,F
83608,0,2,26.33,22,0,5,260,F,T
50282,48,0,0,3,9,11,0,F,F
50560,0,1,0,1,9,39,130,F,F
50185,0,3,0,2,9,31,590,F,F
50284,36,0,0,2,11,25,200,F,F
50464,48,2,8.185667,3,10,9,60,F,F
50616,0,0,0,3,9,34,0,F,F
50816,48,0,0,3,8,42,0,F,F
50914,0,0,0,0,11,12,0,F,F
50873,36,2,9.849,0,10,4,60,F,F
50907,36,1,7.319,2,10,12,130,F,F
50988,36,0,0,2,11,13,100,F,F
51261,36,0,0,3,10,25,200,F,F
51038,0,0,0,2,9,43,200,F,F
51221,48,0,0,0,11,41,600,F,F
51340,48,1,0,0,10,32,30,F,F
51390,48,0,0,2,10,35,100,T,F
32774,0,0,0,3,10,34,0,F,F
33019,36,5,13.754667,0,11,13,250,F,F
33033,0,0,0,2,11,12,100,F,F
33083,36,2,8.095667,1,0,14,60,F,F
33308,0,0,0,3,11,21,0,F,F
33503,48,2,13.382333,1,0,43,160,F,F
33512,48,30,18.33882,0,8,5,900,F,F
33537,48,9,15.73585,1,10,32,370,F,F
33544,0,1,0,3,8,4,30,F,F
33560,48,0,0,3,10,44,100,F,F
33728,0,0,0,2,9,21,0,T,F
33751,48,0,0,0,9,24,700,F,F
33905,48,0,0,2,10,50,100,F,F
33955,48,0,0,3,8,29,0,T,F
33980,36,0,0,1,0,32,0,F,F
34155,36,2,10.646333,0,10,33,260,F,F
34596,0,0,0,1,10,39,100,F,F
34696,36,0,0,3,11,31,0,F,F
6208,24,0,22.23,17,7,28,100,F,T
34730,36,0,0,3,0,16,0,F,F
51309,48,0,0,0,10,16,100,F,F
51445,36,0,0,0,11,8,300,F,F
44160,48,2,8.522323,3,7,8,160,F,F
44239,36,5,10.555647,2,9,21,550,F,F
44291,48,0,0,0,10,43,100,F,F
44325,48,6,12.09299,1,0,12,280,F,F
44194,36,27,19.656704,2,11,21,810,T,F
44769,36,0,0,2,0,23,300,F,F
17694,36,4,33.2,24,11,10,820,F,T
44782,48,2,10.949,0,11,31,260,F,F
44882,0,0,0,3,10,19,0,F,F
49907,24,0,27.2,29,10,14,0,F,T
45107,48,2,13.059,0,8,8,560,F,F
45220,36,3,11.163,1,11,32,190,F,F
45184,36,22,15.856587,0,8,30,660,F,F
45291,48,0,0,2,10,6,0,F,F
45309,36,17,18.081213,1,10,33,910,T,F
45440,36,0,0,0,9,22,0,T,F
45455,48,0,0,3,7,35,0,F,F
45456,48,0,0,2,9,23,300,F,F
45280,36,0,0,0,11,23,100,F,F
45364,36,0,0,3,11,39,300,T,F
41824,0,0,23.33,23,9,38,0,F,T
45588,36,3,10.532333,1,10,7,490,F,F
45382,48,0,0,3,10,2,300,F,F
45465,36,3,8.902333,3,10,10,90,F,F
45582,48,2,7.712333,0,10,38,160,F,F
45842,0,3,0,1,8,23,90,F,F
45957,48,4,11.292313,1,9,29,120,T,F
45731,48,3,7.802333,0,8,5,290,F,F
45799,36,0,0,3,9,31,300,F,F
24279,36,0,0,1,9,27,100,F,F
64858,24,0,32.22,29,10,9,300,F,T
24377,0,0,0,3,9,49,0,T,F
75570,12,0,22.28,19,9,49,0,F,T
24502,48,0,0,2,0,34,100,F,F
25011,36,2,8.684667,1,7,6,160,F,F
25079,36,7,13.782283,2,8,14,210,T,F
25145,48,2,8.865667,3,9,5,60,F,F
25163,0,0,0,0,10,21,0,F,F
25206,0,0,0,2,11,22,200,F,F
87157,48,0,33.28,20,9,50,300,F,T
46109,48,0,0,3,8,2,0,F,F
29443,0,0,0,2,10,22,0,F,F
29523,48,0,0,2,11,49,0,F,F
29557,48,4,13.00997,2,10,44,120,F,F
46168,36,0,0,0,11,14,200,F,F
38829,36,4,10.853323,2,0,27,320,F,F
38989,36,4,9.136657,3,0,32,320,F,F
5471,0,0,25.24,28,10,5,100,F,T
39012,48,4,10.974657,2,9,46,120,T,F
39063,36,0,0,0,0,44,100,F,F
39146,0,0,0,3,9,13,400,F,F
39302,48,0,0,3,9,28,100,F,F
39459,36,0,0,0,10,16,100,F,F
39484,48,2,8.532333,3,9,51,360,F,F
39536,36,0,0,1,11,6,100,T,F
39396,0,0,0,1,0,34,0,F,F
39523,36,3,9.462333,2,10,26,190,F,F
39729,0,0,0,3,11,23,500,F,F
39923,48,0,0,2,8,9,0,F,F
39399,36,0,0,2,10,1,0,F,F
40138,48,0,0,0,9,28,0,F,F
40024,48,2,8.642333,3,11,34,260,F,F
40025,36,0,0,3,11,1,0,F,F
39681,36,0,0,3,8,33,200,F,F
7394,0,0,29.25,21,10,17,100,F,T
39781,36,1,13.215667,1,11,7,130,F,F
40222,48,0,0,2,11,33,0,F,F
40345,48,14,14.631773,3,10,22,420,F,F
40275,0,1,0,1,11,4,130,F,F
40377,36,3,8.657323,2,11,21,190,T,F
40488,48,3,11.005667,2,6,5,190,F,F
40558,48,4,8.412323,1,10,40,320,F,F
40575,36,2,8.969,3,10,45,160,T,F
40610,36,0,0,2,9,3,400,F,F
17049,36,2,20.21,20,11,4,260,F,T
40654,0,0,0,2,8,29,0,F,F
40713,0,0,0,0,11,51,200,F,F
40767,48,0,0,2,7,19,500,F,F
40769,48,1,7.44999,0,9,25,130,F,F
29768,36,36,30.976406,1,0,47,1180,F,F
30284,36,0,0,3,10,43,300,F,F
30345,48,0,0,3,11,40,300,F,F
27277,12,0,28.25,18,9,46,0,T,T
46316,48,2,12.995667,3,10,45,60,F,F
40831,48,0,0,0,8,25,0,F,F
23821,36,3,28.29,21,0,8,490,F,T
46322,36,0,0,0,10,47,200,F,F
46485,36,0,0,1,10,9,0,F,F
46538,48,0,0,1,10,39,700,F,F
46690,36,31,16.815607,3,10,6,1030,T,F
25936,36,0,30.2,26,9,30,200,F,T
46800,48,4,12.099,3,8,34,220,F,F
47067,48,0,0,2,11,1,0,F,F
47113,36,3,9.865667,1,11,21,90,F,F
47224,36,3,7.765667,1,8,33,190,F,F
47301,36,3,7.825667,2,11,45,190,F,F
47453,0,0,0,3,8,41,100,F,F
47671,36,0,0,0,10,18,100,F,F
47776,48,0,0,2,10,23,100,F,F
58451,48,0,0,3,10,45,100,F,F
58516,36,0,0,1,7,32,200,F,F
58549,36,3,7.955667,2,9,26,290,F,F
58488,48,5,12.130647,1,10,10,150,F,F
58513,48,2,9.295657,3,0,18,260,F,F
34796,48,0,0,2,11,36,0,F,F
34914,0,0,0,1,11,42,100,F,F
35005,36,3,10.028,3,8,21,90,F,F
35025,48,0,0,3,10,23,0,F,F
35273,36,5,9.572657,0,0,5,250,F,F
35441,48,46,31.66226,0,0,24,1680,T,F
35543,36,0,0,2,6,24,100,F,F
35598,48,0,0,1,9,51,100,F,F
37834,24,0,30.24,22,10,22,0,T,T
36077,36,2,8.652333,2,10,37,260,F,F
36100,36,0,0,0,0,15,200,F,F
36270,48,3,7.869,3,9,43,190,F,F
36368,48,2,9.401333,3,8,24,360,F,F
36402,36,0,0,3,11,27,0,F,F
36445,36,0,0,1,0,25,200,T,F
36459,36,5,10.983647,0,9,9,250,F,F
36495,0,0,0,2,7,23,0,F,F
36763,0,0,0,3,11,37,300,F,F
40644,0,1,0,1,0,10,130,F,F
24352,24,0,31.22,29,11,12,100,F,T
40794,48,3,13.106647,0,8,19,90,F,F
58722,48,0,0,1,9,26,100,F,F
58747,36,1,9.615667,1,9,34,130,F,F
58902,48,0,0,1,7,48,0,T,F
59170,48,0,0,3,10,14,100,F,F
46477,36,0,0,0,9,45,0,T,F
59263,36,0,0,0,10,28,300,F,F
59235,48,0,0,2,0,8,0,F,F
59250,36,1,9.040667,1,7,50,130,F,F
46793,36,0,0,2,0,26,100,F,F
59497,36,0,0,2,8,27,0,F,F
59531,0,2,0,3,10,7,460,F,F
59503,36,0,0,3,10,12,200,F,F
59587,36,0,0,1,7,51,0,F,F
59635,48,1,11.789,1,0,45,730,F,F
59637,0,0,0,2,10,36,0,T,F
59851,48,0,0,3,0,38,0,F,F
59908,36,0,0,1,11,41,0,T,F
47161,36,0,0,3,10,22,200,F,F
60092,48,2,7.865667,1,10,1,260,F,F
47393,36,4,12.324,1,0,12,120,F,F
47513,36,2,7.799,2,9,4,160,F,F
47545,0,0,0,3,9,43,400,F,F
58557,36,8,14.9049,3,8,23,540,F,F
40960,36,0,25.22,16,0,50,0,F,T
58775,48,2,12.232333,3,10,42,260,F,F
60120,48,0,0,1,11,10,0,F,F
58861,36,0,0,1,0,22,100,T,F
59078,36,35,24.896339,1,11,8,1050,F,F
59192,48,47,32.136429,3,8,47,1510,F,F
59211,0,0,0,3,8,38,300,F,F
60540,48,1,8.052333,2,10,41,130,F,F
60672,0,1,0,1,9,29,130,F,F
26276,36,0,0,3,10,25,400,T,F
59694,0,0,0,2,10,10,100,F,F
60029,48,2,7.729,1,8,42,360,F,F
66638,0,2,25.29,18,11,39,60,F,T
60413,36,5,11.424667,1,0,3,150,F,F
60697,48,0,0,1,7,36,0,F,F
26526,36,0,0,2,6,25,0,F,F
67637,36,28,26.31,26,11,41,840,F,T
37329,48,0,0,0,11,37,100,F,F
37415,48,0,0,2,11,11,400,F,F
37454,36,25,9.415667,1,10,16,750,F,F
57590,24,0,24.2,28,8,28,100,F,T
63305,12,2,26.32,25,7,20,160,F,T
37974,36,0,0,3,9,52,100,F,F
38047,36,0,0,2,0,48,200,F,F
38222,36,0,0,3,9,52,100,F,F
38490,36,0,0,0,0,31,0,F,F
38615,48,0,0,3,0,41,200,F,F
91265,36,0,25.27,17,9,7,0,F,T
60816,36,0,0,1,11,2,0,F,F
51516,48,36,26.676487,3,0,1,1080,F,F
51600,48,0,0,2,0,5,0,F,F
51609,48,1,10.994,2,7,41,230,T,F
51679,48,0,0,0,8,46,300,F,F
51684,36,2,11.255667,0,10,24,60,F,F
50241,36,0,24.25,24,10,21,0,F,T
51608,48,4,8.922323,2,7,31,320,F,F
56393,12,4,20.24,29,6,31,120,F,T
51631,48,2,9.190667,3,0,35,60,F,F
51843,36,0,0,0,2,34,0,F,F
51884,36,0,0,0,9,41,0,F,F
51822,36,4,12.779,2,10,5,320,T,F
51875,36,3,8.633323,1,10,36,190,F,F
52004,36,0,0,0,0,1,100,T,F
52027,48,0,0,3,10,50,0,F,F
52120,48,0,0,3,0,39,300,F,F
52092,36,0,0,3,8,26,100,F,F
52156,36,0,0,3,8,32,100,F,F
52198,36,0,0,2,10,10,200,F,F
52233,36,5,11.421323,0,8,6,250,F,F
52240,48,2,8.579,2,10,24,760,F,F
52400,48,0,0,0,7,25,100,F,F
52467,0,0,0,0,0,5,0,F,F
52425,36,0,0,1,7,51,100,F,F
52583,48,4,10.195667,1,11,29,120,F,F
52601,36,0,0,2,10,38,0,F,F
52661,36,0,0,0,10,23,100,F,F
52820,0,0,0,2,10,19,0,F,F
52995,48,5,8.591333,0,9,50,150,F,F
53069,48,0,0,1,6,13,0,T,F
63781,36,0,0,0,9,26,0,F,F
63813,48,0,0,1,8,27,100,T,F
63880,36,4,9.682333,3,0,41,120,F,F
64031,48,0,0,3,7,16,0,T,F
63829,48,0,0,3,1,41,0,F,F
64095,36,38,24.377331,0,9,5,1240,F,F
64129,36,3,8.425657,2,10,4,190,F,F
42518,48,4,8.802647,0,11,5,120,F,F
42863,48,0,0,2,8,21,200,F,F
64396,12,0,29.31,16,5,11,0,F,T
43279,36,3,9.648,0,11,15,90,F,F
43613,36,3,7.499,1,11,13,90,F,F
43620,48,3,7.802333,1,10,40,90,T,F
43806,36,5,12.145333,1,6,26,250,F,F
43831,0,0,0,2,1,18,0,F,F
43899,48,2,10.892333,1,11,36,60,F,F
43956,36,4,8.262333,0,0,7,120,F,F
43981,36,0,0,3,7,43,100,F,F
63974,36,0,0,1,11,33,0,F,F
36870,36,0,0,2,11,23,0,F,F
36929,48,0,0,2,9,19,300,F,F
40931,36,0,0,3,0,30,100,F,F
64131,36,0,0,3,10,1,100,F,F
64134,36,4,9.345657,1,0,23,120,F,F
40918,0,0,0,1,10,20,100,F,F
55586,48,0,30.23,26,0,9,100,F,T
86160,36,2,32.21,20,0,28,60,F,T
41060,0,0,0,3,8,7,0,F,F
41095,0,0,0,3,10,52,300,T,F
41135,36,3,8.968283,1,0,52,190,F,F
41159,36,2,10.93399,2,9,26,60,F,F
41212,48,0,0,1,10,41,0,F,F
41229,48,0,0,1,8,31,200,F,F
41277,0,0,0,3,10,22,0,F,F
41345,48,0,0,1,11,46,0,F,F
41333,36,0,0,3,9,46,0,T,F
41433,36,0,0,1,10,49,0,F,F
41467,48,4,8.43149,2,0,1,320,F,F
41286,36,4,11.135647,1,10,25,120,T,F
41353,48,7,9.874667,1,11,50,210,F,F
41368,48,0,0,1,9,19,0,F,F
41517,36,4,8.92298,1,8,14,120,F,F
41549,36,31,17.541252,1,0,30,930,F,F
34098,48,0,32.25,28,8,28,0,T,T
24461,12,0,33.21,18,9,42,0,F,T
41946,48,3,12.990667,2,11,16,290,F,F
41705,36,0,0,1,10,26,100,F,F
41820,36,3,12.451333,2,10,47,90,T,F
41854,36,30,10.322283,3,9,12,900,F,F
41856,48,0,0,0,9,37,700,F,F
66052,0,0,28.28,16,10,21,0,F,T
38865,48,0,21.3,25,10,10,100,T,T
42213,48,0,0,1,11,3,500,F,F
42285,48,0,0,2,0,28,100,F,F
42342,0,0,0,2,11,16,300,F,F
42419,0,1,0,2,10,27,230,F,F
42313,36,0,0,3,10,51,100,T,F
42363,48,4,9.723,1,4,41,220,F,F
53288,36,0,0,2,8,33,100,F,F
53279,36,2,9.192333,2,8,41,60,F,F
37086,0,2,0,2,11,5,160,F,F
47875,48,1,7.655667,3,11,24,30,F,F
48091,0,0,0,2,11,34,200,F,F
48325,48,0,0,2,10,16,100,F,F
48343,36,2,9.915667,1,8,9,60,F,F
48427,36,0,0,3,9,10,0,T,F
48618,36,19,23.925194,1,10,31,570,F,F
48684,36,4,12.057323,1,9,2,220,F,F
48743,0,0,0,0,11,24,0,F,F
48768,36,0,0,3,11,27,300,F,F
48977,0,1,0,1,9,43,30,F,F
48986,0,0,0,3,8,10,400,F,F
49270,36,0,0,0,10,40,300,F,F
53393,48,1,9.435667,2,9,33,230,F,F
61255,12,0,25.24,24,6,12,0,F,T
64504,48,0,0,1,10,40,0,F,F
71624,36,0,24.2,27,8,4,0,F,T
64679,48,0,0,2,9,30,0,F,F
64882,0,0,0,2,10,44,100,F,F
64886,36,0,0,1,9,9,0,F,F
64965,36,2,7.55999,3,8,28,160,F,F
65002,48,0,0,2,11,39,200,F,F
65118,0,1,0,1,0,14,730,F,F
65104,0,0,0,2,9,27,0,F,F
65281,0,1,0,3,0,4,30,F,F
65370,0,0,0,2,11,17,0,F,F
65385,36,0,0,0,0,47,0,F,F
65449,48,3,9.292333,2,10,19,590,F,F
65603,0,4,0,0,11,4,120,T,F
65545,36,0,0,1,8,4,0,F,F
65795,36,0,0,1,0,22,0,F,F
65858,48,3,8.515667,3,9,20,290,F,F
65942,36,3,12.308,3,11,7,90,F,F
65976,36,0,0,2,11,35,0,F,F
79090,36,0,23.22,26,9,40,100,F,T
66156,0,2,0,1,10,47,60,F,F
65961,48,0,0,1,11,1,0,F,F
38849,36,0,0,0,11,33,0,F,F
11594,36,0,24.21,24,10,20,100,F,T
39160,36,3,8.890617,0,10,49,90,F,F
39219,0,2,0,0,10,37,160,T,F
39226,48,0,0,1,6,42,300,T,F
39419,36,33,32.174408,0,0,21,990,F,F
39962,36,1,10.989,2,8,51,30,F,F
40112,48,4,11.33899,0,10,48,120,F,F
40214,36,4,9.292323,2,7,25,120,F,F
40228,36,0,0,3,1,32,0,F,F
40294,48,0,0,1,10,11,100,F,F
40348,48,0,0,2,9,22,100,F,F
66165,36,3,12.412333,0,11,20,390,F,F
3347,48,4,21.28,21,11,1,220,F,T
61250,36,24,23.365652,0,6,48,1120,F,F
61251,36,0,0,2,6,49,300,F,F
61106,36,0,0,2,10,19,0,F,F
61205,36,0,0,2,9,29,100,F,F
4383,24,4,33.21,16,0,28,220,F,T
61330,48,25,31.933947,1,9,4,750,T,F
61360,36,0,0,3,8,46,0,F,F
32621,0,0,31.25,29,7,4,0,F,T
63214,24,3,32.25,24,10,30,90,F,T
61399,36,47,31.580103,3,0,7,1410,F,F
61448,36,2,12.235667,3,0,36,160,F,F
61451,36,0,0,3,9,2,400,T,F
61308,36,1,8.619,0,9,7,130,F,F
61374,48,1,11.339,1,9,44,30,F,F
61564,36,0,0,1,11,39,100,F,F
61516,0,0,0,2,0,9,100,F,F
61584,0,7,0,2,11,24,310,F,F
61667,48,0,0,3,0,51,100,F,F
57852,12,0,32.21,21,10,18,100,F,T
61692,48,0,0,0,9,40,0,F,F
61823,36,0,0,2,9,17,200,T,F
61898,0,0,0,3,9,24,0,F,F
61925,48,0,0,2,9,51,100,F,F
62039,36,0,0,0,9,9,0,F,F
7625,48,2,30.24,19,10,3,60,F,T
62257,36,0,0,3,9,7,100,F,F
62059,36,0,0,0,11,28,100,F,F
62266,0,1,0,0,11,10,230,F,F
62425,0,3,0,3,7,33,90,T,F
62211,36,0,0,2,9,48,0,F,F
62387,48,0,0,1,7,30,0,F,F
62485,0,0,0,0,8,2,200,F,F
62707,48,0,0,0,8,39,0,F,F
62720,36,0,0,1,9,10,100,F,F
62803,48,0,0,3,11,47,100,F,F
62778,0,1,0,3,10,38,330,F,F
62795,48,0,0,2,8,17,100,F,F
62914,36,8,11.824617,2,0,14,240,F,F
6829,36,0,21.31,20,8,52,0,T,T
50083,0,0,0,1,8,35,100,F,F
50147,48,0,0,2,11,22,0,F,F
50188,36,0,0,2,10,22,100,F,F
50197,36,0,0,2,9,8,100,F,F
50240,48,0,0,2,11,10,0,F,F
50265,48,0,0,0,10,49,0,F,F
50347,48,0,0,1,10,43,100,F,F
50576,0,0,0,1,10,33,0,F,F
50651,0,0,0,3,10,15,0,F,F
50765,36,0,0,0,7,9,200,T,F
50776,36,4,11.659313,2,7,7,320,F,F
50835,36,2,8.199,2,10,45,160,F,F
22449,24,6,28.2,25,10,40,280,F,T
51094,36,0,0,0,0,30,200,F,F
51101,48,0,0,0,0,33,0,F,F
51185,36,2,7.515667,1,11,4,60,F,F
51244,0,0,0,1,11,20,0,F,F
51258,48,0,0,0,0,35,200,F,F
51492,36,0,0,1,0,26,500,F,F
35625,0,0,22.31,24,0,45,100,F,T
53542,0,0,0,2,9,46,0,T,F
53701,48,3,11.371333,0,10,25,190,F,F
53840,48,10,16.657713,0,11,21,500,F,F
53810,0,0,0,3,9,11,100,F,F
53878,36,0,0,3,7,43,100,F,F
53927,48,0,0,2,0,42,100,F,F
53962,48,1,7.599,1,7,32,230,F,F
54108,48,4,7.469,1,11,17,220,F,F
54238,36,0,0,1,11,8,0,T,F
54240,36,2,8.582333,1,10,12,60,F,F
60230,12,0,29.3,27,7,14,0,F,T
54421,48,3,12.916657,0,10,17,190,F,F
54460,36,0,0,0,8,23,0,F,F
54554,36,21,7.615667,3,11,3,930,F,F
54572,48,2,8.678,1,11,31,260,F,F
54363,48,43,28.6553,2,9,51,1290,F,F
54544,36,26,32.937073,1,11,18,780,F,F
54587,36,2,9.235667,1,0,33,60,F,F
40950,24,0,25.23,25,0,50,200,F,T
54597,48,0,0,0,0,30,200,F,F
54633,48,24,30.640947,1,9,38,820,F,F
54896,36,0,0,3,11,19,100,F,F
54996,48,0,0,0,8,1,0,F,F
55003,36,4,7.729,0,8,29,120,T,F
55022,48,1,8.302333,2,10,39,130,F,F
54797,36,0,0,0,10,30,400,F,F
55178,48,3,7.853323,3,5,45,190,F,F
55260,36,4,7.795667,0,10,50,120,F,F
55285,48,4,10.29898,0,9,4,520,F,F
74416,0,0,31.2,26,0,48,100,F,T
55258,36,16,15.727773,3,11,12,480,F,F
55116,48,0,0,3,11,48,100,F,F
55134,48,1,11.349,2,9,26,130,T,F
55183,48,0,0,3,9,8,100,F,F
55437,0,1,0,3,9,44,330,F,F
55530,48,0,0,3,11,27,100,F,F
55283,36,0,0,2,8,43,0,F,F
44567,36,3,10.499667,3,8,36,190,F,F
44617,36,0,0,1,0,45,0,F,F
44649,36,0,0,1,10,48,100,F,F
44760,48,0,0,3,11,26,100,F,F
44858,0,3,0,3,10,44,390,F,F
45060,36,5,11.81493,3,9,37,350,F,F
45258,0,0,0,3,8,29,100,F,F
45317,48,0,0,2,11,12,100,F,F
78421,24,2,28.23,21,11,24,260,F,T
45551,0,0,0,0,9,2,100,F,F
45653,36,9,14.18745,3,11,51,470,F,F
45662,36,0,0,1,0,3,300,F,F
45828,36,4,11.617283,3,0,46,220,F,F
45835,48,0,0,1,9,36,0,F,F
45887,36,0,0,0,11,20,0,F,F
66370,36,4,10.113667,1,0,30,220,T,F
66363,36,3,8.81899,3,8,20,90,F,F
66599,48,4,10.594,0,7,33,120,F,F
16979,0,0,28.21,16,11,24,0,F,T
66657,36,0,0,0,9,9,0,F,F
66738,36,3,13.602323,0,9,38,90,F,F
16622,12,0,28.29,29,0,38,100,F,T
66867,36,0,0,3,10,29,0,F,F
67037,48,0,0,1,8,21,0,F,F
66857,36,39,25.80632,2,9,27,1470,F,F
67025,36,0,0,2,9,29,100,F,F
67176,36,0,0,0,11,35,200,F,F
67058,36,0,0,2,11,11,100,F,F
67158,48,0,0,0,0,29,100,F,F
67478,36,0,0,3,11,35,300,F,F
67530,48,2,7.725667,3,9,42,60,F,F
67481,36,0,0,0,10,38,100,F,F
67555,48,2,10.07498,3,10,30,60,F,F
67571,36,3,14.178657,2,11,25,390,F,F
24673,12,7,28.27,20,11,44,510,F,T
67543,36,5,11.677313,3,10,14,250,F,F
67699,48,0,0,2,5,39,0,F,F
67939,48,4,8.932333,3,11,31,120,F,F
67857,48,0,0,1,11,41,100,T,F
68119,0,0,0,0,0,40,0,T,F
68091,48,0,0,3,9,1,700,F,F
68094,36,0,0,1,9,2,0,F,F
41105,36,3,8.805667,2,10,27,90,F,F
41175,48,4,11.373657,3,0,13,220,F,F
41355,36,18,24.637966,3,11,39,540,F,F
41716,36,0,0,1,9,46,0,F,F
41900,36,0,0,0,0,32,200,F,F
41941,0,1,0,0,9,8,130,T,F
42086,48,4,12.055667,2,11,20,120,F,F
42951,12,0,20.24,28,7,11,0,T,T
42177,48,0,0,1,0,15,0,F,F
42193,36,0,0,1,8,46,100,F,F
42286,36,0,0,3,0,39,100,F,F
42336,36,0,0,3,8,37,100,T,F
53148,48,2,8.909,3,10,20,60,F,F
53221,36,4,9.383147,2,8,9,120,F,F
53432,48,0,0,0,10,49,0,F,F
68144,48,4,12.571333,3,9,48,720,F,F
63114,48,0,0,0,9,16,100,F,F
46202,36,3,31.21,25,0,12,390,F,T
63041,36,0,0,3,0,46,0,F,F
63362,48,0,0,2,10,41,0,F,F
63378,36,0,0,0,10,2,0,F,F
37806,36,0,31.24,22,0,24,0,F,T
63334,0,0,0,3,10,37,200,F,F
63343,48,3,8.632283,0,11,12,390,F,F
63361,36,0,0,2,6,38,100,F,F
63548,36,0,0,0,11,49,0,F,F
63581,36,0,0,0,9,15,100,F,F
49929,0,0,32.25,26,8,9,0,F,T
63484,36,0,0,3,11,21,100,F,F
63543,48,0,0,0,9,33,0,F,F
69144,48,1,7.629,0,9,42,30,F,F
69196,48,0,0,3,10,20,0,F,F
63625,36,0,0,0,9,22,0,F,F
69346,48,5,11.320647,2,10,48,150,F,F
69445,36,0,20.33,20,0,6,100,F,T
69234,48,0,0,3,10,7,100,F,F
69502,36,5,11.87795,2,9,13,250,F,F
69541,36,2,8.719,2,0,46,60,F,F
69577,36,25,19.302723,3,11,39,750,F,F
70149,48,1,8.389,1,7,33,130,F,F
69900,0,0,0,3,9,33,0,T,F
69918,36,43,25.701496,3,10,12,1290,F,F
70045,36,0,0,3,9,44,100,F,F
46480,48,0,0,1,11,17,0,F,F
46530,36,3,8.50399,2,0,31,190,F,F
73300,48,0,21.23,18,9,11,0,F,T
46737,36,0,0,1,10,28,200,T,F
46989,36,0,0,3,5,43,100,F,F
47030,36,0,0,1,10,42,100,F,F
47248,0,0,0,0,0,52,100,F,F
47625,0,0,0,2,11,2,100,T,F
742,24,0,23.33,16,10,49,400,F,T
58512,36,1,9.60999,2,0,23,30,F,F
58544,36,2,7.590667,1,11,51,260,F,F
58787,0,0,0,1,10,8,100,F,F
58803,0,0,0,3,10,7,0,F,F
58921,48,6,11.133263,3,9,36,180,F,F
58937,36,0,0,1,10,2,300,F,F
68153,48,3,9.038,3,9,38,190,F,F
22161,48,0,30.28,27,10,47,100,F,T
55927,48,3,8.455657,2,10,39,90,F,F
55701,36,0,0,3,0,9,200,F,F
36407,48,0,26.23,27,10,15,100,F,T
55986,36,0,0,3,10,7,200,F,F
56069,36,0,0,0,10,49,0,F,F
56098,48,0,0,1,9,37,0,F,F
40640,36,0,23.3,27,9,22,0,F,T
56219,0,1,0,1,10,46,30,T,F
58592,12,0,32.32,22,11,47,100,F,T
56389,48,4,9.322647,3,7,17,120,T,F
56509,36,0,0,3,0,5,700,F,F
56546,48,5,11.39893,2,9,23,250,T,F
56561,48,0,0,2,11,24,0,T,F
56436,48,0,0,0,10,18,100,T,F
56779,48,4,11.029,2,8,36,120,F,F
56895,36,4,11.599303,3,10,1,120,F,F
56719,36,0,0,1,10,44,0,F,F
56891,0,2,0,1,9,8,460,F,F
57046,48,3,9.36999,0,10,26,490,F,F
57147,0,0,0,0,9,9,100,F,F
57071,48,4,9.60498,1,8,31,220,T,F
63270,12,0,29.3,26,0,28,400,T,T
57177,36,2,10.382333,1,8,49,60,F,F
57200,48,2,10.31999,1,11,6,260,F,F
57315,36,3,11.785667,3,8,7,290,F,F
57103,36,0,0,1,7,52,400,F,F
59057,48,0,0,3,9,4,0,F,F
59525,36,5,10.952657,3,0,20,150,T,F
59916,36,0,0,2,10,30,0,F,F
60066,36,0,0,2,9,46,0,F,F
60520,36,0,0,3,10,40,0,T,F
60745,36,0,0,1,10,16,100,F,F
57571,0,0,0,2,10,7,0,F,F
67588,24,0,22.33,21,10,3,0,F,T
68351,48,0,0,0,0,44,0,F,F
57502,36,4,10.719,2,9,52,120,F,F
3463,36,1,27.24,25,11,8,30,F,T
68678,48,1,8.685667,2,6,2,30,T,F
68897,36,0,0,2,8,29,0,F,F
68910,0,0,0,3,10,49,0,F,F
68886,0,0,0,3,9,14,100,T,F
68859,0,0,0,1,10,1,100,F,F
68875,48,2,12.832333,0,10,48,260,F,F
68982,0,0,0,3,0,37,100,F,F
69007,48,0,0,1,6,8,100,F,F
68928,48,0,0,2,11,36,100,F,F
79803,36,0,0,0,10,7,100,T,F
26972,48,2,23.33,22,8,9,60,F,T
79889,48,0,0,0,10,7,0,F,F
26493,24,3,23.25,23,9,15,190,T,T
79975,48,0,0,3,6,31,0,T,F
80166,0,0,0,2,8,15,0,F,F
80028,48,0,0,3,10,4,100,F,F
80105,36,2,13.415657,0,8,19,160,F,F
80148,36,0,0,1,7,6,200,F,F
80198,0,1,0,0,11,37,530,F,F
80205,36,2,10.132333,3,9,14,260,F,F
80550,36,2,10.694,1,10,47,160,F,F
80392,48,0,0,2,11,38,300,F,F
80473,36,4,11.602333,2,0,43,420,F,F
80630,36,4,7.695667,0,9,17,120,F,F
80561,36,0,0,1,11,11,0,F,F
80723,48,5,9.427273,2,8,39,250,F,F
51921,36,3,9.545333,1,10,52,190,F,F
51969,48,0,0,0,9,29,0,F,F
52044,36,1,10.275667,2,10,35,230,F,F
52671,48,11,10.60199,2,11,20,330,F,F
52698,36,0,0,1,8,47,300,F,F
52830,48,16,15.01096,0,7,45,680,F,F
53039,48,0,0,2,10,13,0,F,F
51727,48,0,27.26,17,8,40,200,F,T
63837,36,0,0,3,0,1,100,F,F
63962,48,4,9.489647,0,7,47,220,F,F
80891,48,2,12.66498,0,10,35,60,F,F
80898,48,19,14.091117,3,11,1,670,F,F
70372,36,0,0,2,10,48,0,F,F
63138,48,0,0,3,10,15,400,F,F
70529,36,16,13.00099,0,9,30,780,T,F
64664,36,2,20.22,17,8,9,60,F,T
11814,36,0,22.25,26,11,13,200,F,T
70747,36,0,0,3,8,9,200,F,F
70845,36,0,0,1,0,1,0,F,F
63439,48,3,7.279,1,0,50,290,F,F
63572,48,17,16.534763,0,11,1,710,F,F
63690,36,0,0,1,0,10,0,F,F
70632,36,3,10.60899,2,11,37,190,F,F
4463,24,3,29.24,20,9,24,390,F,T
70767,0,1,0,2,9,18,130,F,F
71054,36,0,0,2,10,35,200,T,F
70882,36,2,8.994,3,10,25,60,F,F
70900,48,0,0,3,11,6,100,F,F
70919,36,0,0,2,9,8,0,F,F
69306,48,6,10.257313,3,10,12,180,F,F
69323,36,3,8.664667,2,0,36,90,F,F
69340,36,0,0,2,0,13,100,F,F
69356,0,0,0,0,10,3,100,F,F
69470,0,1,0,0,0,37,130,F,F
71583,36,0,0,1,9,18,200,T,F
71116,36,42,24.625664,1,10,8,1360,F,F
69604,36,0,0,2,7,51,100,F,F
48406,36,29,26.23,29,10,52,870,T,T
71692,0,0,0,1,9,5,0,F,F
71301,48,10,9.753667,2,8,13,300,F,F
71369,36,1,10.290667,2,0,18,130,F,F
71387,48,2,8.152333,3,11,18,60,T,F
71967,36,0,0,0,10,47,300,F,F
69975,36,0,0,1,11,15,0,F,F
70024,36,2,13.11298,2,10,30,60,T,F
70155,36,3,9.283,2,9,18,190,F,F
72042,0,2,0,3,10,18,60,F,F
72067,36,0,0,3,10,29,0,F,F
71805,0,2,0,1,9,8,60,T,F
71987,0,0,0,0,11,22,0,F,F
72052,48,4,11.439,0,9,50,320,F,F
72071,48,2,8.132333,1,8,51,160,F,F
53952,0,0,0,0,9,9,0,T,F
54134,48,0,0,3,9,48,100,F,F
54236,36,3,9.10799,0,10,6,390,F,F
54252,36,0,0,2,9,32,0,T,F
54261,48,0,0,3,7,18,0,F,F
54327,48,0,0,3,9,13,0,F,F
54491,0,0,0,1,9,4,0,T,F
58031,24,0,27.22,19,8,3,300,F,T
54570,48,0,0,1,8,25,0,F,F
54586,48,0,0,0,10,51,100,F,F
54659,36,0,0,0,10,1,0,F,F
54759,36,0,0,2,8,46,0,F,F
55036,36,4,8.54194,1,11,43,220,T,F
55236,36,4,9.134667,1,10,52,120,F,F
55263,0,0,0,2,0,43,0,T,F
55379,48,0,0,3,11,31,300,F,F
55404,48,3,9.149667,0,8,38,190,F,F
55420,36,5,9.411657,3,10,20,550,F,F
57693,48,0,0,3,10,1,0,F,F
77488,24,3,32.2,27,10,33,90,F,T
57893,36,0,0,3,7,39,0,F,F
57970,0,0,0,1,0,35,0,F,F
57977,48,2,11.342333,1,1,7,60,T,F
57789,36,0,0,3,11,33,100,F,F
58145,48,0,0,0,11,51,0,F,F
58211,36,2,9.203323,2,10,4,360,F,F
58057,0,0,0,2,8,13,0,F,F
21818,48,0,23.22,22,11,31,200,F,T
58164,36,0,0,3,7,16,0,F,F
58263,36,0,0,0,10,38,100,F,F
58277,48,0,0,1,9,23,100,F,F
58336,36,0,0,1,0,47,100,F,F
58345,36,28,19.382851,1,11,7,1240,F,F
58427,36,0,0,2,10,12,100,F,F
58225,36,52,30.73123,2,11,34,1660,T,F
58242,36,0,0,0,10,35,300,T,F
34949,36,16,23.23,16,11,51,480,F,T
44918,0,0,28.32,23,10,34,100,F,T
74441,36,0,0,1,9,11,0,F,F
74569,36,0,0,2,10,5,200,F,F
74393,48,3,7.579,2,11,40,190,F,F
74703,48,0,0,0,11,8,300,F,F
74736,0,0,0,0,11,37,200,F,F
74596,48,2,8.969,2,0,48,60,F,F
45488,24,2,29.33,23,10,39,460,F,T
74898,48,3,0,0,10,44,390,F,F
75293,48,0,0,2,9,44,100,F,F
75120,36,0,0,2,11,18,100,F,F
75229,36,0,0,3,0,23,100,F,F
75280,0,0,0,1,10,2,400,F,F
37488,36,8,23.23,29,9,14,440,F,T
64335,36,1,9.879,2,0,52,30,F,F
65750,24,0,23.27,28,11,23,200,F,T
64437,36,0,0,1,8,34,100,F,F
64453,48,0,0,3,8,13,0,F,F
64496,36,1,10.999,0,8,35,330,F,F
82957,36,2,26.28,19,9,52,60,F,T
71675,0,2,26.23,25,11,38,260,F,T
65764,0,0,0,0,0,26,0,F,F
65814,36,4,13.089,3,8,20,220,F,F
65823,48,0,0,0,11,27,0,F,F
2001,24,0,30.29,17,9,45,100,F,T
65893,48,0,0,0,9,29,0,F,F
66000,36,34,23.592163,0,10,52,1120,F,F
66134,36,0,0,2,9,18,100,F,F
61027,48,15,21.91938,1,9,34,950,F,F
24398,0,0,24.31,29,10,24,200,F,T
75577,36,2,7.582333,0,6,36,60,F,F
80973,48,0,0,2,11,11,400,F,F
81009,36,15,15.008783,3,11,13,450,T,F
81044,36,43,27.525593,0,7,5,1390,F,F
81071,48,3,9.053,1,9,15,90,F,F
81135,36,0,0,1,8,5,0,F,F
81152,36,0,0,2,8,48,0,F,F
81243,36,0,0,0,6,3,0,T,F
81097,36,0,0,3,10,7,0,F,F
81287,48,4,9.82498,0,6,36,120,F,F
81350,36,3,10.672283,3,9,27,390,F,F
81364,0,0,0,0,0,16,200,F,F
43573,24,3,23.21,18,11,33,190,F,T
81611,36,0,0,0,10,7,0,F,F
81579,36,0,0,3,9,22,0,F,F
81581,48,0,0,0,11,5,0,F,F
81904,36,0,0,2,9,44,0,T,F
81881,48,9,17.030439,2,9,39,270,F,F
81980,0,0,0,3,0,6,0,T,F
82038,36,0,0,0,9,23,100,F,F
82098,48,0,0,1,10,26,0,T,F
82163,36,3,9.296657,3,8,28,90,F,F
82340,48,4,10.612647,1,11,34,120,F,F
55109,0,0,31.31,20,6,34,200,F,T
82414,0,0,0,1,0,24,200,F,F
82466,48,2,7.512333,3,10,52,60,F,F
82467,36,0,0,0,9,2,300,F,F
82457,48,3,9.729,1,8,10,190,F,F
82495,48,0,0,2,10,34,700,F,F
82552,0,1,0,2,0,27,230,F,F
82551,36,0,0,1,11,48,0,F,F
46723,24,1,28.31,17,11,25,130,F,T
82756,48,0,0,1,5,48,100,F,F
82760,48,31,22.674486,2,11,39,1030,F,F
82702,36,3,11.449667,2,9,33,490,F,F
61220,48,3,8.402333,3,9,51,190,F,F
61556,36,43,28.99481,3,9,4,1290,F,F
61588,36,0,0,2,10,17,0,F,F
61681,0,0,0,3,9,5,0,T,F
61788,48,0,0,0,8,42,100,F,F
61854,48,3,12.135617,2,9,51,90,F,F
62106,48,0,0,2,9,3,0,F,F
62238,36,3,10.519,1,9,25,390,F,F
62333,36,0,0,3,7,17,200,F,F
62522,48,4,9.50894,0,10,4,220,F,F
62606,48,2,10.057647,2,11,29,160,F,F
62776,48,0,0,2,11,38,0,F,F
62892,36,0,0,3,11,26,100,F,F
55572,48,0,0,2,9,15,0,F,F
56270,0,0,26.26,19,8,20,0,F,T
82866,36,0,0,0,0,51,0,T,F
82867,48,0,0,2,10,43,100,F,F
72442,48,0,0,3,10,10,100,F,F
70308,36,0,0,3,10,11,100,F,F
70423,36,0,0,0,9,30,100,F,F
70624,48,0,0,1,10,22,100,F,F
70676,36,4,9.410333,3,10,1,320,F,F
72471,36,3,10.067323,1,0,27,690,F,F
72503,36,4,10.410637,0,8,1,120,T,F
72594,48,0,0,0,11,25,0,F,F
72628,48,0,0,3,10,21,100,F,F
72773,48,1,7.885667,2,11,39,30,F,F
72853,0,0,0,0,9,33,0,F,F
72935,36,4,10.51998,3,9,33,220,F,F
70994,48,0,0,0,0,22,0,F,F
73012,36,5,9.804657,2,0,14,250,F,F
73146,36,5,8.524667,1,9,10,450,F,F
84922,36,4,28.25,17,11,21,120,F,T
71342,36,0,0,2,11,14,0,F,F
73142,48,25,32.731251,3,0,5,1050,F,F
73442,36,4,12.549,3,10,5,420,F,F
73540,48,41,33.09676,3,10,43,1330,F,F
73541,36,0,0,2,10,9,200,F,F
73556,36,2,13.14999,1,8,27,60,F,F
73512,36,0,0,1,10,50,0,F,F
73519,36,2,8.285667,2,10,8,60,F,F
73539,0,0,0,3,10,39,300,F,F
73569,0,1,0,3,10,36,130,F,F
73589,0,0,0,0,11,17,200,F,F
71743,48,0,0,0,9,20,100,F,F
32363,36,0,32.31,19,9,24,0,F,T
71830,36,0,0,3,0,52,0,F,F
73743,48,25,12.055607,3,7,30,1150,F,F
73775,48,0,0,3,10,2,0,F,F
73680,36,14,12.83041,3,6,10,420,F,F
72063,36,0,0,2,9,51,100,F,F
13813,48,0,29.23,16,8,25,100,T,T
74226,48,2,7.992333,0,10,11,160,F,F
55729,36,5,12.07399,3,11,3,150,F,F
55806,36,0,0,1,11,29,0,F,F
30599,0,1,28.29,27,7,4,30,F,T
75362,48,0,26.33,19,8,21,0,F,T
56826,36,2,8.935667,2,7,13,60,T,F
56865,48,3,7.852333,0,9,31,190,F,F
57067,36,3,12.581647,1,11,34,90,F,F
57217,36,4,9.65948,1,0,5,120,T,F
91389,36,4,32.27,25,0,37,320,F,T
74287,48,3,11.132283,2,9,12,90,F,F
72228,48,0,0,0,10,48,0,T,F
74345,48,0,0,2,9,13,0,F,F
75630,36,0,0,0,10,7,0,F,F
75691,36,0,0,2,11,38,100,F,F
75711,36,6,12.995077,0,0,16,480,F,F
75830,36,0,0,2,11,41,100,F,F
75881,48,0,0,1,10,2,300,F,F
75841,0,0,0,1,7,8,300,F,F
76032,36,0,0,3,9,44,0,F,F
76099,36,3,8.527323,3,11,43,190,F,F
76182,36,4,14.584647,2,9,20,220,F,F
75938,48,0,0,1,0,47,200,F,F
76074,48,0,0,3,9,46,0,F,F
76143,0,0,0,0,11,22,100,T,F
76277,36,2,10.770657,0,11,8,60,F,F
5695,12,1,31.3,19,10,34,30,F,T
76265,36,0,0,0,11,25,200,F,F
21699,48,2,23.27,20,9,40,60,F,T
76224,36,0,0,1,8,50,0,F,F
76504,36,0,0,3,11,39,0,F,F
76499,48,5,10.272273,1,0,27,150,F,F
76631,48,0,0,3,10,1,0,F,F
76538,36,0,0,0,0,26,100,F,F
76576,0,0,0,0,0,32,100,F,F
76660,36,0,0,3,8,19,0,F,F
76692,36,0,0,0,11,39,100,T,F
77016,0,0,0,1,0,19,100,F,F
76925,0,0,0,2,7,49,0,F,F
76974,48,5,13.33497,0,0,49,150,F,F
77185,0,0,0,2,11,44,0,F,F
77203,0,0,0,0,10,40,100,F,F
77419,36,27,16.798763,1,0,18,910,F,F
77467,36,0,0,1,0,25,0,F,F
77534,36,0,0,3,7,30,0,F,F
77272,36,0,0,2,8,2,0,F,F
77315,48,0,0,3,10,30,100,F,F
77194,0,0,0,3,11,45,100,T,F
77211,36,25,11.941323,3,0,19,850,T,F
77259,36,0,0,1,9,6,0,T,F
77426,36,6,13.320303,0,8,15,380,T,F
66527,36,0,0,1,11,31,0,F,F
66618,48,4,7.899,2,9,46,620,F,F
66650,36,2,7.315667,2,0,15,460,T,F
66727,36,0,0,1,0,42,0,T,F
66834,36,2,8.73698,1,9,22,360,T,F
66977,48,0,0,1,9,7,0,F,F
67079,48,0,0,1,11,25,100,F,F
67304,48,2,9.215667,3,10,26,160,F,F
67379,36,2,9.349,2,9,6,260,F,F
28181,0,0,32.2,24,0,1,100,F,T
67654,0,0,0,2,0,12,100,F,F
36001,36,3,24.32,18,11,18,390,F,T
67822,36,2,10.162333,0,8,9,260,F,F
68263,0,3,0,0,8,19,190,F,F
49925,0,0,25.29,21,6,22,0,F,T
45344,24,0,20.28,22,9,30,100,F,T
83174,36,0,0,3,8,47,100,F,F
57292,12,0,33.25,21,6,43,300,F,T
83352,48,0,0,3,11,41,100,F,F
83263,48,0,0,0,10,42,100,F,F
83447,36,0,0,2,10,5,100,F,F
83485,48,2,7.932333,3,7,2,460,F,F
86753,0,0,29.31,29,11,52,300,F,T
39697,24,0,31.33,27,11,12,0,F,T
83426,36,0,0,2,10,22,0,F,F
83512,36,1,9.225667,1,6,17,330,F,F
83954,0,0,0,0,0,20,0,F,F
83846,48,0,0,3,8,27,400,F,F
84033,36,0,0,1,0,35,0,T,F
84058,0,0,0,0,11,20,0,F,F
84124,0,0,0,0,11,4,0,F,F
84011,48,0,0,2,0,46,100,F,F
84185,36,0,0,0,8,35,0,F,F
57086,36,0,28.21,22,6,45,0,F,T
84179,48,0,0,0,0,11,0,F,F
84346,36,0,0,1,9,23,100,F,F
84288,36,0,0,2,8,13,0,F,F
84438,36,0,0,1,7,34,400,F,F
84463,48,2,10.432333,0,9,29,260,F,F
84554,36,5,13.355617,0,11,22,150,F,F
84573,36,0,0,2,0,51,0,F,F
84590,0,1,0,0,8,45,230,F,F
84637,0,0,0,1,9,41,0,F,F
84724,0,7,0,2,10,4,210,F,F
84908,36,2,11.099,0,10,7,160,F,F
84745,48,1,8.122333,0,9,8,230,F,F
84812,36,2,8.395667,1,11,42,160,F,F
84806,48,5,10.465657,1,10,33,350,T,F
84857,36,0,0,0,0,7,0,F,F
63310,0,0,0,1,0,40,300,F,F
63433,48,0,0,3,10,26,200,F,F
63460,36,2,8.664323,3,10,35,60,T,F
63474,48,5,9.744667,2,11,10,250,F,F
69090,48,3,10.422333,1,10,20,390,F,F
69183,0,1,0,2,6,10,130,F,F
69283,48,0,0,2,0,47,0,F,F
69299,48,0,0,3,10,11,300,F,F
69435,36,0,0,1,9,35,0,F,F
69542,36,1,7.925667,0,0,18,230,F,F
69551,48,0,0,0,9,40,200,T,F
69753,36,38,32.337605,0,8,39,1440,F,F
69937,36,15,11.165667,1,10,29,850,F,F
79807,48,1,33.22,16,11,17,30,F,T
84965,48,19,24.909006,0,8,47,570,F,F
72346,36,28,33.706749,3,8,15,1240,F,F
38453,36,0,20.3,29,10,41,0,F,T
85156,48,0,0,0,8,31,100,F,F
90306,48,0,0,2,9,32,300,F,F
72446,36,3,10.193323,3,10,11,290,F,F
72547,36,4,12.09799,2,10,10,120,F,F
72595,36,5,10.59494,3,11,51,150,F,F
85285,36,2,9.150313,0,10,13,60,F,F
85328,48,0,0,2,10,13,0,F,F
85225,48,2,11.899,1,11,19,360,F,F
85409,0,0,0,2,0,51,400,F,F
85394,36,0,0,0,10,9,100,F,F
85562,36,5,11.65148,2,11,24,150,F,F
85459,36,28,21.624693,2,10,3,840,F,F
85539,48,0,0,3,10,45,100,F,F
73082,36,2,8.614823,1,11,25,60,T,F
85655,48,0,0,2,8,5,200,F,F
62232,36,0,31.24,20,10,18,100,F,T
85837,36,6,9.909617,2,0,25,380,F,F
85846,36,0,0,3,10,5,100,F,F
73234,48,0,0,3,10,34,100,F,F
42161,36,0,28.32,19,10,38,100,F,T
85953,36,5,12.618607,0,10,6,150,F,F
73384,36,0,0,3,9,10,100,F,F
73482,36,0,0,2,10,48,100,F,F
73532,48,0,0,3,10,9,400,F,F
85958,36,24,19.21843,3,11,28,820,F,F
86007,36,0,0,1,10,27,100,F,F
86296,36,3,9.982333,1,7,6,90,F,F
86398,0,0,0,3,10,4,0,F,F
86489,36,0,0,0,11,38,0,F,F
10844,0,0,33.29,19,8,3,200,F,T
86226,48,0,0,3,11,46,400,F,F
86227,48,0,0,1,11,1,200,F,F
73884,36,0,0,3,9,3,100,F,F
73916,36,3,9.032333,2,8,18,90,F,F
73982,36,0,0,2,6,47,0,T,F
73983,36,0,0,3,10,30,100,F,F
86580,0,0,0,3,11,52,0,F,F
86707,36,0,0,1,11,52,300,F,F
86378,36,4,9.58998,0,0,27,120,F,F
86410,48,1,8.115667,3,9,23,230,F,F
74234,36,0,0,2,9,41,0,F,F
86891,48,0,0,0,11,52,200,F,F
87000,36,0,0,1,10,6,300,F,F
86695,36,0,0,3,9,43,200,F,F
85046,36,0,0,0,8,32,100,F,F
86760,0,1,0,2,0,2,30,F,F
86828,48,3,10.442283,3,0,9,190,F,F
85382,0,0,0,3,10,35,0,F,F
85514,36,0,0,2,5,10,200,F,F
51033,36,4,28.29,27,0,13,120,F,T
25408,24,3,23.26,26,11,42,90,F,T
85684,36,0,0,1,6,18,0,F,F
86002,36,6,10.296303,1,0,39,180,F,F
86049,48,0,0,1,11,23,600,F,F
46797,0,0,28.28,27,10,33,200,F,T
86168,36,0,0,1,11,31,300,F,F
53444,36,0,27.33,24,10,18,400,F,T
86350,48,0,0,2,0,14,0,F,F
86634,48,0,0,3,11,22,200,F,F
41992,24,2,24.21,16,11,36,60,F,T
57960,48,4,9.183323,0,10,35,420,F,F
74381,48,0,0,1,10,7,600,F,F
88352,24,28,28.21,19,8,16,940,F,T
74433,36,2,11.43495,2,0,29,160,F,F
74488,48,0,0,0,9,6,0,F,F
74790,36,0,0,1,10,44,0,F,F
74924,36,0,0,3,11,11,400,T,F
75051,0,0,0,1,10,47,0,F,F
75056,36,3,7.55999,1,9,38,190,F,F
75081,36,0,0,0,10,29,100,T,F
75160,36,5,10.639323,1,9,7,150,F,F
75483,36,3,9.263,1,10,25,90,F,F
75510,48,23,29.62879,2,10,24,790,T,F
77693,36,2,8.398273,2,11,32,60,F,F
87009,36,0,0,0,10,8,100,F,F
77817,0,0,0,3,8,16,100,F,F
78051,36,0,0,2,8,21,0,F,F
77836,36,3,10.43498,2,11,26,90,F,F
44639,36,0,21.22,21,9,50,0,T,T
78080,36,0,0,1,0,26,100,F,F
74130,48,0,27.23,18,11,40,100,F,T
78122,36,2,11.13895,3,11,17,160,F,F
78153,36,1,8.449,1,7,48,230,F,F
78372,48,0,0,2,10,28,0,F,F
60975,36,5,25.22,22,7,40,150,F,T
78453,36,0,0,0,11,51,200,F,F
78455,48,0,0,0,11,31,0,F,F
78515,36,0,0,2,11,22,100,F,F
78579,36,0,0,0,9,49,700,F,F
78819,36,0,0,2,10,11,100,F,F
78571,36,2,7.552333,2,8,24,160,F,F
78946,48,0,0,2,11,4,100,F,F
79010,36,0,0,1,7,2,200,F,F
79026,0,0,0,1,7,42,100,T,F
78841,36,3,13.235647,3,8,20,190,F,F
78921,36,0,0,0,6,22,0,F,F
79246,36,0,0,3,11,11,0,F,F
79278,36,22,9.894657,1,10,37,860,F,F
79450,36,0,0,2,10,31,300,F,F
11565,48,0,30.25,20,11,2,100,F,T
8175,36,0,30.2,25,8,50,100,F,T
79125,48,5,10.382323,2,11,33,150,T,F
79155,36,2,8.689,0,9,43,60,F,F
79421,36,0,0,0,0,21,400,F,F
79426,36,0,0,0,9,46,200,F,F
79238,36,0,0,0,8,23,100,F,F
79241,36,0,0,0,11,33,0,F,F
79325,36,0,0,3,11,17,0,F,F
79389,36,0,0,3,8,30,0,F,F
95640,48,0,0,0,0,31,200,F,F
95722,36,0,0,1,11,2,100,F,F
79575,48,0,0,2,10,16,300,F,F
95790,36,0,0,0,9,46,300,F,F
96056,48,0,0,0,10,2,100,F,F
96133,36,6,10.675647,3,11,46,280,F,F
96176,48,0,0,3,10,40,0,F,F
96274,36,0,0,0,8,14,0,F,F
96599,36,0,0,3,9,25,200,F,F
96719,48,0,0,1,9,48,0,F,F
97262,36,2,9.486657,3,9,38,360,F,F
97412,48,4,10.983313,2,10,41,220,F,F
68390,36,0,0,3,8,9,0,F,F
68892,36,15,21.729851,1,11,48,450,F,F
68901,36,0,0,2,9,34,100,F,F
49321,12,0,20.2,20,7,8,0,T,T
68990,36,0,0,2,9,23,100,F,F
79754,48,0,0,0,11,47,300,F,F
79888,48,4,8.558,0,11,3,220,F,F
79904,36,3,13.01798,3,8,37,290,F,F
79922,36,0,0,2,11,8,0,F,F
80265,36,2,11.806617,2,11,15,60,F,F
80272,36,0,0,1,11,13,0,T,F
80347,36,0,0,2,9,2,0,F,F
80413,36,0,0,3,1,15,0,F,F
80506,36,0,0,0,8,34,0,F,F
80633,36,3,13.245657,0,0,18,290,F,F
80683,0,0,0,3,0,1,200,F,F
80817,48,2,11.035667,0,10,6,60,F,F
80840,48,0,0,3,8,31,0,F,F
97487,36,2,10.293323,2,9,36,60,F,F
97651,48,0,0,0,8,25,100,F,F
79584,0,9,0,1,10,8,570,F,F
79649,0,0,0,0,8,32,0,T,F
79650,36,1,11.539,3,8,21,230,F,F
90329,36,0,0,3,8,33,0,F,F
90402,48,5,8.525657,3,10,27,150,F,F
90471,0,10,0,2,9,41,700,F,F
90410,0,1,0,1,10,13,130,F,F
90499,48,15,15.037273,1,9,15,450,F,F
90444,36,34,17.063753,0,10,33,1120,F,F
90570,36,0,0,3,5,26,100,F,F
90751,48,3,10.545667,2,10,40,190,F,F
90679,48,2,8.735667,2,10,4,160,T,F
90820,0,0,0,2,0,4,0,F,F
90823,48,4,8.812333,0,11,40,120,F,F
90835,0,9,0,1,9,47,470,F,F
90851,36,0,0,0,9,47,100,F,F
91206,36,0,0,2,8,5,300,F,F
91257,48,5,13.02648,1,10,47,250,F,F
21353,48,0,26.25,18,9,16,200,F,T
91390,36,3,8.633323,2,0,24,190,F,F
91098,36,24,22.702538,1,10,39,920,F,F
91116,36,0,0,3,10,51,0,T,F
39040,12,0,32.29,16,10,13,100,F,T
91228,36,0,0,3,10,48,100,T,F
91451,36,4,8.316333,1,11,20,120,F,F
91423,36,0,0,1,10,19,0,F,F
91542,36,0,0,3,0,31,0,F,F
91299,36,3,8.928,2,9,10,190,F,F
91316,36,0,0,1,8,1,400,F,F
91487,36,0,0,0,0,31,100,T,F
91596,36,0,0,3,9,30,100,F,F
91762,36,5,9.989647,0,10,15,350,F,F
91828,36,0,0,2,6,43,200,T,F
91926,36,0,0,1,8,3,0,F,F
92010,36,5,10.375313,3,10,2,350,F,F
91784,48,0,0,1,8,16,400,F,F
91831,48,0,0,0,8,14,200,F,F
91896,48,0,0,3,9,37,0,F,F
92169,48,42,29.81078,0,1,32,1260,F,F
70478,48,0,0,2,10,29,0,F,F
70485,36,0,0,0,11,34,200,F,F
70555,36,0,0,0,10,30,0,F,F
70703,36,0,0,1,0,2,0,F,F
70714,36,0,0,2,11,11,0,F,F
70744,36,0,0,1,10,34,200,F,F
70914,48,23,27.906998,1,10,32,690,F,F
70996,36,0,0,3,11,11,100,F,F
71173,48,2,9.032323,1,11,49,160,F,F
42114,48,0,26.29,19,11,22,100,T,T
72282,48,2,8.699,3,0,7,60,F,F
75783,48,4,7.499,0,10,18,320,F,F
87132,36,0,0,1,11,48,200,F,F
11125,36,0,21.27,18,10,1,0,F,T
87268,48,0,0,0,10,24,100,F,F
87368,36,0,0,2,0,39,100,F,F
87222,0,0,0,2,9,49,0,F,F
87238,48,3,10.211333,2,10,51,290,F,F
87387,0,1,0,3,0,41,130,F,F
87775,36,2,11.492323,2,0,28,160,F,F
87866,48,0,0,1,8,3,100,F,F
75969,36,0,0,0,9,27,200,F,F
88043,36,0,0,3,10,9,400,F,F
88093,0,0,0,3,10,46,100,F,F
88154,36,0,0,3,8,47,300,T,F
88184,36,0,0,3,10,5,100,F,F
79075,12,0,32.31,24,9,15,500,F,T
88393,36,0,0,3,0,8,100,T,F
88411,48,7,11.999303,3,8,15,610,F,F
88513,48,4,8.032333,2,9,15,220,F,F
88520,48,2,7.462333,1,9,40,60,T,F
88707,36,0,0,2,11,41,100,F,F
88708,36,0,0,3,11,51,500,F,F
88742,0,0,0,2,11,37,100,F,F
88859,48,3,8.402333,3,8,18,190,F,F
88973,0,9,0,2,0,3,270,F,F
76210,0,0,0,1,9,28,0,F,F
76387,48,0,0,0,8,8,100,F,F
76430,36,2,7.736617,1,9,22,60,F,F
76485,36,5,8.342313,2,11,6,250,F,F
76678,36,41,20.807234,2,10,12,1230,F,F
76719,48,1,12.375667,3,11,13,30,F,F
